model,featset,train,test,seed,kind,variant,n_test,n_pos,roc_auc,pr_auc,tpr_at_fpr_0.001,tpr_at_fpr_0.01
xgb,full,phiusiil,phiusiil,42,within,raw,14924,8036,0.9991206094063357,0.9995193124876591,0.9976356396217023,0.998133399701344
xgb,full,phiusiil,mendeley_phishurl,42,cross,raw,60000,18933,0.9200329416995383,0.9079771432406638,0.5570696667194845,0.6493424180003169
xgb,full,phiusiil,mendeley_phishurl,42,cross,url_dedup,59776,18757,0.9207772261280287,0.9086341699476187,0.5599509516447193,0.6522364983739404
xgb,full,phiusiil,mendeley_phishurl,42,cross,domain_dedup,51556,13187,0.9458864762523234,0.9281321524569276,0.6900735572912717,0.7696215970273754
xgb,full,phiusiil,kaggle_malicious,42,cross,raw,60000,10831,0.20403827615336198,0.10942219017543046,0.0,0.0
xgb,full,phiusiil,kaggle_malicious,42,cross,url_dedup,59966,10829,0.20388659110433918,0.10945008157526995,0.0,0.0
xgb,full,phiusiil,kaggle_malicious,42,cross,domain_dedup,55591,9508,0.1948741216975743,0.10245462672868821,0.0,0.0
xgb,full,phiusiil,hannousse,42,cross,raw,11430,5715,0.671739103478207,0.641222118060766,0.0,0.020297462817147855
xgb,full,phiusiil,hannousse,42,cross,url_dedup,11367,5698,0.6700306470548135,0.6410181307315942,0.0,0.020358020358020357
xgb,full,phiusiil,hannousse,42,cross,domain_dedup,9512,4332,0.6898014952031573,0.6208125431859027,0.0046168051708217915,0.0221606648199446
xgb,full,phiusiil,ebbu2017,42,cross,raw,60000,30360,0.7039638607959545,0.6749990453267041,0.0,0.029677206851119894
xgb,full,phiusiil,ebbu2017,42,cross,url_dedup,59963,30360,0.7036680108045525,0.6750258217776042,0.0,0.029677206851119894
xgb,full,phiusiil,ebbu2017,42,cross,domain_dedup,57229,29934,0.7026786187351686,0.687378837997929,0.0,0.029865704550010023
xgb,full,phiusiil,phiusiil,43,within,raw,11624,4673,0.9978061865173854,0.9982899887876953,0.9948641129895143,0.9950781082816178
xgb,full,phiusiil,mendeley_phishurl,43,cross,raw,60000,18933,0.9176179776458944,0.9042111312192355,0.4221729255796757,0.6512438599271114
xgb,full,phiusiil,mendeley_phishurl,43,cross,url_dedup,59776,18757,0.9184583622809763,0.9049160208768953,0.4247480940448899,0.654102468411793
xgb,full,phiusiil,mendeley_phishurl,43,cross,domain_dedup,51556,13187,0.9423731563661241,0.9214508614005325,0.5445514521877607,0.7495260483809812
xgb,full,phiusiil,kaggle_malicious,43,cross,raw,60000,10831,0.2294224921716611,0.11326893621806297,0.0,0.0004616378912381128
xgb,full,phiusiil,kaggle_malicious,43,cross,url_dedup,59966,10829,0.22925503968559202,0.11329347595468352,0.0,0.00046172315079878105
xgb,full,phiusiil,kaggle_malicious,43,cross,domain_dedup,55591,9508,0.2187098702784191,0.1053283221791159,0.0,0.00021034917963819942
xgb,full,phiusiil,hannousse,43,cross,raw,11430,5715,0.6786228471222374,0.6376146138490952,0.0,0.01452318460192476
xgb,full,phiusiil,hannousse,43,cross,url_dedup,11367,5698,0.6768136096500887,0.6373018150986383,0.0,0.014566514566514567
xgb,full,phiusiil,hannousse,43,cross,domain_dedup,9512,4332,0.6940440316652228,0.6131826032412585,0.0,0.012465373961218837
xgb,full,phiusiil,ebbu2017,43,cross,raw,60000,30360,0.6865127345004347,0.6432072959750562,0.0,0.0008234519104084321
xgb,full,phiusiil,ebbu2017,43,cross,url_dedup,59963,30360,0.6861798738750841,0.643227889523551,0.0,0.0008234519104084321
xgb,full,phiusiil,ebbu2017,43,cross,domain_dedup,57229,29934,0.6875108091804536,0.6606722297509049,0.0,0.0007015433954700341
xgb,full,phiusiil,phiusiil,44,within,raw,13064,6168,0.9986100351225246,0.9990480281325501,0.9952983138780804,0.99594682230869
xgb,full,phiusiil,mendeley_phishurl,44,cross,raw,60000,18933,0.9292745374603533,0.9203322504607919,0.6536734801669043,0.7318966883219775
xgb,full,phiusiil,mendeley_phishurl,44,cross,url_dedup,59776,18757,0.9298239493697336,0.9208323616645273,0.6566615130351335,0.7345524337580637
xgb,full,phiusiil,mendeley_phishurl,44,cross,domain_dedup,51556,13187,0.9537398169044543,0.9390537901401116,0.7445211192841434,0.8140593008265716
xgb,full,phiusiil,kaggle_malicious,44,cross,raw,60000,10831,0.23654052896298328,0.11456441441145145,0.00018465515649524513,0.00018465515649524513
xgb,full,phiusiil,kaggle_malicious,44,cross,url_dedup,59966,10829,0.23641273329180726,0.11459422568647593,0.00018468926031951243,0.00018468926031951243
xgb,full,phiusiil,kaggle_malicious,44,cross,domain_dedup,55591,9508,0.22765468465557262,0.10661401186509513,0.00010517458981909971,0.00010517458981909971
xgb,full,phiusiil,hannousse,44,cross,raw,11430,5715,0.6778345270270787,0.6412761125493454,0.00017497812773403323,0.006649168853893263
xgb,full,phiusiil,hannousse,44,cross,url_dedup,11367,5698,0.6759792795248785,0.6409445192058418,0.0001755001755001755,0.006669006669006669
xgb,full,phiusiil,hannousse,44,cross,domain_dedup,9512,4332,0.6948802259917218,0.6162407618775049,0.00023084025854108956,0.00530932594644506
xgb,full,phiusiil,ebbu2017,44,cross,raw,60000,30360,0.7096779025068498,0.6656006841591638,9.881422924901186e-05,0.005303030303030303
xgb,full,phiusiil,ebbu2017,44,cross,url_dedup,59963,30360,0.7093958869941475,0.6656347955268718,9.881422924901186e-05,0.005303030303030303
xgb,full,phiusiil,ebbu2017,44,cross,domain_dedup,57229,29934,0.7099397510696213,0.680346337016016,0.00010022048506714773,0.005178058395135966
xgb,full,phiusiil,phiusiil,45,within,raw,12349,5519,0.9987616849764569,0.9991276517294334,0.995832578365646,0.9967385395905055
xgb,full,phiusiil,mendeley_phishurl,45,cross,raw,60000,18933,0.9282569418198386,0.9182932836059016,0.5716473881582422,0.7108751914646385
xgb,full,phiusiil,mendeley_phishurl,45,cross,url_dedup,59776,18757,0.9288817018588786,0.9188540647587649,0.574558831369622,0.7138135096230741
xgb,full,phiusiil,mendeley_phishurl,45,cross,domain_dedup,51556,13187,0.9526729060935808,0.9363029114010698,0.6927276863577766,0.7891104876014257
xgb,full,phiusiil,kaggle_malicious,45,cross,raw,60000,10831,0.23372504294385332,0.11326797648438018,0.0,0.001292586095466716
xgb,full,phiusiil,kaggle_malicious,45,cross,url_dedup,59966,10829,0.23355457236410557,0.11329268697381353,0.0,0.001292824822236587
xgb,full,phiusiil,kaggle_malicious,45,cross,domain_dedup,55591,9508,0.2292789077847875,0.10643902778451911,0.0,0.0011569204880100968
xgb,full,phiusiil,hannousse,45,cross,raw,11430,5715,0.6786280520709189,0.6484272742844259,0.0,0.03464566929133858
xgb,full,phiusiil,hannousse,45,cross,url_dedup,11367,5698,0.6769844661448119,0.6483623817382206,0.0,0.03474903474903475
xgb,full,phiusiil,hannousse,45,cross,domain_dedup,9512,4332,0.6965397134372204,0.6264418936441761,0.0043859649122807015,0.03831948291782087
xgb,full,phiusiil,ebbu2017,45,cross,raw,60000,30360,0.7163723509518704,0.6866229388944958,0.004281949934123847,0.021541501976284586
xgb,full,phiusiil,ebbu2017,45,cross,url_dedup,59963,30360,0.7161048979430341,0.686661187823335,0.004281949934123847,0.021541501976284586
xgb,full,phiusiil,ebbu2017,45,cross,domain_dedup,57229,29934,0.7160085601035228,0.6994830737164968,0.00424266720117592,0.02171443843121534
xgb,full,phiusiil,phiusiil,46,within,raw,12031,5169,0.9979114273323824,0.9984621471049554,0.9941961694718514,0.9945830915070614
xgb,full,phiusiil,mendeley_phishurl,46,cross,raw,60000,18933,0.9272194894939697,0.9187815761093695,0.6229863201816933,0.7405059948238525
xgb,full,phiusiil,mendeley_phishurl,46,cross,url_dedup,59776,18757,0.9279089244519796,0.9194480421284587,0.6266460521405341,0.7434557765101029
xgb,full,phiusiil,mendeley_phishurl,46,cross,domain_dedup,51556,13187,0.9583012264020465,0.9489884412518185,0.7913854553727155,0.8623644498369606
xgb,full,phiusiil,kaggle_malicious,46,cross,raw,60000,10831,0.17480781066037326,0.10693218245047552,0.0,0.00036931031299049027
xgb,full,phiusiil,kaggle_malicious,46,cross,url_dedup,59966,10829,0.17465614883937486,0.10696095096294264,0.0,0.00036937852063902485
xgb,full,phiusiil,kaggle_malicious,46,cross,domain_dedup,55591,9508,0.16609554625472242,0.10013513171993106,0.0,0.0003155237694572991
xgb,full,phiusiil,hannousse,46,cross,raw,11430,5715,0.666091091194528,0.6350066382895502,0.00017497812773403323,0.018022747156605425
xgb,full,phiusiil,hannousse,46,cross,url_dedup,11367,5698,0.6642353024871988,0.6346777253835432,0.0001755001755001755,0.018076518076518076
xgb,full,phiusiil,hannousse,46,cross,domain_dedup,9512,4332,0.6936215226900824,0.6236472643088268,0.00023084025854108956,0.019621421975992613
xgb,full,phiusiil,ebbu2017,46,cross,raw,60000,30360,0.7320679072230846,0.6896337703986245,0.00036231884057971015,0.00036231884057971015
xgb,full,phiusiil,ebbu2017,46,cross,url_dedup,59963,30360,0.731829446945185,0.6896779729590715,0.00036231884057971015,0.00036231884057971015
xgb,full,phiusiil,ebbu2017,46,cross,domain_dedup,57229,29934,0.7319651526696951,0.7036233469074668,0.000367475111912875,0.000367475111912875
xgb,full,mendeley_phishurl,mendeley_phishurl,42,within,raw,11979,3514,0.9968717821314522,0.9957211544529234,0.9618668184405236,0.985486624928856
xgb,full,mendeley_phishurl,phiusiil,42,cross,raw,60000,25603,0.9788342484844526,0.9843591945532341,0.9236808186540639,0.9486778893098465
xgb,full,mendeley_phishurl,phiusiil,42,cross,url_dedup,59773,25423,0.9786813393939321,0.9841942233500182,0.9234158045863982,0.9483145183495261
xgb,full,mendeley_phishurl,phiusiil,42,cross,domain_dedup,50234,16741,0.9706444789038785,0.9733846454874943,0.9069948031778269,0.9318439758676303
xgb,full,mendeley_phishurl,kaggle_malicious,42,cross,raw,60000,10831,0.2610619678072743,0.12294893418815525,0.0013849136737143384,0.008771119933524144
xgb,full,mendeley_phishurl,kaggle_malicious,42,cross,url_dedup,55381,10809,0.2599572376737548,0.13313946116694914,0.0013877324451845685,0.0087889721528356
xgb,full,mendeley_phishurl,kaggle_malicious,42,cross,domain_dedup,27817,8445,0.2524477657045803,0.20658845888456295,0.00023682652457075192,0.004736530491415038
xgb,full,mendeley_phishurl,hannousse,42,cross,raw,11430,5715,0.7860828857460185,0.7860615687513959,0.04181977252843395,0.13700787401574804
xgb,full,mendeley_phishurl,hannousse,42,cross,url_dedup,11261,5550,0.7843029651959788,0.7807559309042162,0.042702702702702704,0.1381981981981982
xgb,full,mendeley_phishurl,hannousse,42,cross,domain_dedup,7961,3946,0.7996166807315952,0.805818019402088,0.06411556006082109,0.15813482007095794
xgb,full,mendeley_phishurl,ebbu2017,42,cross,raw,60000,30360,0.8766616981734259,0.8626453377042796,0.03672595520421607,0.19262187088274044
xgb,full,mendeley_phishurl,ebbu2017,42,cross,url_dedup,56886,27260,0.8798273396754125,0.8546139926790767,0.03785766691122524,0.19867938371239913
xgb,full,mendeley_phishurl,ebbu2017,42,cross,domain_dedup,36481,18306,0.8644267113660467,0.8493483608226999,0.01873702611165738,0.1646454714301322
xgb,full,mendeley_phishurl,mendeley_phishurl,43,within,raw,12746,3709,0.9978707260612455,0.9972429297936849,0.9865192774332704,0.9905634942032893
xgb,full,mendeley_phishurl,phiusiil,43,cross,raw,60000,25603,0.9791573918482828,0.9845704437153283,0.9283287114791235,0.9484435417724485
xgb,full,mendeley_phishurl,phiusiil,43,cross,url_dedup,59773,25423,0.979007738124786,0.9844087591022946,0.9281359398969438,0.94811784604492
xgb,full,mendeley_phishurl,phiusiil,43,cross,domain_dedup,50234,16741,0.9709054845259073,0.9735486310924565,0.9100412161758556,0.9309479720446807
xgb,full,mendeley_phishurl,kaggle_malicious,43,cross,raw,60000,10831,0.23460173244122032,0.11590563397045543,0.000646293047733358,0.004062413442895393
xgb,full,mendeley_phishurl,kaggle_malicious,43,cross,url_dedup,55381,10809,0.2336885104778428,0.12569465635970883,0.0006476084744194652,0.004070681839208067
xgb,full,mendeley_phishurl,kaggle_malicious,43,cross,domain_dedup,27817,8445,0.23614691667684412,0.20237338862985912,0.0008288928359976317,0.004618117229129663
xgb,full,mendeley_phishurl,hannousse,43,cross,raw,11430,5715,0.786528735526607,0.780073742828523,0.03622047244094488,0.12248468941382328
xgb,full,mendeley_phishurl,hannousse,43,cross,url_dedup,11261,5550,0.7849052957702931,0.7748113746282739,0.036936936936936934,0.12396396396396396
xgb,full,mendeley_phishurl,hannousse,43,cross,domain_dedup,7961,3946,0.7993412942721763,0.8001189653747443,0.046122655854029394,0.15078560567663457
xgb,full,mendeley_phishurl,ebbu2017,43,cross,raw,60000,30360,0.8711348973141022,0.8534593195329759,0.02378129117259552,0.1834650856389987
xgb,full,mendeley_phishurl,ebbu2017,43,cross,url_dedup,56886,27260,0.8744795833050811,0.8448517737854039,0.024284666177549524,0.18943506969919297
xgb,full,mendeley_phishurl,ebbu2017,43,cross,domain_dedup,36481,18306,0.8591506486624826,0.8396914802499806,0.014803889435157872,0.14962307440183548
xgb,full,mendeley_phishurl,mendeley_phishurl,44,within,raw,10675,3893,0.9946434454297701,0.9928916227091328,0.9003339326997174,0.925764192139738
xgb,full,mendeley_phishurl,phiusiil,44,cross,raw,60000,25603,0.9786396816180987,0.9842528071369692,0.9266882787173378,0.9480920204663515
xgb,full,mendeley_phishurl,phiusiil,44,cross,url_dedup,59773,25423,0.9784853020517301,0.9840869655815969,0.9264052236164103,0.9477245014357079
xgb,full,mendeley_phishurl,phiusiil,44,cross,domain_dedup,50234,16741,0.970203642954168,0.9731135347478956,0.908308942118153,0.9305895705155008
xgb,full,mendeley_phishurl,kaggle_malicious,44,cross,raw,60000,10831,0.24602944516480846,0.11711986144359976,0.0010156033607238483,0.002954482503923922
xgb,full,mendeley_phishurl,kaggle_malicious,44,cross,url_dedup,55381,10809,0.24532343215770072,0.12714164601295022,0.0010176704598020168,0.0029604958830604126
xgb,full,mendeley_phishurl,kaggle_malicious,44,cross,domain_dedup,27817,8445,0.23790088103330304,0.20390149627025775,0.0011841326228537595,0.003433984606275903
xgb,full,mendeley_phishurl,hannousse,44,cross,raw,11430,5715,0.7875512476950879,0.7856943850108886,0.05231846019247594,0.1347331583552056
xgb,full,mendeley_phishurl,hannousse,44,cross,url_dedup,11261,5550,0.7858766155404222,0.780472724065864,0.05315315315315315,0.13495495495495496
xgb,full,mendeley_phishurl,hannousse,44,cross,domain_dedup,7961,3946,0.7984973354482273,0.801285786533331,0.05828687278256462,0.1500253421186011
xgb,full,mendeley_phishurl,ebbu2017,44,cross,raw,60000,30360,0.8761734567555506,0.8622561150210826,0.02756916996047431,0.19430171277997366
xgb,full,mendeley_phishurl,ebbu2017,44,cross,url_dedup,56886,27260,0.8796117113029398,0.8543835926644873,0.02817314746881878,0.20047688921496698
xgb,full,mendeley_phishurl,ebbu2017,44,cross,domain_dedup,36481,18306,0.863266132480222,0.8472304002276035,0.01824538402709494,0.1628974106850213
xgb,full,mendeley_phishurl,mendeley_phishurl,45,within,raw,13399,3390,0.9948043958077848,0.9930485939036645,0.9227138643067847,0.984070796460177
xgb,full,mendeley_phishurl,phiusiil,45,cross,raw,60000,25603,0.9787623472507423,0.9842243742969274,0.9236027028082646,0.9469593407022614
xgb,full,mendeley_phishurl,phiusiil,45,cross,url_dedup,59773,25423,0.9786093166791112,0.9840582068665016,0.9233371356645557,0.9465838020689926
xgb,full,mendeley_phishurl,phiusiil,45,cross,domain_dedup,50234,16741,0.9702883735856921,0.9729285032965286,0.909981482587659,0.9290364972223881
xgb,full,mendeley_phishurl,kaggle_malicious,45,cross,raw,60000,10831,0.25152647283137974,0.11883615779805977,0.000646293047733358,0.00683224079032407
xgb,full,mendeley_phishurl,kaggle_malicious,45,cross,url_dedup,55381,10809,0.2508079798073617,0.12902004105709988,0.0006476084744194652,0.006846146729577204
xgb,full,mendeley_phishurl,kaggle_malicious,45,cross,domain_dedup,27817,8445,0.2524806575982597,0.20760803218385152,0.0005920663114268798,0.00615748963883955
xgb,full,mendeley_phishurl,hannousse,45,cross,raw,11430,5715,0.7863545381411751,0.782246170730121,0.04969378827646544,0.12878390201224846
xgb,full,mendeley_phishurl,hannousse,45,cross,url_dedup,11261,5550,0.7845922441439863,0.7768820068616671,0.05045045045045045,0.12990990990990992
xgb,full,mendeley_phishurl,hannousse,45,cross,domain_dedup,7961,3946,0.7996068973483244,0.7999085571626643,0.06056766345666498,0.1424227065382666
xgb,full,mendeley_phishurl,ebbu2017,45,cross,raw,60000,30360,0.8734092570441256,0.8563520935623157,0.019696969696969695,0.17783267457180502
xgb,full,mendeley_phishurl,ebbu2017,45,cross,url_dedup,56886,27260,0.8764610160296726,0.8476794504483863,0.020432868672046956,0.18316214233308878
xgb,full,mendeley_phishurl,ebbu2017,45,cross,domain_dedup,36481,18306,0.8615824337928755,0.8415789016976233,0.00983284169124877,0.1521905386212171
xgb,full,mendeley_phishurl,mendeley_phishurl,46,within,raw,10950,3747,0.9969923460634397,0.9960189457282259,0.9047237790232185,0.970643181211636
xgb,full,mendeley_phishurl,phiusiil,46,cross,raw,60000,25603,0.9790680265667138,0.9844525711190181,0.9305550130844041,0.9478967308518533
xgb,full,mendeley_phishurl,phiusiil,46,cross,url_dedup,59773,25423,0.9789167627269167,0.984288856601476,0.9303780041694528,0.9475278291311018
xgb,full,mendeley_phishurl,phiusiil,46,cross,domain_dedup,50234,16741,0.9708503469266272,0.9734388920899633,0.915178304760767,0.9309479720446807
xgb,full,mendeley_phishurl,kaggle_malicious,46,cross,raw,60000,10831,0.2293812002306888,0.11537964438269836,0.0,0.006370602899085957
xgb,full,mendeley_phishurl,kaggle_malicious,46,cross,url_dedup,55381,10809,0.22885133156599924,0.1252405458966392,0.0,0.006383569247849014
xgb,full,mendeley_phishurl,kaggle_malicious,46,cross,domain_dedup,27817,8445,0.23216052429959702,0.2014112220322602,0.0,0.004262877442273535
xgb,full,mendeley_phishurl,hannousse,46,cross,raw,11430,5715,0.7886895240457148,0.7822824800410175,0.03447069116360455,0.1221347331583552
xgb,full,mendeley_phishurl,hannousse,46,cross,url_dedup,11261,5550,0.7869788664518134,0.7768298585438305,0.034594594594594595,0.12288288288288288
xgb,full,mendeley_phishurl,hannousse,46,cross,domain_dedup,7961,3946,0.8009227939575301,0.8004689280546442,0.0451089711099848,0.1439432336543335
xgb,full,mendeley_phishurl,ebbu2017,46,cross,raw,60000,30360,0.8757628492947429,0.8583644399395889,0.023221343873517788,0.1784584980237154
xgb,full,mendeley_phishurl,ebbu2017,46,cross,url_dedup,56886,27260,0.8788452169350761,0.8496852533368447,0.02351430667644901,0.1829787234042553
xgb,full,mendeley_phishurl,ebbu2017,46,cross,domain_dedup,36481,18306,0.8615568786235405,0.8405346475605897,0.024090462143559487,0.14465202665792637
xgb,full,kaggle_malicious,kaggle_malicious,42,within,raw,12523,2109,0.946549798967597,0.8581500929322804,0.35135135135135137,0.5737316263632053
xgb,full,kaggle_malicious,phiusiil,42,cross,raw,60000,25603,0.40241395393502644,0.46896860100898835,0.009452017341717767,0.050501894309260636
xgb,full,kaggle_malicious,phiusiil,42,cross,url_dedup,59966,25601,0.4024634880627008,0.46920749675227874,0.009452755751728449,0.050505839615640015
xgb,full,kaggle_malicious,phiusiil,42,cross,domain_dedup,52752,19367,0.3201356240884408,0.3701937925570747,0.014664119378323954,0.05246037073372231
xgb,full,kaggle_malicious,mendeley_phishurl,42,cross,raw,60000,18933,0.19731658330929444,0.21484205453732136,0.0017958062641947922,0.009771298790471663
xgb,full,kaggle_malicious,mendeley_phishurl,42,cross,url_dedup,55379,18909,0.1975156864832378,0.2349806197573701,0.0017980855677190756,0.009783700883177322
xgb,full,kaggle_malicious,mendeley_phishurl,42,cross,domain_dedup,28121,15987,0.17768304752803674,0.4342745768376778,0.003252642772252455,0.013573528491899668
xgb,full,kaggle_malicious,hannousse,42,cross,raw,11430,5715,0.4507694062301705,0.49341018646135476,0.004549431321084864,0.028346456692913385
xgb,full,kaggle_malicious,hannousse,42,cross,url_dedup,11033,5320,0.4455421384285148,0.4728941173986928,0.004135338345864661,0.02725563909774436
xgb,full,kaggle_malicious,hannousse,42,cross,domain_dedup,7697,3663,0.4089358998878087,0.4369360337635645,0.003822003822003822,0.017472017472017473
xgb,full,kaggle_malicious,ebbu2017,42,cross,raw,60000,30360,0.29437896279286435,0.37448466730449753,3.293807641633728e-05,0.000691699604743083
xgb,full,kaggle_malicious,ebbu2017,42,cross,url_dedup,59950,30325,0.2944092477763748,0.3743523234892987,3.2976092333058534e-05,0.0006924979389942292
xgb,full,kaggle_malicious,ebbu2017,42,cross,domain_dedup,46489,28616,0.34362159298824446,0.4953500349030149,0.0003145093653899916,0.00174727425216662
xgb,full,kaggle_malicious,kaggle_malicious,43,within,raw,13894,1917,0.9559242808845627,0.8764256548886014,0.4157537819509651,0.6890975482524778
xgb,full,kaggle_malicious,phiusiil,43,cross,raw,60000,25603,0.39674445405286285,0.4841707458363954,0.017966644533843692,0.09245010350349568
xgb,full,kaggle_malicious,phiusiil,43,cross,url_dedup,59966,25601,0.39679507122228447,0.4843660945102087,0.01796804812312019,0.09245732588570758
xgb,full,kaggle_malicious,phiusiil,43,cross,domain_dedup,52752,19367,0.3156233474506316,0.3822556536117401,0.021841276397996594,0.07574740538028606
xgb,full,kaggle_malicious,mendeley_phishurl,43,cross,raw,60000,18933,0.19112391219745944,0.2134531378043935,0.0020598954206940264,0.011038926741667987
xgb,full,kaggle_malicious,mendeley_phishurl,43,cross,url_dedup,55379,18909,0.19130173895224994,0.23374977000333763,0.00216827965519065,0.011105822624147232
xgb,full,kaggle_malicious,mendeley_phishurl,43,cross,domain_dedup,28121,15987,0.1716501356503304,0.4254752760341251,0.0034402952398824046,0.011634452993056859
xgb,full,kaggle_malicious,hannousse,43,cross,raw,11430,5715,0.45075480175651705,0.4917953572717994,0.004549431321084864,0.02047244094488189
xgb,full,kaggle_malicious,hannousse,43,cross,url_dedup,11033,5320,0.4456001613520937,0.4716498930488147,0.004135338345864661,0.020112781954887218
xgb,full,kaggle_malicious,hannousse,43,cross,domain_dedup,7697,3663,0.4087574751927751,0.43925128311558786,0.004368004368004368,0.017745017745017744
xgb,full,kaggle_malicious,ebbu2017,43,cross,raw,60000,30360,0.2928082143828711,0.37396928764517373,3.293807641633728e-05,0.0005270092226613965
xgb,full,kaggle_malicious,ebbu2017,43,cross,url_dedup,59950,30325,0.2928390993491744,0.37383731159386535,3.2976092333058534e-05,0.0005276174773289365
xgb,full,kaggle_malicious,ebbu2017,43,cross,domain_dedup,46489,28616,0.34125892098227734,0.4946260746622052,0.0002096729102599944,0.0022365110427732737
xgb,full,kaggle_malicious,kaggle_malicious,44,within,raw,9851,1934,0.9483815344279631,0.8838292001414588,0.34953464322647365,0.6240951396070321
xgb,full,kaggle_malicious,phiusiil,44,cross,raw,60000,25603,0.4614561117048465,0.5572593361148512,0.02585634495957505,0.14322540327305394
xgb,full,kaggle_malicious,phiusiil,44,cross,url_dedup,59966,25601,0.46150372372478154,0.5574593370951049,0.025858364907620796,0.14323659232061248
xgb,full,kaggle_malicious,phiusiil,44,cross,domain_dedup,52752,19367,0.372295099615269,0.45397316975920554,0.032477926369597766,0.13843135230030465
xgb,full,kaggle_malicious,mendeley_phishurl,44,cross,raw,60000,18933,0.18848492218757407,0.21169468007288594,0.0020598954206940264,0.008714942164474727
xgb,full,kaggle_malicious,mendeley_phishurl,44,cross,url_dedup,55379,18909,0.1887111974670134,0.2317572666511033,0.0021153947855518536,0.008990427838595378
xgb,full,kaggle_malicious,mendeley_phishurl,44,cross,domain_dedup,28121,15987,0.1680146229739634,0.42478367228498004,0.002376931256646025,0.012072308750860074
xgb,full,kaggle_malicious,hannousse,44,cross,raw,11430,5715,0.44837283353579055,0.48778180442346264,0.0026246719160104987,0.02204724409448819
xgb,full,kaggle_malicious,hannousse,44,cross,url_dedup,11033,5320,0.44337609185751004,0.4675193448927518,0.002443609022556391,0.021052631578947368
xgb,full,kaggle_malicious,hannousse,44,cross,domain_dedup,7697,3663,0.40623235801718705,0.43003084036092115,0.002184002184002184,0.013377013377013377
xgb,full,kaggle_malicious,ebbu2017,44,cross,raw,60000,30360,0.29696017170917055,0.37559950633269057,0.0001976284584980237,0.0015480895915678525
xgb,full,kaggle_malicious,ebbu2017,44,cross,url_dedup,59950,30325,0.29699687255853424,0.3754688300626094,0.0001978565539983512,0.001549876339653751
xgb,full,kaggle_malicious,ebbu2017,44,cross,domain_dedup,46489,28616,0.34663294825897145,0.497503589805388,0.0005591277606933184,0.0027257478333799273
xgb,full,kaggle_malicious,kaggle_malicious,45,within,raw,12371,1941,0.9305029284308977,0.8384608780255811,0.3930963420917053,0.5940236991241628
xgb,full,kaggle_malicious,phiusiil,45,cross,raw,60000,25603,0.4385914938361716,0.540108334180234,0.02589540288247471,0.13517947115572393
xgb,full,kaggle_malicious,phiusiil,45,cross,url_dedup,59966,25601,0.4386217095711372,0.5402739671465111,0.02589742588180149,0.13519003163938909
xgb,full,kaggle_malicious,phiusiil,45,cross,domain_dedup,52752,19367,0.3497374159637938,0.434225660071875,0.02819228584705943,0.12645221252646255
xgb,full,kaggle_malicious,mendeley_phishurl,45,cross,raw,60000,18933,0.20867821494909097,0.22371643996421003,0.0020070775893941796,0.012042465536365076
xgb,full,kaggle_malicious,mendeley_phishurl,45,cross,url_dedup,55379,18909,0.20883830154564043,0.24455761675418025,0.002009625046274261,0.012216404886561954
xgb,full,kaggle_malicious,mendeley_phishurl,45,cross,domain_dedup,28121,15987,0.1840782273350517,0.44201268525584403,0.0025020329017326577,0.017326577844498654
xgb,full,kaggle_malicious,hannousse,45,cross,raw,11430,5715,0.45295923530118665,0.4972922584638391,0.0033245844269466315,0.02537182852143482
xgb,full,kaggle_malicious,hannousse,45,cross,url_dedup,11033,5320,0.4473731589607661,0.4763253468329526,0.002819548872180451,0.02387218045112782
xgb,full,kaggle_malicious,hannousse,45,cross,domain_dedup,7697,3663,0.40787604434109137,0.4343241597381678,0.004914004914004914,0.015288015288015287
xgb,full,kaggle_malicious,ebbu2017,45,cross,raw,60000,30360,0.29485797732651275,0.3753824876359446,9.881422924901186e-05,0.0023386034255599474
xgb,full,kaggle_malicious,ebbu2017,45,cross,url_dedup,59950,30325,0.2948853490839395,0.3752484700821408,9.89282769991756e-05,0.002341302555647156
xgb,full,kaggle_malicious,ebbu2017,45,cross,domain_dedup,46489,28616,0.3442931375568632,0.49779773200119926,0.0004193458205199888,0.00436818563041655
xgb,full,kaggle_malicious,kaggle_malicious,46,within,raw,10545,2082,0.9616668670075754,0.9000760938175021,0.32372718539865514,0.6027857829010567
xgb,full,kaggle_malicious,phiusiil,46,cross,raw,60000,25603,0.31120543692918107,0.3994481504487359,0.009100496035620825,0.042885599343826894
xgb,full,kaggle_malicious,phiusiil,46,cross,url_dedup,59966,25601,0.3112283324903085,0.3996238647610375,0.009101206984102184,0.04288894965040428
xgb,full,kaggle_malicious,phiusiil,46,cross,domain_dedup,52752,19367,0.24937706832202206,0.3249735461877963,0.012702018898125677,0.05385449475912635
xgb,full,kaggle_malicious,mendeley_phishurl,46,cross,raw,60000,18933,0.17606278998498345,0.20722723460796538,0.0035916125283895844,0.009560027465272276
xgb,full,kaggle_malicious,mendeley_phishurl,46,cross,url_dedup,55379,18909,0.17621793659015675,0.22691470594540492,0.0037019408747157438,0.009572161404622137
xgb,full,kaggle_malicious,mendeley_phishurl,46,cross,domain_dedup,28121,15987,0.16174475101220825,0.41694457377619404,0.0038781509976856194,0.011697003815600175
xgb,full,kaggle_malicious,hannousse,46,cross,raw,11430,5715,0.4503655022124859,0.48885965207908666,0.004899387576552931,0.02047244094488189
xgb,full,kaggle_malicious,hannousse,46,cross,url_dedup,11033,5320,0.4448183736077459,0.46850898124136486,0.004699248120300752,0.02048872180451128
xgb,full,kaggle_malicious,hannousse,46,cross,domain_dedup,7697,3663,0.4067206996061731,0.43409948327140113,0.005187005187005187,0.014742014742014743
xgb,full,kaggle_malicious,ebbu2017,46,cross,raw,60000,30360,0.29667032497124035,0.37525767851890457,6.587615283267457e-05,0.000691699604743083
xgb,full,kaggle_malicious,ebbu2017,46,cross,url_dedup,59950,30325,0.29670097098590864,0.37512424460787896,6.595218466611707e-05,0.0006924979389942292
xgb,full,kaggle_malicious,ebbu2017,46,cross,domain_dedup,46489,28616,0.3444486393929549,0.49588448056972395,0.0004193458205199888,0.001817165222253285
xgb,full,hannousse,hannousse,42,within,raw,1939,907,0.943670781945762,0.9385754359773066,0.20507166482910694,0.48401323042998895
xgb,full,hannousse,phiusiil,42,cross,raw,60000,25603,0.8664665431748038,0.8776644149960888,0.23321485763387104,0.49103620669452797
xgb,full,hannousse,phiusiil,42,cross,url_dedup,59936,25585,0.8663569137306244,0.8776050514559557,0.23326167676372875,0.4909126441274184
xgb,full,hannousse,phiusiil,42,cross,domain_dedup,53925,19850,0.834299715954767,0.8216058138380143,0.20221662468513854,0.4247858942065491
xgb,full,hannousse,mendeley_phishurl,42,cross,raw,60000,18933,0.9389462300034037,0.878417188802519,0.1502139122167644,0.37162626102572227
xgb,full,hannousse,mendeley_phishurl,42,cross,url_dedup,59839,18776,0.9387168454645034,0.8773825041104819,0.1504047720494248,0.3715913932680017
xgb,full,hannousse,mendeley_phishurl,42,cross,domain_dedup,46321,16337,0.9353490384931338,0.8884249243333444,0.13613270490298096,0.35557323866070883
xgb,full,hannousse,kaggle_malicious,42,cross,raw,60000,10831,0.5420615709258122,0.20574443960762598,0.0011079309389714707,0.011356292124457575
xgb,full,hannousse,kaggle_malicious,42,cross,url_dedup,59648,10482,0.5317970345244192,0.19422183421446138,0.0009540164090822362,0.010875787063537493
xgb,full,hannousse,kaggle_malicious,42,cross,domain_dedup,45927,8736,0.49542554519817167,0.192975502603151,0.0004578754578754579,0.008585164835164836
xgb,full,hannousse,ebbu2017,42,cross,raw,60000,30360,0.9703160455105535,0.9707054888340829,0.35632411067193676,0.5932147562582345
xgb,full,hannousse,ebbu2017,42,cross,url_dedup,54857,29276,0.9662829689632025,0.9700039613212961,0.34512911599945345,0.5721068451974314
xgb,full,hannousse,ebbu2017,42,cross,domain_dedup,42403,27806,0.9509189360328411,0.9725872723010898,0.3019851830540171,0.5190606343954542
xgb,full,hannousse,hannousse,43,within,raw,2229,1037,0.9312760091383896,0.9291303349013891,0.3162970106075217,0.47058823529411764
xgb,full,hannousse,phiusiil,43,cross,raw,60000,25603,0.8749982511822687,0.8822228072241732,0.23091044018279108,0.4979885169706675
xgb,full,hannousse,phiusiil,43,cross,url_dedup,59936,25585,0.8748977896722387,0.8821685707491589,0.23103380887238617,0.49775258940785616
xgb,full,hannousse,phiusiil,43,cross,domain_dedup,53925,19850,0.8452043384813837,0.8275861549038789,0.19229219143576826,0.42916876574307306
xgb,full,hannousse,mendeley_phishurl,43,cross,raw,60000,18933,0.9407280565900639,0.8841371419023627,0.14583003221887708,0.3826651877673903
xgb,full,hannousse,mendeley_phishurl,43,cross,url_dedup,59839,18776,0.9405025406469848,0.8831453210310358,0.14593097571367702,0.38272262462718365
xgb,full,hannousse,mendeley_phishurl,43,cross,domain_dedup,46321,16337,0.9370416767623028,0.8925722603683728,0.13576544041133623,0.3636530574768929
xgb,full,hannousse,kaggle_malicious,43,cross,raw,60000,10831,0.5423447493294609,0.2056873736830625,0.0013849136737143384,0.009509740559505124
xgb,full,hannousse,kaggle_malicious,43,cross,url_dedup,59648,10482,0.532181124798347,0.1941940638320465,0.0012402213318069072,0.009253959168097691
xgb,full,hannousse,kaggle_malicious,43,cross,domain_dedup,45927,8736,0.4959304057989728,0.19350136709078258,0.0005723443223443224,0.007554945054945055
xgb,full,hannousse,ebbu2017,43,cross,raw,60000,30360,0.9700332247843688,0.9705418739782284,0.35579710144927534,0.5972002635046113
xgb,full,hannousse,ebbu2017,43,cross,url_dedup,54857,29276,0.9659640552013615,0.9698315227840353,0.3294165869654324,0.5848476567837136
xgb,full,hannousse,ebbu2017,43,cross,domain_dedup,42403,27806,0.9503460164407196,0.972374073716629,0.29540386966841686,0.5125152844709775
xgb,full,hannousse,hannousse,44,within,raw,2670,1384,0.9276411600248116,0.9331145706734154,0.2810693641618497,0.4197976878612717
xgb,full,hannousse,phiusiil,44,cross,raw,60000,25603,0.8592796503119874,0.8741491866503583,0.23141819318048668,0.5104479943756591
xgb,full,hannousse,phiusiil,44,cross,url_dedup,59936,25585,0.8591657721613736,0.8740878149821969,0.23146374829001368,0.5102990033222591
xgb,full,hannousse,phiusiil,44,cross,domain_dedup,53925,19850,0.8250051253809293,0.8162648397936789,0.19818639798488666,0.43380352644836273
xgb,full,hannousse,mendeley_phishurl,44,cross,raw,60000,18933,0.9383773582825028,0.8774371428258649,0.13436856282681034,0.3772777689748059
xgb,full,hannousse,mendeley_phishurl,44,cross,url_dedup,59839,18776,0.9381378122039522,0.8763909691879392,0.1345867064337452,0.37750319556881123
xgb,full,hannousse,mendeley_phishurl,44,cross,domain_dedup,46321,16337,0.9339618670509726,0.8856618658825738,0.11923853828732325,0.3502479035318602
xgb,full,hannousse,kaggle_malicious,44,cross,raw,60000,10831,0.5398027243063155,0.2063228507468412,0.000646293047733358,0.011910257593943312
xgb,full,hannousse,kaggle_malicious,44,cross,url_dedup,59648,10482,0.5294461658626548,0.1947303811534905,0.0005724098454493417,0.011448196908986834
xgb,full,hannousse,kaggle_malicious,44,cross,domain_dedup,45927,8736,0.49226964282143965,0.19263892825784412,0.00034340659340659343,0.008814102564102564
xgb,full,hannousse,ebbu2017,44,cross,raw,60000,30360,0.9700647432119115,0.9704088410750542,0.34199604743083006,0.5987483530961791
xgb,full,hannousse,ebbu2017,44,cross,url_dedup,54857,29276,0.9659834941359712,0.9696941258714379,0.3276062303593387,0.5710479573712256
xgb,full,hannousse,ebbu2017,44,cross,domain_dedup,42403,27806,0.9504050702325719,0.9722428722755934,0.2872401639933827,0.5042796518736963
xgb,full,hannousse,hannousse,45,within,raw,2161,824,0.9432861209344207,0.9200890525778316,0.3191747572815534,0.46359223300970875
xgb,full,hannousse,phiusiil,45,cross,raw,60000,25603,0.8607477005444165,0.8724226900524966,0.20411670507362417,0.48029527789712145
xgb,full,hannousse,phiusiil,45,cross,url_dedup,59936,25585,0.8606434844566689,0.8723690936565667,0.20414305256986515,0.4801641586867305
xgb,full,hannousse,phiusiil,45,cross,domain_dedup,53925,19850,0.8274613415731709,0.8145020103535435,0.17209068010075568,0.4127455919395466
xgb,full,hannousse,mendeley_phishurl,45,cross,raw,60000,18933,0.9396092489587725,0.8810438167068323,0.15570696667194844,0.3809750171657952
xgb,full,hannousse,mendeley_phishurl,45,cross,url_dedup,59839,18776,0.9393916551277828,0.8800550663751826,0.1559970174691095,0.381071580741372
xgb,full,hannousse,mendeley_phishurl,45,cross,domain_dedup,46321,16337,0.9357863133909324,0.8906104570092785,0.14262104425537125,0.3632245822366408
xgb,full,hannousse,kaggle_malicious,45,cross,raw,60000,10831,0.5386333023627503,0.20465986426732352,0.0011079309389714707,0.01043301634198135
xgb,full,hannousse,kaggle_malicious,45,cross,url_dedup,59648,10482,0.5282626284269352,0.19306026615467847,0.0009540164090822362,0.009921770654455257
xgb,full,hannousse,kaggle_malicious,45,cross,domain_dedup,45927,8736,0.49111247497449806,0.19209853670880678,0.0008012820512820513,0.007783882783882784
xgb,full,hannousse,ebbu2017,45,cross,raw,60000,30360,0.9697606277526185,0.9702133066871927,0.33306982872200264,0.5973978919631093
xgb,full,hannousse,ebbu2017,45,cross,url_dedup,54857,29276,0.9656879116355971,0.9695115708823063,0.3127134854488318,0.5779819647492827
xgb,full,hannousse,ebbu2017,45,cross,domain_dedup,42403,27806,0.9502976196298284,0.9721957271227174,0.2748687333668992,0.5025174422786449
xgb,full,hannousse,hannousse,46,within,raw,1923,910,0.9578957074514824,0.9553032872428842,0.4010989010989011,0.5835164835164836
xgb,full,hannousse,phiusiil,46,cross,raw,60000,25603,0.875934298598662,0.8834110976386058,0.21446705464203414,0.4952544623676913
xgb,full,hannousse,phiusiil,46,cross,url_dedup,59936,25585,0.8758363894487348,0.883358366456584,0.21453976939613054,0.4950947820988861
xgb,full,hannousse,phiusiil,46,cross,domain_dedup,53925,19850,0.8462965276994924,0.8295308791526533,0.1673551637279597,0.41622166246851383
xgb,full,hannousse,mendeley_phishurl,46,cross,raw,60000,18933,0.9375407119765204,0.873467017995799,0.12253736861564464,0.3570485395869646
xgb,full,hannousse,mendeley_phishurl,46,cross,url_dedup,59839,18776,0.9373146722359474,0.8724051672938764,0.12276310183212612,0.35705155517682147
xgb,full,hannousse,mendeley_phishurl,46,cross,domain_dedup,46321,16337,0.933847701165663,0.8844633714775257,0.10889392177266329,0.3413111342351717
xgb,full,hannousse,kaggle_malicious,46,cross,raw,60000,10831,0.5466041181953061,0.20904875433880185,0.0007386206259809805,0.010063706028990859
xgb,full,hannousse,kaggle_malicious,46,cross,url_dedup,59648,10482,0.5364051408208241,0.19741535172330948,0.0005724098454493417,0.009635565731730586
xgb,full,hannousse,kaggle_malicious,46,cross,domain_dedup,45927,8736,0.49674435326331956,0.19474246869383038,0.0004578754578754579,0.007326007326007326
xgb,full,hannousse,ebbu2017,46,cross,raw,60000,30360,0.9702423904597817,0.9707343512232683,0.3494071146245059,0.6021080368906456
xgb,full,hannousse,ebbu2017,46,cross,url_dedup,54857,29276,0.966183290678505,0.9700211192315056,0.3372045361388168,0.5839253996447602
xgb,full,hannousse,ebbu2017,46,cross,domain_dedup,42403,27806,0.9509812259695305,0.9727110645017503,0.292958354312019,0.524167445874991
xgb,full,ebbu2017,ebbu2017,42,within,raw,11279,5871,0.9740120964897162,0.9774405165254064,0.46618974621018566,0.7129960824391075
xgb,full,ebbu2017,phiusiil,42,cross,raw,60000,25603,0.6887086167910772,0.7476572285179114,0.1644338554075694,0.3104714291293989
xgb,full,ebbu2017,phiusiil,42,cross,url_dedup,59970,25601,0.6886378323606708,0.7476867425945062,0.16444670130073044,0.3104566227881723
xgb,full,ebbu2017,phiusiil,42,cross,domain_dedup,57759,24235,0.6970307720999489,0.7510429097682748,0.17218898287600579,0.3191664947390138
xgb,full,ebbu2017,mendeley_phishurl,42,cross,raw,60000,18933,0.9574574612637308,0.9266022481068035,0.367929012834733,0.5765066286378281
xgb,full,ebbu2017,mendeley_phishurl,42,cross,url_dedup,58479,17422,0.9539572896305809,0.9146173600874804,0.33756170359315807,0.5435082080128573
xgb,full,ebbu2017,mendeley_phishurl,42,cross,domain_dedup,40743,14899,0.953112175196392,0.9308804236434536,0.344922478018659,0.5268809987247466
xgb,full,ebbu2017,kaggle_malicious,42,cross,raw,60000,10831,0.6649457394320906,0.29635713132766295,0.0024005170344381867,0.010617671498476595
xgb,full,ebbu2017,kaggle_malicious,42,cross,url_dedup,59967,10805,0.664753274129383,0.2957616142461625,0.0024062933826931978,0.01064322073114299
xgb,full,ebbu2017,kaggle_malicious,42,cross,domain_dedup,40491,8094,0.6776285995938744,0.31623037003398907,0.0016061279960464542,0.010378057820607857
xgb,full,ebbu2017,hannousse,42,cross,raw,11430,5715,0.8875559933835916,0.8783235131456344,0.09396325459317585,0.18512685914260718
xgb,full,ebbu2017,hannousse,42,cross,url_dedup,7982,5177,0.8229210717774387,0.8812907250509224,0.0878887386517288,0.14293992659841606
xgb,full,ebbu2017,hannousse,42,cross,domain_dedup,6546,4429,0.8308721887444083,0.8977464889342583,0.10115150146759991,0.15375931361481146
xgb,full,ebbu2017,ebbu2017,43,within,raw,11844,5990,0.9799420997186404,0.9807566443588043,0.4646076794657763,0.6981636060100167
xgb,full,ebbu2017,phiusiil,43,cross,raw,60000,25603,0.7045966921655809,0.7611945375281665,0.19564113580439793,0.33457016755848923
xgb,full,ebbu2017,phiusiil,43,cross,url_dedup,59970,25601,0.7045337144992199,0.7612232185251651,0.19565641967110659,0.33455724385766183
xgb,full,ebbu2017,phiusiil,43,cross,domain_dedup,57759,24235,0.7127305757836374,0.7647740151843361,0.20845884051990923,0.34545079430575615
xgb,full,ebbu2017,mendeley_phishurl,43,cross,raw,60000,18933,0.9590595468425568,0.9287757324106053,0.3830349125864892,0.5720171129773411
xgb,full,ebbu2017,mendeley_phishurl,43,cross,url_dedup,58479,17422,0.9556799465860699,0.917069209899166,0.35133738950751925,0.5390885087819998
xgb,full,ebbu2017,mendeley_phishurl,43,cross,domain_dedup,40743,14899,0.9543629473173851,0.9322994436015969,0.3429760386603128,0.5201020202698168
xgb,full,ebbu2017,kaggle_malicious,43,cross,raw,60000,10831,0.663435022414886,0.29549703554159057,0.001477241251961961,0.010894654233219463
xgb,full,ebbu2017,kaggle_malicious,43,cross,url_dedup,59967,10805,0.6632527566456194,0.2949165731827823,0.0014807959278111986,0.01092086996760759
xgb,full,ebbu2017,kaggle_malicious,43,cross,domain_dedup,40491,8094,0.6780839191724297,0.3167631793976614,0.0016061279960464542,0.010378057820607857
xgb,full,ebbu2017,hannousse,43,cross,raw,11430,5715,0.8891463960705699,0.8782341182592083,0.09291338582677165,0.16850393700787403
xgb,full,ebbu2017,hannousse,43,cross,url_dedup,7982,5177,0.8254546969542027,0.8808654942740469,0.0712768012362372,0.13463395789067029
xgb,full,ebbu2017,hannousse,43,cross,domain_dedup,6546,4429,0.834458239074217,0.8976742794993114,0.08173402573944456,0.14992097538947843
xgb,full,ebbu2017,ebbu2017,44,within,raw,13276,6081,0.983292518797942,0.9815241575497877,0.5239269856931426,0.7424765663542181
xgb,full,ebbu2017,phiusiil,44,cross,raw,60000,25603,0.7552397630898122,0.7972908941434369,0.15392727414756083,0.32531343983126976
xgb,full,ebbu2017,phiusiil,44,cross,url_dedup,59970,25601,0.7551796929886077,0.797311316174705,0.1539392992461232,0.32529979297683687
xgb,full,ebbu2017,phiusiil,44,cross,domain_dedup,57759,24235,0.7633012369165846,0.8006407453629298,0.15679801939343924,0.3336496802145657
xgb,full,ebbu2017,mendeley_phishurl,44,cross,raw,60000,18933,0.9594894281966688,0.9300854512571917,0.3819257381291924,0.5958907727248719
xgb,full,ebbu2017,mendeley_phishurl,44,cross,url_dedup,58479,17422,0.9561485224529457,0.9186906925844124,0.3516817816553783,0.5649179198714269
xgb,full,ebbu2017,mendeley_phishurl,44,cross,domain_dedup,40743,14899,0.9562427628184239,0.9352672452212044,0.33962010873212967,0.5611786025907779
xgb,full,ebbu2017,kaggle_malicious,44,cross,raw,60000,10831,0.6664566977414467,0.29318745497410154,0.0011079309389714707,0.012925860954667159
xgb,full,ebbu2017,kaggle_malicious,44,cross,url_dedup,59967,10805,0.6662967136707751,0.29261120346416647,0.001110596945858399,0.012956964368347987
xgb,full,ebbu2017,kaggle_malicious,44,cross,domain_dedup,40491,8094,0.6796622691065873,0.3136099128963813,0.001111934766493699,0.010625154435384235
xgb,full,ebbu2017,hannousse,44,cross,raw,11430,5715,0.8930395599062803,0.8874337567130574,0.14768153980752405,0.22187226596675416
xgb,full,ebbu2017,hannousse,44,cross,url_dedup,7982,5177,0.8317137675657827,0.8904423421168597,0.12690747537183697,0.19045779408924088
xgb,full,ebbu2017,hannousse,44,cross,domain_dedup,6546,4429,0.8415495500145955,0.9079224620108188,0.14653420636712577,0.21043124858884624
xgb,full,ebbu2017,ebbu2017,45,within,raw,12228,6433,0.9784507782952092,0.9812399533491017,0.42079900512979945,0.6962536919011347
xgb,full,ebbu2017,phiusiil,45,cross,raw,60000,25603,0.7325498316876271,0.7774362319176347,0.14814670155841111,0.32140764754130374
xgb,full,ebbu2017,phiusiil,45,cross,url_dedup,59970,25601,0.7324803998529033,0.7774582685236204,0.1481582750673802,0.32139369555876723
xgb,full,ebbu2017,phiusiil,45,cross,domain_dedup,57759,24235,0.7405329253414845,0.7807566748732194,0.1626160511656695,0.330348669279967
xgb,full,ebbu2017,mendeley_phishurl,45,cross,raw,60000,18933,0.9599187012074833,0.929750442369897,0.3633338615116463,0.5784608883959225
xgb,full,ebbu2017,mendeley_phishurl,45,cross,url_dedup,58479,17422,0.9566217173927223,0.9181916833038557,0.33245322006658246,0.5458615543565607
xgb,full,ebbu2017,mendeley_phishurl,45,cross,domain_dedup,40743,14899,0.9559746987607491,0.9336641332043454,0.3273374051949795,0.5258742197462917
xgb,full,ebbu2017,kaggle_malicious,45,cross,raw,60000,10831,0.6645116529734999,0.2927671363543769,0.0017542239867048288,0.009786723294247991
xgb,full,ebbu2017,kaggle_malicious,45,cross,url_dedup,59967,10805,0.6643144083266834,0.2921639857296594,0.0017584451642757982,0.00981027302174919
xgb,full,ebbu2017,kaggle_malicious,45,cross,domain_dedup,40491,8094,0.678586479379987,0.3147326225530718,0.001729676303434643,0.009389671361502348
xgb,full,ebbu2017,hannousse,45,cross,raw,11430,5715,0.8905332699554287,0.882806151744119,0.12720909886264217,0.20332458442694662
xgb,full,ebbu2017,hannousse,45,cross,url_dedup,7982,5177,0.827568805807395,0.8856135989088812,0.0884682248406413,0.16978945335136178
xgb,full,ebbu2017,hannousse,45,cross,domain_dedup,6546,4429,0.8371811459085793,0.903044926978407,0.10182885527207045,0.18762700383833822
xgb,full,ebbu2017,ebbu2017,46,within,raw,13622,6468,0.9837031827751305,0.9828872621602224,0.47294372294372294,0.7591218305504019
xgb,full,ebbu2017,phiusiil,46,cross,raw,60000,25603,0.7476091897323239,0.7771062885313751,0.1235402101316252,0.25704019060266375
xgb,full,ebbu2017,phiusiil,46,cross,url_dedup,59970,25601,0.747539407239846,0.7771257167338224,0.12354986133354166,0.2570212101089801
xgb,full,ebbu2017,phiusiil,46,cross,domain_dedup,57759,24235,0.7557678381699182,0.7802217322653692,0.12576851660821126,0.26358572312770784
xgb,full,ebbu2017,mendeley_phishurl,46,cross,raw,60000,18933,0.9617179607523425,0.9331936517096348,0.402419056673533,0.5953625944118734
xgb,full,ebbu2017,mendeley_phishurl,46,cross,url_dedup,58479,17422,0.9585466852675876,0.9221763582705863,0.3697049707266674,0.5641143381930892
xgb,full,ebbu2017,mendeley_phishurl,46,cross,domain_dedup,40743,14899,0.9583889010437394,0.937971140356558,0.36754144573461306,0.5514464057990469
xgb,full,ebbu2017,kaggle_malicious,46,cross,raw,60000,10831,0.664661981739502,0.29530868444961866,0.002308189456190564,0.011817930015695689
xgb,full,ebbu2017,kaggle_malicious,46,cross,url_dedup,59967,10805,0.6644858602976257,0.29472295714911556,0.0023137436372049976,0.011846367422489588
xgb,full,ebbu2017,kaggle_malicious,46,cross,domain_dedup,40491,8094,0.6786357469227577,0.31391818918730585,0.0019767729182110206,0.011860637509266123
xgb,full,ebbu2017,hannousse,46,cross,raw,11430,5715,0.8909697202110454,0.884592991251081,0.12598425196850394,0.20349956255468066
xgb,full,ebbu2017,hannousse,46,cross,url_dedup,7982,5177,0.8298522499592844,0.8880816749576999,0.11029553795634538,0.17983388062584507
xgb,full,ebbu2017,hannousse,46,cross,domain_dedup,6546,4429,0.8378773773108126,0.9042424090324369,0.12711673063897042,0.19959358771731767
xgb,targeted_ablation,phiusiil,phiusiil,42,within,raw,14924,8036,0.9987166309967515,0.9991759404394195,0.949104031856645,0.9924091587854654
xgb,targeted_ablation,phiusiil,mendeley_phishurl,42,cross,raw,60000,18933,0.6339986727389719,0.4310991590408433,0.0,0.0
xgb,targeted_ablation,phiusiil,mendeley_phishurl,42,cross,url_dedup,59776,18757,0.6343833080508829,0.42968445880393913,0.0,0.0
xgb,targeted_ablation,phiusiil,mendeley_phishurl,42,cross,domain_dedup,51556,13187,0.64163677056258,0.3795682556356091,0.0,0.0
xgb,targeted_ablation,phiusiil,kaggle_malicious,42,cross,raw,60000,10831,0.25132999248169335,0.11615009477778668,0.0,0.0
xgb,targeted_ablation,phiusiil,kaggle_malicious,42,cross,url_dedup,59966,10829,0.25110416406814084,0.11616766544078105,0.0,0.0
xgb,targeted_ablation,phiusiil,kaggle_malicious,42,cross,domain_dedup,55591,9508,0.24103683033697923,0.10832903841582103,0.0,0.0
xgb,targeted_ablation,phiusiil,hannousse,42,cross,raw,11430,5715,0.6412323787610539,0.5850634707181582,0.0,0.0
xgb,targeted_ablation,phiusiil,hannousse,42,cross,url_dedup,11367,5698,0.6385333033330917,0.5842974538933879,0.0,0.0
xgb,targeted_ablation,phiusiil,hannousse,42,cross,domain_dedup,9512,4332,0.6615375119876505,0.5631586899403714,0.0,0.0
xgb,targeted_ablation,phiusiil,ebbu2017,42,cross,raw,60000,30360,0.5608958856742038,0.5536033921481717,0.0,0.0
xgb,targeted_ablation,phiusiil,ebbu2017,42,cross,url_dedup,59963,30360,0.5603963553350292,0.5536165448818147,0.0,0.0
xgb,targeted_ablation,phiusiil,ebbu2017,42,cross,domain_dedup,57229,29934,0.5623067212421275,0.5708369647953977,0.0,0.0
xgb,targeted_ablation,phiusiil,phiusiil,43,within,raw,11624,4673,0.9953445941467377,0.9960583547603715,0.9263856195163707,0.9845923389685427
xgb,targeted_ablation,phiusiil,mendeley_phishurl,43,cross,raw,60000,18933,0.6607634460675391,0.4837780324345287,0.0,0.0
xgb,targeted_ablation,phiusiil,mendeley_phishurl,43,cross,url_dedup,59776,18757,0.6609412223135795,0.4823940679967564,0.0,0.0
xgb,targeted_ablation,phiusiil,mendeley_phishurl,43,cross,domain_dedup,51556,13187,0.6621687247782364,0.43083567885194035,0.0,0.0
xgb,targeted_ablation,phiusiil,kaggle_malicious,43,cross,raw,60000,10831,0.2505295588152896,0.1157330972187095,0.0,0.0
xgb,targeted_ablation,phiusiil,kaggle_malicious,43,cross,url_dedup,59966,10829,0.25035077832341807,0.11575657233416345,0.0,0.0
xgb,targeted_ablation,phiusiil,kaggle_malicious,43,cross,domain_dedup,55591,9508,0.24054925186616372,0.10798366819737121,0.0,0.0
xgb,targeted_ablation,phiusiil,hannousse,43,cross,raw,11430,5715,0.6514838925974148,0.6000762321813586,0.0,0.0
xgb,targeted_ablation,phiusiil,hannousse,43,cross,url_dedup,11367,5698,0.6489181059652043,0.5993042950524002,0.0,0.0
xgb,targeted_ablation,phiusiil,hannousse,43,cross,domain_dedup,9512,4332,0.6696972694895132,0.5770269158933093,0.0,0.0
xgb,targeted_ablation,phiusiil,ebbu2017,43,cross,raw,60000,30360,0.573409998261972,0.5691714544796663,0.0,0.0
xgb,targeted_ablation,phiusiil,ebbu2017,43,cross,url_dedup,59963,30360,0.5729304383386702,0.569186014205657,0.0,0.0
xgb,targeted_ablation,phiusiil,ebbu2017,43,cross,domain_dedup,57229,29934,0.5751009557535095,0.5862633588123473,0.0,0.0
xgb,targeted_ablation,phiusiil,phiusiil,44,within,raw,13064,6168,0.9973150401480886,0.9979640856764473,0.9080739299610895,0.9904345006485085
xgb,targeted_ablation,phiusiil,mendeley_phishurl,44,cross,raw,60000,18933,0.6412350307308733,0.447670678580319,0.0,0.0
xgb,targeted_ablation,phiusiil,mendeley_phishurl,44,cross,url_dedup,59776,18757,0.6415800907661302,0.4463448523213068,0.0,0.0
xgb,targeted_ablation,phiusiil,mendeley_phishurl,44,cross,domain_dedup,51556,13187,0.6471229782648665,0.3978725429988365,0.0,0.0
xgb,targeted_ablation,phiusiil,kaggle_malicious,44,cross,raw,60000,10831,0.24939558428489866,0.11577597186114241,0.0,0.0
xgb,targeted_ablation,phiusiil,kaggle_malicious,44,cross,url_dedup,59966,10829,0.24917053569468195,0.11579374093049213,0.0,0.0
xgb,targeted_ablation,phiusiil,kaggle_malicious,44,cross,domain_dedup,55591,9508,0.23976014802761503,0.10808630087126021,0.0,0.0
xgb,targeted_ablation,phiusiil,hannousse,44,cross,raw,11430,5715,0.6489295946493128,0.5940071858697681,0.0,0.0
xgb,targeted_ablation,phiusiil,hannousse,44,cross,url_dedup,11367,5698,0.6463424419854125,0.5932711531531949,0.0,0.0
xgb,targeted_ablation,phiusiil,hannousse,44,cross,domain_dedup,9512,4332,0.6691271430710488,0.5728906232530974,0.0,0.0
xgb,targeted_ablation,phiusiil,ebbu2017,44,cross,raw,60000,30360,0.5677818822577118,0.5596644784029412,0.0,0.0
xgb,targeted_ablation,phiusiil,ebbu2017,44,cross,url_dedup,59963,30360,0.5672955593914142,0.5596790788159052,0.0,0.0
xgb,targeted_ablation,phiusiil,ebbu2017,44,cross,domain_dedup,57229,29934,0.5698223702819709,0.5773925252055635,0.0,0.0
xgb,targeted_ablation,phiusiil,phiusiil,45,within,raw,12349,5519,0.9970067332948311,0.9973541628604939,0.8468925529987317,0.9867729661170502
xgb,targeted_ablation,phiusiil,mendeley_phishurl,45,cross,raw,60000,18933,0.6564372307121932,0.467424608896859,0.0,0.0
xgb,targeted_ablation,phiusiil,mendeley_phishurl,45,cross,url_dedup,59776,18757,0.6567599672221252,0.4661200452969375,0.0,0.0
xgb,targeted_ablation,phiusiil,mendeley_phishurl,45,cross,domain_dedup,51556,13187,0.660356634396627,0.416749775499356,0.0,0.0
xgb,targeted_ablation,phiusiil,kaggle_malicious,45,cross,raw,60000,10831,0.24756531477634325,0.11540848088739422,0.0,0.0
xgb,targeted_ablation,phiusiil,kaggle_malicious,45,cross,url_dedup,59966,10829,0.24735765426319686,0.11542847434187507,0.0,0.0
xgb,targeted_ablation,phiusiil,kaggle_malicious,45,cross,domain_dedup,55591,9508,0.237690338209328,0.1077048665597642,0.0,0.0
xgb,targeted_ablation,phiusiil,hannousse,45,cross,raw,11430,5715,0.6523526597670479,0.5980634023526579,0.0,0.0
xgb,targeted_ablation,phiusiil,hannousse,45,cross,url_dedup,11367,5698,0.64980432148363,0.5973490604011491,0.0,0.0
xgb,targeted_ablation,phiusiil,hannousse,45,cross,domain_dedup,9512,4332,0.6698156085448328,0.5743593704620992,0.0,0.0
xgb,targeted_ablation,phiusiil,ebbu2017,45,cross,raw,60000,30360,0.5769635071894796,0.5681927772520723,0.0,0.0
xgb,targeted_ablation,phiusiil,ebbu2017,45,cross,url_dedup,59963,30360,0.5764889300113218,0.5682073898327733,0.0,0.0
xgb,targeted_ablation,phiusiil,ebbu2017,45,cross,domain_dedup,57229,29934,0.5791949573668532,0.5859050349744584,0.0,0.0
xgb,targeted_ablation,phiusiil,phiusiil,46,within,raw,12031,5169,0.9959263233232621,0.9967442557299613,0.9276455794157478,0.9866511897852582
xgb,targeted_ablation,phiusiil,mendeley_phishurl,46,cross,raw,60000,18933,0.6514322740068861,0.4552297872426138,0.0,0.0
xgb,targeted_ablation,phiusiil,mendeley_phishurl,46,cross,url_dedup,59776,18757,0.6517366955312117,0.45381653547893835,0.0,0.0
xgb,targeted_ablation,phiusiil,mendeley_phishurl,46,cross,domain_dedup,51556,13187,0.6539805968276076,0.39809509634157847,0.0,0.0
xgb,targeted_ablation,phiusiil,kaggle_malicious,46,cross,raw,60000,10831,0.25258080686852435,0.11621243251238512,0.0,0.0
xgb,targeted_ablation,phiusiil,kaggle_malicious,46,cross,url_dedup,59966,10829,0.25235106652616573,0.11622936755684588,0.0,0.0
xgb,targeted_ablation,phiusiil,kaggle_malicious,46,cross,domain_dedup,55591,9508,0.24382635907329359,0.10861591818513769,0.0,0.0
xgb,targeted_ablation,phiusiil,hannousse,46,cross,raw,11430,5715,0.6516302128900554,0.5955981257050076,0.0,0.0
xgb,targeted_ablation,phiusiil,hannousse,46,cross,url_dedup,11367,5698,0.649092274952215,0.5949197891667406,0.0,0.0
xgb,targeted_ablation,phiusiil,hannousse,46,cross,domain_dedup,9512,4332,0.6717210210804394,0.5735251427890482,0.0,0.0
xgb,targeted_ablation,phiusiil,ebbu2017,46,cross,raw,60000,30360,0.5680393765591134,0.5589148133265468,0.0,0.0
xgb,targeted_ablation,phiusiil,ebbu2017,46,cross,url_dedup,59963,30360,0.5675494929007168,0.5589282492798293,0.0,0.0
xgb,targeted_ablation,phiusiil,ebbu2017,46,cross,domain_dedup,57229,29934,0.5692194789212827,0.5758573126700383,0.0,0.0
xgb,targeted_ablation,mendeley_phishurl,mendeley_phishurl,42,within,raw,11979,3514,0.9855269832827999,0.9794945841275176,0.8013659647125783,0.912919749573136
xgb,targeted_ablation,mendeley_phishurl,phiusiil,42,cross,raw,60000,25603,0.8587880481520498,0.8799626307435939,0.5912588368550561,0.6163730812795376
xgb,targeted_ablation,mendeley_phishurl,phiusiil,42,cross,url_dedup,59773,25423,0.8578115496855792,0.8786507282519406,0.5887975455296385,0.6139322660582937
xgb,targeted_ablation,mendeley_phishurl,phiusiil,42,cross,domain_dedup,50234,16741,0.7877070754507449,0.7627282206727911,0.39919956991816496,0.43229197777910516
xgb,targeted_ablation,mendeley_phishurl,kaggle_malicious,42,cross,raw,60000,10831,0.2820163359518627,0.13203853279493466,0.001292586095466716,0.013849136737143384
xgb,targeted_ablation,mendeley_phishurl,kaggle_malicious,42,cross,url_dedup,55381,10809,0.28088353328528304,0.1420760714197516,0.0012952169488389305,0.012397076510315477
xgb,targeted_ablation,mendeley_phishurl,kaggle_malicious,42,cross,domain_dedup,27817,8445,0.2565373295792197,0.21344492966263867,0.0005920663114268798,0.006512729425695678
xgb,targeted_ablation,mendeley_phishurl,hannousse,42,cross,raw,11430,5715,0.8504241497371884,0.8483898509809937,0.0810148731408574,0.21557305336832897
xgb,targeted_ablation,mendeley_phishurl,hannousse,42,cross,url_dedup,11261,5550,0.851350688808227,0.8463391898808907,0.08234234234234235,0.21765765765765765
xgb,targeted_ablation,mendeley_phishurl,hannousse,42,cross,domain_dedup,7961,3946,0.856120547692731,0.8536861075953988,0.10187531677648251,0.23340091231626964
xgb,targeted_ablation,mendeley_phishurl,ebbu2017,42,cross,raw,60000,30360,0.8489054807225574,0.8560005752398681,0.08405797101449275,0.2542160737812912
xgb,targeted_ablation,mendeley_phishurl,ebbu2017,42,cross,url_dedup,56886,27260,0.8535239199184512,0.8492918009476915,0.08679383712399119,0.26181217901687454
xgb,targeted_ablation,mendeley_phishurl,ebbu2017,42,cross,domain_dedup,36481,18306,0.8455056159006202,0.8470175999256327,0.07314541680323391,0.2263738664918606
xgb,targeted_ablation,mendeley_phishurl,mendeley_phishurl,43,within,raw,12746,3709,0.9874442814452659,0.9829856055790666,0.9061741709355622,0.9406848207063898
xgb,targeted_ablation,mendeley_phishurl,phiusiil,43,cross,raw,60000,25603,0.8575936395647009,0.8797112865733111,0.5852048588056087,0.6154747490528454
xgb,targeted_ablation,mendeley_phishurl,phiusiil,43,cross,url_dedup,59773,25423,0.8566210856414274,0.8784011815240862,0.5827400385477717,0.6130275734571058
xgb,targeted_ablation,mendeley_phishurl,phiusiil,43,cross,domain_dedup,50234,16741,0.7856425766691877,0.7624160427801195,0.39179260498178126,0.42936503195746967
xgb,targeted_ablation,mendeley_phishurl,kaggle_malicious,43,cross,raw,60000,10831,0.2733200137687123,0.12928496794626093,0.0005539654694857353,0.01366448158064814
xgb,targeted_ablation,mendeley_phishurl,kaggle_malicious,43,cross,url_dedup,55381,10809,0.27212456453143513,0.13929687126704982,0.0004625774817281895,0.012212045517624202
xgb,targeted_ablation,mendeley_phishurl,kaggle_malicious,43,cross,domain_dedup,27817,8445,0.25085443432972365,0.21184458998801817,0.00035523978685612787,0.005683836589698046
xgb,targeted_ablation,mendeley_phishurl,hannousse,43,cross,raw,11430,5715,0.8489892372377337,0.8461156883019672,0.09448818897637795,0.2173228346456693
xgb,targeted_ablation,mendeley_phishurl,hannousse,43,cross,url_dedup,11261,5550,0.84984439701477,0.8439394473671255,0.09531531531531531,0.21891891891891893
xgb,targeted_ablation,mendeley_phishurl,hannousse,43,cross,domain_dedup,7961,3946,0.8528436192458716,0.8491021382934971,0.11023821591485049,0.22453117080587937
xgb,targeted_ablation,mendeley_phishurl,ebbu2017,43,cross,raw,60000,30360,0.8462748991410318,0.851742097222484,0.09696969696969697,0.24252305665349144
xgb,targeted_ablation,mendeley_phishurl,ebbu2017,43,cross,url_dedup,56886,27260,0.8509328919755252,0.8446851953918459,0.10029347028613353,0.24897285399853264
xgb,targeted_ablation,mendeley_phishurl,ebbu2017,43,cross,domain_dedup,36481,18306,0.8404681247164398,0.8393267158255475,0.08849557522123894,0.20922102043045995
xgb,targeted_ablation,mendeley_phishurl,mendeley_phishurl,44,within,raw,10675,3893,0.9718363450250558,0.966407644835955,0.7539172874389931,0.8671975340354482
xgb,targeted_ablation,mendeley_phishurl,phiusiil,44,cross,raw,60000,25603,0.8595755915476966,0.8807281777670937,0.5866109440299965,0.6133265632933641
xgb,targeted_ablation,mendeley_phishurl,phiusiil,44,cross,url_dedup,59773,25423,0.8586076768844084,0.8794225544318911,0.5841560791409354,0.6109035125673603
xgb,targeted_ablation,mendeley_phishurl,phiusiil,44,cross,domain_dedup,50234,16741,0.7888637255275561,0.764082614137721,0.3935248790394839,0.4275730243115704
xgb,targeted_ablation,mendeley_phishurl,kaggle_malicious,44,cross,raw,60000,10831,0.2818142664497295,0.13066736357472464,0.0010156033607238483,0.011356292124457575
xgb,targeted_ablation,mendeley_phishurl,kaggle_malicious,44,cross,url_dedup,55381,10809,0.2806773732991643,0.1406785058078761,0.0006476084744194652,0.010454251087057082
xgb,targeted_ablation,mendeley_phishurl,kaggle_malicious,44,cross,domain_dedup,27817,8445,0.25778609376457473,0.21220268417101584,0.00023682652457075192,0.005447010065127295
xgb,targeted_ablation,mendeley_phishurl,hannousse,44,cross,raw,11430,5715,0.850606093310952,0.8484822383960835,0.05809273840769904,0.23307086614173228
xgb,targeted_ablation,mendeley_phishurl,hannousse,44,cross,url_dedup,11261,5550,0.8515723094833584,0.8465024309694253,0.05891891891891892,0.23513513513513515
xgb,targeted_ablation,mendeley_phishurl,hannousse,44,cross,domain_dedup,7961,3946,0.8559045242782545,0.8535370203532723,0.11074505828687278,0.24860618347693866
xgb,targeted_ablation,mendeley_phishurl,ebbu2017,44,cross,raw,60000,30360,0.8483564705539821,0.8533633718055728,0.07987483530961792,0.23474967061923582
xgb,targeted_ablation,mendeley_phishurl,ebbu2017,44,cross,url_dedup,56886,27260,0.8530477996439744,0.8465362471750074,0.08217168011738811,0.24145267791636096
xgb,targeted_ablation,mendeley_phishurl,ebbu2017,44,cross,domain_dedup,36481,18306,0.844427310984545,0.8439065106884702,0.07156123675297717,0.2065989293127936
xgb,targeted_ablation,mendeley_phishurl,mendeley_phishurl,45,within,raw,13399,3390,0.9849779593645954,0.9759207746622882,0.7648967551622419,0.9147492625368732
xgb,targeted_ablation,mendeley_phishurl,phiusiil,45,cross,raw,60000,25603,0.8596827552829821,0.8808557933007464,0.585517322188806,0.6144201851345545
xgb,targeted_ablation,mendeley_phishurl,phiusiil,45,cross,url_dedup,59773,25423,0.8587162377063349,0.8795500823501894,0.5829760453132989,0.611965543012233
xgb,targeted_ablation,mendeley_phishurl,phiusiil,45,cross,domain_dedup,50234,16741,0.7891915905715868,0.7645925848891879,0.3920315393345678,0.43002210142763275
xgb,targeted_ablation,mendeley_phishurl,kaggle_malicious,45,cross,raw,60000,10831,0.2844065309399378,0.13217222661505756,0.001477241251961961,0.014680084941371989
xgb,targeted_ablation,mendeley_phishurl,kaggle_malicious,45,cross,url_dedup,55381,10809,0.2833632389696027,0.14226185361681293,0.000925154963456379,0.01322971597742622
xgb,targeted_ablation,mendeley_phishurl,kaggle_malicious,45,cross,domain_dedup,27817,8445,0.26096555281670386,0.21490297016207138,0.00047365304914150384,0.005447010065127295
xgb,targeted_ablation,mendeley_phishurl,hannousse,45,cross,raw,11430,5715,0.8500643806225884,0.8480699373835682,0.09518810148731409,0.2180227471566054
xgb,targeted_ablation,mendeley_phishurl,hannousse,45,cross,url_dedup,11261,5550,0.8509923476269126,0.8460111700658733,0.09657657657657658,0.2209009009009009
xgb,targeted_ablation,mendeley_phishurl,hannousse,45,cross,domain_dedup,7961,3946,0.8556744885341904,0.8529064197609975,0.10770400405473897,0.22807906741003547
xgb,targeted_ablation,mendeley_phishurl,ebbu2017,45,cross,raw,60000,30360,0.8512506273125552,0.8596405513611334,0.1174901185770751,0.25846508563899867
xgb,targeted_ablation,mendeley_phishurl,ebbu2017,45,cross,url_dedup,56886,27260,0.8559363598847535,0.8533080521167261,0.12094644167278062,0.2656272927366104
xgb,targeted_ablation,mendeley_phishurl,ebbu2017,45,cross,domain_dedup,36481,18306,0.8491913220325534,0.8522095778796597,0.08281437779962854,0.23079864525292254
xgb,targeted_ablation,mendeley_phishurl,mendeley_phishurl,46,within,raw,10950,3747,0.9689219282316499,0.9615910803076554,0.8185214838537497,0.8604216706698692
xgb,targeted_ablation,mendeley_phishurl,phiusiil,46,cross,raw,60000,25603,0.8607684081587712,0.8819759306223502,0.58965746201617,0.6132093895246651
xgb,targeted_ablation,mendeley_phishurl,phiusiil,46,cross,url_dedup,59773,25423,0.859817402790777,0.8806886662364769,0.5871454981709475,0.6107461747236754
xgb,targeted_ablation,mendeley_phishurl,phiusiil,46,cross,domain_dedup,50234,16741,0.7906131734600248,0.7666020015082056,0.39651155844931607,0.4281703601935368
xgb,targeted_ablation,mendeley_phishurl,kaggle_malicious,46,cross,raw,60000,10831,0.28612304575162645,0.13190920427026184,0.0009232757824762256,0.013572154002400517
xgb,targeted_ablation,mendeley_phishurl,kaggle_malicious,46,cross,url_dedup,55381,10809,0.28497693613500774,0.1419948122182732,0.000925154963456379,0.012859653992043668
xgb,targeted_ablation,mendeley_phishurl,kaggle_malicious,46,cross,domain_dedup,27817,8445,0.2617520608932194,0.21447064016725165,0.00035523978685612787,0.007815275310834813
xgb,targeted_ablation,mendeley_phishurl,hannousse,46,cross,raw,11430,5715,0.8501664741601089,0.8473513157820061,0.07226596675415572,0.22572178477690288
xgb,targeted_ablation,mendeley_phishurl,hannousse,46,cross,url_dedup,11261,5550,0.8509926157991295,0.8451388109249154,0.07297297297297298,0.22792792792792793
xgb,targeted_ablation,mendeley_phishurl,hannousse,46,cross,domain_dedup,7961,3946,0.8551256091734051,0.8517129883466029,0.08109477952356817,0.240750126710593
xgb,targeted_ablation,mendeley_phishurl,ebbu2017,46,cross,raw,60000,30360,0.8492460325397968,0.8555698488680792,0.08267457180500659,0.2559947299077734
xgb,targeted_ablation,mendeley_phishurl,ebbu2017,46,cross,url_dedup,56886,27260,0.8538263884180177,0.8487108841757668,0.08517975055025678,0.2625458547322084
xgb,targeted_ablation,mendeley_phishurl,ebbu2017,46,cross,domain_dedup,36481,18306,0.8450151009184985,0.8454285044140882,0.05621107833497214,0.23271058669288758
xgb,targeted_ablation,kaggle_malicious,kaggle_malicious,42,within,raw,12523,2109,0.8741489713258486,0.6482853389759367,0.056424845898530106,0.23518255097202465
xgb,targeted_ablation,kaggle_malicious,phiusiil,42,cross,raw,60000,25603,0.2625737082318156,0.3385594498626699,0.011287739718001797,0.025270476116080146
xgb,targeted_ablation,kaggle_malicious,phiusiil,42,cross,url_dedup,59966,25601,0.2625260590489742,0.3386907178135703,0.011288621538221163,0.02523338932072966
xgb,targeted_ablation,kaggle_malicious,phiusiil,42,cross,domain_dedup,52752,19367,0.2784741493922918,0.2966807907393327,0.01151443176537409,0.027004698714307843
xgb,targeted_ablation,kaggle_malicious,mendeley_phishurl,42,cross,raw,60000,18933,0.2741700049247898,0.23043683986287583,0.0035387946970897376,0.014472085776158031
xgb,targeted_ablation,kaggle_malicious,mendeley_phishurl,42,cross,url_dedup,55379,18909,0.27344908231845355,0.251371283964778,0.003543286265799355,0.014490454281030197
xgb,targeted_ablation,kaggle_malicious,mendeley_phishurl,42,cross,domain_dedup,28121,15987,0.22273746834170077,0.4387264799202708,0.003502846062425721,0.016263213861262275
xgb,targeted_ablation,kaggle_malicious,hannousse,42,cross,raw,11430,5715,0.439823781869786,0.47833819164965913,0.0026246719160104987,0.031496062992125984
xgb,targeted_ablation,kaggle_malicious,hannousse,42,cross,url_dedup,11033,5320,0.42824990886107267,0.45103909794685115,0.002631578947368421,0.02894736842105263
xgb,targeted_ablation,kaggle_malicious,hannousse,42,cross,domain_dedup,7697,3663,0.3545289215839538,0.40291596175659083,0.001911001911001911,0.017745017745017744
xgb,targeted_ablation,kaggle_malicious,ebbu2017,42,cross,raw,60000,30360,0.43785055159054015,0.4507038780496255,0.001021080368906456,0.008267457180500658
xgb,targeted_ablation,kaggle_malicious,ebbu2017,42,cross,url_dedup,59950,30325,0.4377318737586136,0.4505458740728043,0.0010222588623248145,0.008276999175597691
xgb,targeted_ablation,kaggle_malicious,ebbu2017,42,cross,domain_dedup,46489,28616,0.4189550520624965,0.5588900466260689,0.001922001677383282,0.012161028795079677
xgb,targeted_ablation,kaggle_malicious,kaggle_malicious,43,within,raw,13894,1917,0.9195052776559349,0.7233599677742921,0.11006781429316641,0.3813249869587898
xgb,targeted_ablation,kaggle_malicious,phiusiil,43,cross,raw,60000,25603,0.27552248840162674,0.34527467801263767,0.013514041323282428,0.030933874936530874
xgb,targeted_ablation,kaggle_malicious,phiusiil,43,cross,url_dedup,59966,25601,0.27549331984311753,0.3454092329083296,0.01351509706652084,0.030897230576930588
xgb,targeted_ablation,kaggle_malicious,phiusiil,43,cross,domain_dedup,52752,19367,0.2847700539817747,0.2979951495054063,0.013528166468735479,0.03190994991480353
xgb,targeted_ablation,kaggle_malicious,mendeley_phishurl,43,cross,raw,60000,18933,0.27593543839586454,0.22801137076487105,0.0027993450588918818,0.010405112766069825
xgb,targeted_ablation,kaggle_malicious,mendeley_phishurl,43,cross,url_dedup,55379,18909,0.2749728836347401,0.2487293893390663,0.0029086678301337987,0.010471204188481676
xgb,targeted_ablation,kaggle_malicious,mendeley_phishurl,43,cross,domain_dedup,28121,15987,0.22634198655453214,0.4420135424731091,0.00281478701444924,0.015887908926002378
xgb,targeted_ablation,kaggle_malicious,hannousse,43,cross,raw,11430,5715,0.44628287824476887,0.48066696389960883,0.003674540682414698,0.02852143482064742
xgb,targeted_ablation,kaggle_malicious,hannousse,43,cross,url_dedup,11033,5320,0.4353550930538318,0.45363969145585853,0.0033834586466165413,0.02556390977443609
xgb,targeted_ablation,kaggle_malicious,hannousse,43,cross,domain_dedup,7697,3663,0.3656427870607345,0.40743030901674915,0.004914004914004914,0.015015015015015015
xgb,targeted_ablation,kaggle_malicious,ebbu2017,43,cross,raw,60000,30360,0.43847939325485086,0.452114631424677,0.001284584980237154,0.009815546772068511
xgb,targeted_ablation,kaggle_malicious,ebbu2017,43,cross,url_dedup,59950,30325,0.4383595560054403,0.45195673424060234,0.0013190436933223414,0.009958779884583676
xgb,targeted_ablation,kaggle_malicious,ebbu2017,43,cross,domain_dedup,46489,28616,0.4183394343474658,0.5604485065204436,0.003424657534246575,0.01439753983785295
xgb,targeted_ablation,kaggle_malicious,kaggle_malicious,44,within,raw,9851,1934,0.8865898510907961,0.7091248651933819,0.06204756980351603,0.28024819027921405
xgb,targeted_ablation,kaggle_malicious,phiusiil,44,cross,raw,60000,25603,0.2626113252004413,0.33465843907371373,0.012068898175995001,0.02386439089169238
xgb,targeted_ablation,kaggle_malicious,phiusiil,44,cross,url_dedup,59966,25601,0.2625501219275834,0.3347876564733077,0.012069841021835085,0.0238271942502246
xgb,targeted_ablation,kaggle_malicious,phiusiil,44,cross,domain_dedup,52752,19367,0.2759244967687393,0.2938726507021915,0.014922290494139515,0.027882480508080756
xgb,targeted_ablation,kaggle_malicious,mendeley_phishurl,44,cross,raw,60000,18933,0.2649981770086358,0.2247810011080822,0.0032747055405905035,0.012359372524164159
xgb,targeted_ablation,kaggle_malicious,mendeley_phishurl,44,cross,url_dedup,55379,18909,0.2641621961405704,0.245406227273576,0.0034904013961605585,0.012375059495478343
xgb,targeted_ablation,kaggle_malicious,mendeley_phishurl,44,cross,domain_dedup,28121,15987,0.21896601046863845,0.43481580878310233,0.004441108400575468,0.015450053168199161
xgb,targeted_ablation,kaggle_malicious,hannousse,44,cross,raw,11430,5715,0.44768732648576415,0.4835063700282374,0.004199475065616798,0.029921259842519685
xgb,targeted_ablation,kaggle_malicious,hannousse,44,cross,url_dedup,11033,5320,0.43709374082852853,0.45641282990094667,0.004135338345864661,0.02725563909774436
xgb,targeted_ablation,kaggle_malicious,hannousse,44,cross,domain_dedup,7697,3663,0.3674879413600286,0.40890488622950544,0.003003003003003003,0.01638001638001638
xgb,targeted_ablation,kaggle_malicious,ebbu2017,44,cross,raw,60000,30360,0.4403047833332444,0.4584384343008563,0.001021080368906456,0.015546772068511199
xgb,targeted_ablation,kaggle_malicious,ebbu2017,44,cross,url_dedup,59950,30325,0.44018556495907557,0.45829469035735276,0.0010222588623248145,0.015630667765869743
xgb,targeted_ablation,kaggle_malicious,ebbu2017,44,cross,domain_dedup,46489,28616,0.4211637951995692,0.5661832352177114,0.004612804025719877,0.01922001677383282
xgb,targeted_ablation,kaggle_malicious,kaggle_malicious,45,within,raw,12371,1941,0.8835310153853146,0.6738932679748655,0.0613086038124678,0.29263266357547657
xgb,targeted_ablation,kaggle_malicious,phiusiil,45,cross,raw,60000,25603,0.26381961532128007,0.3381717102699343,0.013592157169081747,0.03191032300902238
xgb,targeted_ablation,kaggle_malicious,phiusiil,45,cross,url_dedup,59966,25601,0.2637735294843264,0.338298593770093,0.013593219014882231,0.03187375493144799
xgb,targeted_ablation,kaggle_malicious,phiusiil,45,cross,domain_dedup,52752,19367,0.27507422951233557,0.2951457960355488,0.016522951412196004,0.03433675840346982
xgb,targeted_ablation,kaggle_malicious,mendeley_phishurl,45,cross,raw,60000,18933,0.2725272433009252,0.22966492144750422,0.004595151323086674,0.01431363228225849
xgb,targeted_ablation,kaggle_malicious,mendeley_phishurl,45,cross,url_dedup,55379,18909,0.2717817044539718,0.2505439349290708,0.0046009836585752814,0.014384684541752605
xgb,targeted_ablation,kaggle_malicious,mendeley_phishurl,45,cross,domain_dedup,28121,15987,0.22420355930573185,0.43689847521420594,0.004816413335835366,0.01513729905548258
xgb,targeted_ablation,kaggle_malicious,hannousse,45,cross,raw,11430,5715,0.44073679110321184,0.4794168539518029,0.0024496937882764656,0.03482064741907261
xgb,targeted_ablation,kaggle_malicious,hannousse,45,cross,url_dedup,11033,5320,0.4294625172242702,0.4522960371851677,0.002443609022556391,0.030827067669172932
xgb,targeted_ablation,kaggle_malicious,hannousse,45,cross,domain_dedup,7697,3663,0.3555531801689462,0.40452829762347825,0.003276003276003276,0.02074802074802075
xgb,targeted_ablation,kaggle_malicious,ebbu2017,45,cross,raw,60000,30360,0.4355332251177503,0.45236906576051217,0.001251646903820817,0.012187088274044796
xgb,targeted_ablation,kaggle_malicious,ebbu2017,45,cross,url_dedup,59950,30325,0.4354122441483089,0.4522256913360424,0.0012530915086562241,0.012201154163231658
xgb,targeted_ablation,kaggle_malicious,ebbu2017,45,cross,domain_dedup,46489,28616,0.41449400759913846,0.5594935608810283,0.003424657534246575,0.016039977634889572
xgb,targeted_ablation,kaggle_malicious,kaggle_malicious,46,within,raw,10545,2082,0.9109574899293221,0.7435378154095179,0.03506243996157541,0.2737752161383285
xgb,targeted_ablation,kaggle_malicious,phiusiil,46,cross,raw,60000,25603,0.26700703058849895,0.3410019579532416,0.00999882826231301,0.030582353630433934
xgb,targeted_ablation,kaggle_malicious,phiusiil,46,cross,url_dedup,59966,25601,0.26695113262986414,0.3411202190013713,0.009960548416077497,0.030545681809304323
xgb,targeted_ablation,kaggle_malicious,phiusiil,46,cross,domain_dedup,52752,19367,0.2843718757844069,0.30064282411308657,0.010998089533742966,0.033458976609696905
xgb,targeted_ablation,kaggle_malicious,mendeley_phishurl,46,cross,raw,60000,18933,0.26799949268541845,0.22616470496554128,0.00316906987799081,0.014630539270057571
xgb,targeted_ablation,kaggle_malicious,mendeley_phishurl,46,cross,url_dedup,55379,18909,0.2671560191964971,0.24683862317728364,0.0032259770479665766,0.014701993759585382
xgb,targeted_ablation,kaggle_malicious,mendeley_phishurl,46,cross,domain_dedup,28121,15987,0.21574573596857566,0.4312948275318565,0.003502846062425721,0.0140739350722462
xgb,targeted_ablation,kaggle_malicious,hannousse,46,cross,raw,11430,5715,0.44964369829974227,0.48617393063017744,0.003499562554680665,0.033770778652668414
xgb,targeted_ablation,kaggle_malicious,hannousse,46,cross,url_dedup,11033,5320,0.4383696035555368,0.45818496391024527,0.005639097744360902,0.03007518796992481
xgb,targeted_ablation,kaggle_malicious,hannousse,46,cross,domain_dedup,7697,3663,0.3686159454627477,0.4102470768803158,0.003276003276003276,0.0171990171990172
xgb,targeted_ablation,kaggle_malicious,ebbu2017,46,cross,raw,60000,30360,0.43967810475819635,0.4555041733683646,0.0015480895915678525,0.013208168642951252
xgb,targeted_ablation,kaggle_malicious,ebbu2017,46,cross,url_dedup,59950,30325,0.4395262473693914,0.45532170279678996,0.001549876339653751,0.013223413025556472
xgb,targeted_ablation,kaggle_malicious,ebbu2017,46,cross,domain_dedup,46489,28616,0.41893479509960324,0.56300760123648,0.004647749510763209,0.016773832820799552
xgb,targeted_ablation,hannousse,hannousse,42,within,raw,1939,907,0.9305498576959566,0.9271083371705143,0.32524807056229327,0.46416758544652703
xgb,targeted_ablation,hannousse,phiusiil,42,cross,raw,60000,25603,0.8336054373170692,0.8644058448941819,0.2611022145842284,0.5331797055032613
xgb,targeted_ablation,hannousse,phiusiil,42,cross,url_dedup,59936,25585,0.8334709129760308,0.864334475804581,0.26112956810631227,0.53296853625171
xgb,targeted_ablation,hannousse,phiusiil,42,cross,domain_dedup,53925,19850,0.7890782135273539,0.8017025031102578,0.2232241813602015,0.4592443324937028
xgb,targeted_ablation,hannousse,mendeley_phishurl,42,cross,raw,60000,18933,0.9243153589097293,0.858502402839495,0.11984365921935246,0.3408334653779116
xgb,targeted_ablation,hannousse,mendeley_phishurl,42,cross,url_dedup,59839,18776,0.9240956914324371,0.8574772612655392,0.12031316574350234,0.34102045164039196
xgb,targeted_ablation,hannousse,mendeley_phishurl,42,cross,domain_dedup,46321,16337,0.9177365652532383,0.8664034383870085,0.11630042235416539,0.3055028462998102
xgb,targeted_ablation,hannousse,kaggle_malicious,42,cross,raw,60000,10831,0.5360874664258166,0.2018331998526858,0.00018465515649524513,0.008863447511771766
xgb,targeted_ablation,hannousse,kaggle_malicious,42,cross,url_dedup,59648,10482,0.5266458737038127,0.19136800800338788,0.00019080328181644724,0.008586147681740127
xgb,targeted_ablation,hannousse,kaggle_malicious,42,cross,domain_dedup,45927,8736,0.49587704485940953,0.19176361497397756,0.00011446886446886447,0.006753663003663004
xgb,targeted_ablation,hannousse,ebbu2017,42,cross,raw,60000,30360,0.9437567415263354,0.9451136788517622,0.22236495388669303,0.4574110671936759
xgb,targeted_ablation,hannousse,ebbu2017,42,cross,url_dedup,54857,29276,0.937376780481829,0.9446107699082655,0.21444186364257412,0.445245252083618
xgb,targeted_ablation,hannousse,ebbu2017,42,cross,domain_dedup,42403,27806,0.9128596738465654,0.9507976245785663,0.18427677479680646,0.3825073725095303
xgb,targeted_ablation,hannousse,hannousse,43,within,raw,2229,1037,0.919953337259648,0.9173961458888482,0.2034715525554484,0.4648023143683703
xgb,targeted_ablation,hannousse,phiusiil,43,cross,raw,60000,25603,0.8329638413554492,0.8640956738979395,0.3142209897277663,0.5338827481154552
xgb,targeted_ablation,hannousse,phiusiil,43,cross,url_dedup,59936,25585,0.8328361902213937,0.8640295868268741,0.3143247996873168,0.5337111588821575
xgb,targeted_ablation,hannousse,phiusiil,43,cross,domain_dedup,53925,19850,0.7884372389398848,0.8013821303664723,0.2625188916876574,0.45717884130982367
xgb,targeted_ablation,hannousse,mendeley_phishurl,43,cross,raw,60000,18933,0.9255833206137495,0.8618354677967514,0.12591770981883485,0.35879152801985953
xgb,targeted_ablation,hannousse,mendeley_phishurl,43,cross,url_dedup,59839,18776,0.9253611880695735,0.8608257743321572,0.12633148700468683,0.3589688964635705
xgb,targeted_ablation,hannousse,mendeley_phishurl,43,cross,domain_dedup,46321,16337,0.9190445561090581,0.869083977740718,0.1175246373263145,0.3249066536083736
xgb,targeted_ablation,hannousse,kaggle_malicious,43,cross,raw,60000,10831,0.5364113950366962,0.2030916935070582,9.232757824762257e-05,0.011540947280952821
xgb,targeted_ablation,hannousse,kaggle_malicious,43,cross,url_dedup,59648,10482,0.527001144206525,0.19257719339479204,9.540164090822362e-05,0.011257393627170388
xgb,targeted_ablation,hannousse,kaggle_malicious,43,cross,domain_dedup,45927,8736,0.49289443395754406,0.19175680607512485,0.00011446886446886447,0.006868131868131868
xgb,targeted_ablation,hannousse,ebbu2017,43,cross,raw,60000,30360,0.9439183275725038,0.9452074708052403,0.22845849802371543,0.4591897233201581
xgb,targeted_ablation,hannousse,ebbu2017,43,cross,url_dedup,54857,29276,0.9375453449402493,0.9446857513481044,0.223971854078426,0.44220521929225304
xgb,targeted_ablation,hannousse,ebbu2017,43,cross,domain_dedup,42403,27806,0.9130131461984394,0.9509207488326774,0.1875494497590448,0.3829748975041358
xgb,targeted_ablation,hannousse,hannousse,44,within,raw,2670,1384,0.9215045982074632,0.9307671192277818,0.26083815028901736,0.476878612716763
xgb,targeted_ablation,hannousse,phiusiil,44,cross,raw,60000,25603,0.8348749617492783,0.8647517537331042,0.2713353903839394,0.5398586103191032
xgb,targeted_ablation,hannousse,phiusiil,44,cross,url_dedup,59936,25585,0.834739842481997,0.8646801210228776,0.2714090287277702,0.5396130545241352
xgb,targeted_ablation,hannousse,phiusiil,44,cross,domain_dedup,53925,19850,0.7908150793460123,0.80217674524743,0.22357682619647354,0.465088161209068
xgb,targeted_ablation,hannousse,mendeley_phishurl,44,cross,raw,60000,18933,0.9244062290644459,0.8597599817230728,0.1380658110177996,0.3425236359795067
xgb,targeted_ablation,hannousse,mendeley_phishurl,44,cross,url_dedup,59839,18776,0.9241840093289473,0.8587290536334735,0.13847464848743077,0.34277801448657863
xgb,targeted_ablation,hannousse,mendeley_phishurl,44,cross,domain_dedup,46321,16337,0.9177084739209874,0.8675275499107928,0.1360714941543735,0.3162759380547224
xgb,targeted_ablation,hannousse,kaggle_malicious,44,cross,raw,60000,10831,0.530845304298593,0.20157849447944087,0.0002769827347428677,0.009602068137752747
xgb,targeted_ablation,hannousse,kaggle_malicious,44,cross,url_dedup,59648,10482,0.521276166751435,0.1911912871843115,0.00028620492272467084,0.009349360809005915
xgb,targeted_ablation,hannousse,kaggle_malicious,44,cross,domain_dedup,45927,8736,0.4926082479459809,0.19221783300742096,0.00022893772893772894,0.008356227106227106
xgb,targeted_ablation,hannousse,ebbu2017,44,cross,raw,60000,30360,0.943750824007546,0.9453994535913496,0.24762845849802373,0.4649538866930171
xgb,targeted_ablation,hannousse,ebbu2017,44,cross,url_dedup,54857,29276,0.9374199058610772,0.944923587097069,0.23234048367263288,0.4494124880448149
xgb,targeted_ablation,hannousse,ebbu2017,44,cross,domain_dedup,42403,27806,0.9129875342124074,0.9511724223969725,0.20625044954326405,0.3837660936488528
xgb,targeted_ablation,hannousse,hannousse,45,within,raw,2161,824,0.9266897706065601,0.9002226558764371,0.3094660194174757,0.42718446601941745
xgb,targeted_ablation,hannousse,phiusiil,45,cross,raw,60000,25603,0.8333121520246591,0.8638706978108346,0.29305159551615045,0.5265789165332188
xgb,targeted_ablation,hannousse,phiusiil,45,cross,url_dedup,59936,25585,0.8331800458369094,0.8638027820108685,0.2931795974203635,0.5263631033808872
xgb,targeted_ablation,hannousse,phiusiil,45,cross,domain_dedup,53925,19850,0.7889354102947455,0.8012324121614427,0.2454911838790932,0.45168765743073047
xgb,targeted_ablation,hannousse,mendeley_phishurl,45,cross,raw,60000,18933,0.9243374116758039,0.8591902778940321,0.13125231078011937,0.34722442296519307
xgb,targeted_ablation,hannousse,mendeley_phishurl,45,cross,url_dedup,59839,18776,0.9241168302437293,0.8581553736571224,0.13155091606305921,0.34709203238176395
xgb,targeted_ablation,hannousse,mendeley_phishurl,45,cross,domain_dedup,46321,16337,0.9179409539120298,0.8680875826824109,0.1293383118075534,0.32692660831241965
xgb,targeted_ablation,hannousse,kaggle_malicious,45,cross,raw,60000,10831,0.5334783133627524,0.2021213628964101,9.232757824762257e-05,0.007847844151047919
xgb,targeted_ablation,hannousse,kaggle_malicious,45,cross,url_dedup,59648,10482,0.5238960416123306,0.19170389590309167,9.540164090822362e-05,0.007822934554474336
xgb,targeted_ablation,hannousse,kaggle_malicious,45,cross,domain_dedup,45927,8736,0.49390097264709065,0.19219797621588375,0.00011446886446886447,0.007097069597069597
xgb,targeted_ablation,hannousse,ebbu2017,45,cross,raw,60000,30360,0.9442558050581507,0.9458804557366085,0.2279973649538867,0.4683794466403162
xgb,targeted_ablation,hannousse,ebbu2017,45,cross,url_dedup,54857,29276,0.937852935569415,0.9453207042059716,0.22690941385435168,0.44445962563191693
xgb,targeted_ablation,hannousse,ebbu2017,45,cross,domain_dedup,42403,27806,0.9132060238799846,0.9513410139587538,0.20153923613608574,0.39218154355175144
xgb,targeted_ablation,hannousse,hannousse,46,within,raw,1923,910,0.9354772571949276,0.9369136430255489,0.4307692307692308,0.521978021978022
xgb,targeted_ablation,hannousse,phiusiil,46,cross,raw,60000,25603,0.833586730460343,0.8639888039898542,0.2892629769948834,0.5331797055032613
xgb,targeted_ablation,hannousse,phiusiil,46,cross,url_dedup,59936,25585,0.8334573051666375,0.8639201129453218,0.28938831346492083,0.53296853625171
xgb,targeted_ablation,hannousse,phiusiil,46,cross,domain_dedup,53925,19850,0.7893167649521079,0.8012615198807695,0.24246851385390428,0.4564735516372796
xgb,targeted_ablation,hannousse,mendeley_phishurl,46,cross,raw,60000,18933,0.923794519943513,0.8581543541365011,0.11804785295515766,0.32974172080494374
xgb,targeted_ablation,hannousse,mendeley_phishurl,46,cross,url_dedup,59839,18776,0.9235576108898357,0.8571060199196603,0.11850234341712824,0.3297827013208351
xgb,targeted_ablation,hannousse,mendeley_phishurl,46,cross,domain_dedup,46321,16337,0.9177278023417389,0.8671318249090494,0.11593315786252066,0.3091754912162576
xgb,targeted_ablation,hannousse,kaggle_malicious,46,cross,raw,60000,10831,0.5323628742006805,0.20201895927394478,0.00018465515649524513,0.012464223063429047
xgb,targeted_ablation,hannousse,kaggle_malicious,46,cross,url_dedup,59648,10482,0.5229066478547344,0.19173278921696355,0.00019080328181644724,0.012306811677160847
xgb,targeted_ablation,hannousse,kaggle_malicious,46,cross,domain_dedup,45927,8736,0.49345859269883224,0.19253823028714956,0.00022893772893772894,0.00972985347985348
xgb,targeted_ablation,hannousse,ebbu2017,46,cross,raw,60000,30360,0.9437764343621037,0.9452617247568054,0.2326086956521739,0.46867588932806326
xgb,targeted_ablation,hannousse,ebbu2017,46,cross,url_dedup,54857,29276,0.9374821744115052,0.9448094257289927,0.22731930591610877,0.4481828118595437
xgb,targeted_ablation,hannousse,ebbu2017,46,cross,domain_dedup,42403,27806,0.9132602166792496,0.9511316874717782,0.1881967920592678,0.3859598647773862
xgb,targeted_ablation,ebbu2017,ebbu2017,42,within,raw,11279,5871,0.9337584685632621,0.9441153433823388,0.30097087378640774,0.5304036791006643
xgb,targeted_ablation,ebbu2017,phiusiil,42,cross,raw,60000,25603,0.7312632820797632,0.7412835426761983,0.13705425145490763,0.25516541030348006
xgb,targeted_ablation,ebbu2017,phiusiil,42,cross,url_dedup,59970,25601,0.7312095276627191,0.741342579239042,0.1370649584000625,0.2551853443224874
xgb,targeted_ablation,ebbu2017,phiusiil,42,cross,domain_dedup,57759,24235,0.7254921890114314,0.7321769824535677,0.13814730761295646,0.25327006395708684
xgb,targeted_ablation,ebbu2017,mendeley_phishurl,42,cross,raw,60000,18933,0.9173701504188996,0.8641281728322712,0.20583108857550309,0.4027359636613321
xgb,targeted_ablation,ebbu2017,mendeley_phishurl,42,cross,url_dedup,58479,17422,0.9121573570953281,0.847170719598997,0.19326139364022502,0.3830214671105499
xgb,targeted_ablation,ebbu2017,mendeley_phishurl,42,cross,domain_dedup,40743,14899,0.9008150624564999,0.8642600724100385,0.18531445063427077,0.36203772065239276
xgb,targeted_ablation,ebbu2017,kaggle_malicious,42,cross,raw,60000,10831,0.5741023773757088,0.20814057604392694,0.00018465515649524513,0.01080232665497184
xgb,targeted_ablation,ebbu2017,kaggle_malicious,42,cross,url_dedup,59967,10805,0.5738486049794744,0.2076302493982563,0.00018509949097639982,0.01082832022211939
xgb,targeted_ablation,ebbu2017,kaggle_malicious,42,cross,domain_dedup,40491,8094,0.5642075656869363,0.22192092104608785,0.0,0.006671608598962194
xgb,targeted_ablation,ebbu2017,hannousse,42,cross,raw,11430,5715,0.9002309160173876,0.9095211930393645,0.2335958005249344,0.4048993875765529
xgb,targeted_ablation,ebbu2017,hannousse,42,cross,url_dedup,7982,5177,0.8410162941324527,0.9149485370936331,0.21383040370871162,0.33957890670272356
xgb,targeted_ablation,ebbu2017,hannousse,42,cross,domain_dedup,6546,4429,0.8422198647148156,0.9252888608489322,0.24294423120343192,0.36057800857981487
xgb,targeted_ablation,ebbu2017,ebbu2017,43,within,raw,11844,5990,0.9445277774767536,0.9496586272608913,0.34323873121869786,0.5554257095158598
xgb,targeted_ablation,ebbu2017,phiusiil,43,cross,raw,60000,25603,0.7294419340456015,0.738835065441104,0.15502089598875132,0.26118033043002775
xgb,targeted_ablation,ebbu2017,phiusiil,43,cross,url_dedup,59970,25601,0.7293911290155723,0.738897762838176,0.1550330065231827,0.2612007343463146
xgb,targeted_ablation,ebbu2017,phiusiil,43,cross,domain_dedup,57759,24235,0.7231884232874979,0.7292345020312776,0.15502372601609243,0.25846915617907984
xgb,targeted_ablation,ebbu2017,mendeley_phishurl,43,cross,raw,60000,18933,0.9193136870010019,0.8685309954086948,0.19954576665082133,0.418264406063487
xgb,targeted_ablation,ebbu2017,mendeley_phishurl,43,cross,url_dedup,58479,17422,0.9141822173147586,0.8521197855979727,0.18821030880495926,0.39788772815979795
xgb,targeted_ablation,ebbu2017,mendeley_phishurl,43,cross,domain_dedup,40743,14899,0.9016377950905649,0.8655121515862674,0.17027988455601048,0.3628431438351567
xgb,targeted_ablation,ebbu2017,kaggle_malicious,43,cross,raw,60000,10831,0.5735705366126581,0.2082438539415283,0.00018465515649524513,0.009417412981257502
xgb,targeted_ablation,ebbu2017,kaggle_malicious,43,cross,url_dedup,59967,10805,0.5733220586375172,0.2077413501452544,0.00018509949097639982,0.00944007403979639
xgb,targeted_ablation,ebbu2017,kaggle_malicious,43,cross,domain_dedup,40491,8094,0.5612060381757368,0.22110065923989464,0.00012354830738818879,0.007042253521126761
xgb,targeted_ablation,ebbu2017,hannousse,43,cross,raw,11430,5715,0.8981613212609142,0.9076759041173004,0.2430446194225722,0.41189851268591426
xgb,targeted_ablation,ebbu2017,hannousse,43,cross,url_dedup,7982,5177,0.8379251502170748,0.9133206990820797,0.20958083832335328,0.3272165346725903
xgb,targeted_ablation,ebbu2017,hannousse,43,cross,domain_dedup,6546,4429,0.8384284538511526,0.9234944166651232,0.237976969970648,0.35132083991871754
xgb,targeted_ablation,ebbu2017,ebbu2017,44,within,raw,13276,6081,0.9549407415000574,0.9508999821779407,0.35372471632955105,0.5543496135504029
xgb,targeted_ablation,ebbu2017,phiusiil,44,cross,raw,60000,25603,0.7256437528794034,0.7380292634030359,0.1654493614029606,0.26391438503300396
xgb,targeted_ablation,ebbu2017,phiusiil,44,cross,url_dedup,59970,25601,0.725601876406052,0.7380952113596027,0.16546228662942855,0.26393500253896335
xgb,targeted_ablation,ebbu2017,phiusiil,44,cross,domain_dedup,57759,24235,0.7191851357911723,0.7281513337110742,0.1651743346399835,0.2611924902001238
xgb,targeted_ablation,ebbu2017,mendeley_phishurl,44,cross,raw,60000,18933,0.9185296533873002,0.8689719750457046,0.21348967411398087,0.4309406855754503
xgb,targeted_ablation,ebbu2017,mendeley_phishurl,44,cross,url_dedup,58479,17422,0.9133701055900214,0.8529306591469794,0.20106761565836298,0.4125243944438067
xgb,targeted_ablation,ebbu2017,mendeley_phishurl,44,cross,domain_dedup,40743,14899,0.9022174928998008,0.8690872741461291,0.16524598966373583,0.38888516007785756
xgb,targeted_ablation,ebbu2017,kaggle_malicious,44,cross,raw,60000,10831,0.5754965812667019,0.209273502574093,0.00018465515649524513,0.010156033607238482
xgb,targeted_ablation,ebbu2017,kaggle_malicious,44,cross,url_dedup,59967,10805,0.5752467307652376,0.2087682669476921,0.00018509949097639982,0.01018047200370199
xgb,targeted_ablation,ebbu2017,kaggle_malicious,44,cross,domain_dedup,40491,8094,0.5657111219309789,0.22247373435136,0.00012354830738818879,0.006548060291574005
xgb,targeted_ablation,ebbu2017,hannousse,44,cross,raw,11430,5715,0.9000985266168064,0.9105513237940381,0.247419072615923,0.4229221347331584
xgb,targeted_ablation,ebbu2017,hannousse,44,cross,url_dedup,7982,5177,0.841944126237778,0.9164156250625624,0.19972957311184084,0.3569634923700985
xgb,targeted_ablation,ebbu2017,hannousse,44,cross,domain_dedup,6546,4429,0.8447022688206183,0.9272496267428869,0.22736509370060962,0.3748024384736961
xgb,targeted_ablation,ebbu2017,ebbu2017,45,within,raw,12228,6433,0.949459786393149,0.9582958287865725,0.31820301570029536,0.5774910617130421
xgb,targeted_ablation,ebbu2017,phiusiil,45,cross,raw,60000,25603,0.7260852100577097,0.7375571971686655,0.15123227746748427,0.26243018396281687
xgb,targeted_ablation,ebbu2017,phiusiil,45,cross,url_dedup,59970,25601,0.7260401624938798,0.7376234474339214,0.15124409202765518,0.26245068552009687
xgb,targeted_ablation,ebbu2017,phiusiil,45,cross,domain_dedup,57759,24235,0.7196163373602847,0.7278150498398175,0.15300185681865072,0.2591293583659996
xgb,targeted_ablation,ebbu2017,mendeley_phishurl,45,cross,raw,60000,18933,0.9191308785539183,0.8683604118742476,0.20921142977869328,0.42391591401257067
xgb,targeted_ablation,ebbu2017,mendeley_phishurl,45,cross,url_dedup,58479,17422,0.9139482907706502,0.8518459088897921,0.197164504649294,0.40328320514292276
xgb,targeted_ablation,ebbu2017,mendeley_phishurl,45,cross,domain_dedup,40743,14899,0.9015817386987254,0.8654832113382493,0.17759581179944964,0.37371635680246995
xgb,targeted_ablation,ebbu2017,kaggle_malicious,45,cross,raw,60000,10831,0.5735216819935472,0.2091638116875803,0.0002769827347428677,0.011263964546209954
xgb,targeted_ablation,ebbu2017,kaggle_malicious,45,cross,url_dedup,59967,10805,0.5732791742308164,0.2086650899511312,0.00027764923646459973,0.011291068949560388
xgb,targeted_ablation,ebbu2017,kaggle_malicious,45,cross,domain_dedup,40491,8094,0.5632349578839353,0.22247711863894173,0.0,0.0075364467506795155
xgb,targeted_ablation,ebbu2017,hannousse,45,cross,raw,11430,5715,0.8987272063433016,0.9084741528443524,0.2479440069991251,0.4204724409448819
xgb,targeted_ablation,ebbu2017,hannousse,45,cross,url_dedup,7982,5177,0.8391222040996497,0.9141004303442538,0.20050222136372417,0.3444079582769944
xgb,targeted_ablation,ebbu2017,hannousse,45,cross,domain_dedup,6546,4429,0.8406611830622513,0.9245304570332324,0.22759087830209979,0.3621585007902461
xgb,targeted_ablation,ebbu2017,ebbu2017,46,within,raw,13622,6468,0.9548875507455123,0.9546396850951199,0.36796536796536794,0.6054421768707483
xgb,targeted_ablation,ebbu2017,phiusiil,46,cross,raw,60000,25603,0.728199690659025,0.7395336057073327,0.13912432136858963,0.26262547357731514
xgb,targeted_ablation,ebbu2017,phiusiil,46,cross,url_dedup,59970,25601,0.7281467967849176,0.7395945135206687,0.13913519003163938,0.26264599039100034
xgb,targeted_ablation,ebbu2017,phiusiil,46,cross,domain_dedup,57759,24235,0.7219919606785437,0.729889402188884,0.1385599339797813,0.2586342067258098
xgb,targeted_ablation,ebbu2017,mendeley_phishurl,46,cross,raw,60000,18933,0.9178056843497415,0.8660828469884014,0.19732741773622775,0.4149368826915967
xgb,targeted_ablation,ebbu2017,mendeley_phishurl,46,cross,url_dedup,58479,17422,0.9125868414015345,0.8494027043186602,0.185110779474228,0.39530478705085526
xgb,targeted_ablation,ebbu2017,mendeley_phishurl,46,cross,domain_dedup,40743,14899,0.9015580131934949,0.8656650783500737,0.17309886569568428,0.37519296597087054
xgb,targeted_ablation,ebbu2017,kaggle_malicious,46,cross,raw,60000,10831,0.575315675996797,0.20914249943909485,0.00018465515649524513,0.009509740559505124
xgb,targeted_ablation,ebbu2017,kaggle_malicious,46,cross,url_dedup,59967,10805,0.5750623993531871,0.2086386302105858,0.00018509949097639982,0.009532623785284591
xgb,targeted_ablation,ebbu2017,kaggle_malicious,46,cross,domain_dedup,40491,8094,0.5639071629561407,0.22175885611783386,0.00024709661477637757,0.00605386706202125
xgb,targeted_ablation,ebbu2017,hannousse,46,cross,raw,11430,5715,0.8983402337175045,0.9085750544992465,0.25144356955380576,0.41189851268591426
xgb,targeted_ablation,ebbu2017,hannousse,46,cross,url_dedup,7982,5177,0.8391099808318502,0.9143729515409487,0.2213637241645741,0.34054471701757777
xgb,targeted_ablation,ebbu2017,hannousse,46,cross,domain_dedup,6546,4429,0.8406326000328704,0.9248896573218721,0.2515240460600587,0.36373899300067736
xgb,host_only,phiusiil,phiusiil,42,within,raw,14924,8036,0.9222482929604238,0.9523004152399288,0.7490044798407167,0.7985316077650573
xgb,host_only,phiusiil,mendeley_phishurl,42,cross,raw,60000,18933,0.935193857935591,0.9257740745538645,0.22363069772355146,0.8448740294723499
xgb,host_only,phiusiil,mendeley_phishurl,42,cross,url_dedup,59776,18757,0.934697859235423,0.9249635352177494,0.22306338966785733,0.8442714719837927
xgb,host_only,phiusiil,mendeley_phishurl,42,cross,domain_dedup,51556,13187,0.9137340520005016,0.8874583564294644,0.1268673693789338,0.8236899977250323
xgb,host_only,phiusiil,kaggle_malicious,42,cross,raw,60000,10831,0.2817658953538021,0.1346181607666642,0.000646293047733358,0.018280860493029266
xgb,host_only,phiusiil,kaggle_malicious,42,cross,url_dedup,59966,10829,0.28178137551920646,0.13467388288541707,0.0006464124111182935,0.01828423677163173
xgb,host_only,phiusiil,kaggle_malicious,42,cross,domain_dedup,55591,9508,0.27166037960753275,0.1211189274682763,0.00042069835927639884,0.012936474547749264
xgb,host_only,phiusiil,hannousse,42,cross,raw,11430,5715,0.7630848659228182,0.7460519750880448,0.032020997375328084,0.07821522309711286
xgb,host_only,phiusiil,hannousse,42,cross,url_dedup,11367,5698,0.7624310560454501,0.7464513091170453,0.032116532116532114,0.0780975780975781
xgb,host_only,phiusiil,hannousse,42,cross,domain_dedup,9512,4332,0.7423201495916177,0.6883546095126292,0.022853185595567867,0.051477377654662974
xgb,host_only,phiusiil,ebbu2017,42,cross,raw,60000,30360,0.689459098221255,0.6715852296090117,0.0047430830039525695,0.02924901185770751
xgb,host_only,phiusiil,ebbu2017,42,cross,url_dedup,59963,30360,0.6893105115846385,0.6716996738959014,0.0047430830039525695,0.02924901185770751
xgb,host_only,phiusiil,ebbu2017,42,cross,domain_dedup,57229,29934,0.6870156855921398,0.6836934412674773,0.004476514999665932,0.02866305872920425
xgb,host_only,phiusiil,phiusiil,43,within,raw,11624,4673,0.8698074624231379,0.8816611018691201,0.5369141878878665,0.6623154290605606
xgb,host_only,phiusiil,mendeley_phishurl,43,cross,raw,60000,18933,0.9349166463125674,0.9247539707272909,0.15966830401943696,0.8436592193524534
xgb,host_only,phiusiil,mendeley_phishurl,43,cross,url_dedup,59776,18757,0.934428774519367,0.9239461158683548,0.15962040838087113,0.8429919496721224
xgb,host_only,phiusiil,mendeley_phishurl,43,cross,domain_dedup,51556,13187,0.9133370270686696,0.8860992835309457,0.0928186850686282,0.8245999848335482
xgb,host_only,phiusiil,kaggle_malicious,43,cross,raw,60000,10831,0.2677227625433664,0.12951109794983823,0.0005539654694857353,0.016803619241067307
xgb,host_only,phiusiil,kaggle_malicious,43,cross,url_dedup,59966,10829,0.2677438791716605,0.12956583479284428,0.0005540677809585373,0.01680672268907563
xgb,host_only,phiusiil,kaggle_malicious,43,cross,domain_dedup,55591,9508,0.2588912582517993,0.11779322846327445,0.00021034917963819942,0.011043331931005469
xgb,host_only,phiusiil,hannousse,43,cross,raw,11430,5715,0.7644092344974813,0.7452387514208141,0.04269466316710411,0.08013998250218722
xgb,host_only,phiusiil,hannousse,43,cross,url_dedup,11367,5698,0.7637609133463782,0.7456038978301239,0.04282204282204282,0.08037908037908038
xgb,host_only,phiusiil,hannousse,43,cross,domain_dedup,9512,4332,0.7444567588958171,0.6902682379866388,0.027700831024930747,0.05240073868882733
xgb,host_only,phiusiil,ebbu2017,43,cross,raw,60000,30360,0.6973975257992707,0.6808463295070089,0.005500658761528327,0.03517786561264822
xgb,host_only,phiusiil,ebbu2017,43,cross,url_dedup,59963,30360,0.6972627160023707,0.6809615146934891,0.005500658761528327,0.03517786561264822
xgb,host_only,phiusiil,ebbu2017,43,cross,domain_dedup,57229,29934,0.6946135262002123,0.6921423883827339,0.005044431081713102,0.03484332197501169
xgb,host_only,phiusiil,phiusiil,44,within,raw,13064,6168,0.9015651002404447,0.9263078663833679,0.642833981841764,0.7345979247730221
xgb,host_only,phiusiil,mendeley_phishurl,44,cross,raw,60000,18933,0.9345967702750799,0.9234549964744239,0.11968520572545291,0.8412824169439603
xgb,host_only,phiusiil,mendeley_phishurl,44,cross,url_dedup,59776,18757,0.9341028164262234,0.9226356330160898,0.11963533614117396,0.841072666204617
xgb,host_only,phiusiil,mendeley_phishurl,44,cross,domain_dedup,51556,13187,0.9129079746730572,0.8823560757883133,0.049290968377947976,0.8229316751346023
xgb,host_only,phiusiil,kaggle_malicious,44,cross,raw,60000,10831,0.2738769686320146,0.1322485169296097,0.0010156033607238483,0.015049395254362477
xgb,host_only,phiusiil,kaggle_malicious,44,cross,url_dedup,59966,10829,0.27389640193902265,0.13230428604207997,0.0010157909317573184,0.015052174716040262
xgb,host_only,phiusiil,kaggle_malicious,44,cross,domain_dedup,55591,9508,0.2650315218856036,0.11941438683822245,0.00042069835927639884,0.01125368111064367
xgb,host_only,phiusiil,hannousse,44,cross,raw,11430,5715,0.7656490379647427,0.747640109817873,0.02957130358705162,0.07331583552055992
xgb,host_only,phiusiil,hannousse,44,cross,url_dedup,11367,5698,0.7650541629638472,0.7481209612399089,0.02965952965952966,0.06791856791856792
xgb,host_only,phiusiil,hannousse,44,cross,domain_dedup,9512,4332,0.7476866508376203,0.6981093903320504,0.021929824561403508,0.04293628808864266
xgb,host_only,phiusiil,ebbu2017,44,cross,raw,60000,30360,0.6961603154187537,0.6790165076634748,0.003260869565217391,0.027108036890645587
xgb,host_only,phiusiil,ebbu2017,44,cross,url_dedup,59963,30360,0.6960208783098355,0.6791275626645743,0.003260869565217391,0.027108036890645587
xgb,host_only,phiusiil,ebbu2017,44,cross,domain_dedup,57229,29934,0.693470776454368,0.6907381997595413,0.0031068350370815796,0.026758869512928444
xgb,host_only,phiusiil,phiusiil,45,within,raw,12349,5519,0.8847949596190665,0.9074955852295981,0.6329045116868998,0.6959594129371263
xgb,host_only,phiusiil,mendeley_phishurl,45,cross,raw,60000,18933,0.9350438125691933,0.9270685545498131,0.25505730734696036,0.845507843447948
xgb,host_only,phiusiil,mendeley_phishurl,45,cross,url_dedup,59776,18757,0.9345559545837685,0.9262670602828944,0.25451831316308576,0.8449645465692808
xgb,host_only,phiusiil,mendeley_phishurl,45,cross,domain_dedup,51556,13187,0.9133019628756021,0.8894716992835148,0.19337226055964207,0.8241449912792902
xgb,host_only,phiusiil,kaggle_malicious,45,cross,raw,60000,10831,0.278402469596818,0.13536408683532897,0.0008309482042286031,0.01689594681931493
xgb,host_only,phiusiil,kaggle_malicious,45,cross,url_dedup,59966,10829,0.2784083590275779,0.13541513164432822,0.0008311016714378059,0.016899067319235385
xgb,host_only,phiusiil,kaggle_malicious,45,cross,domain_dedup,55591,9508,0.2671717356651505,0.12065258429733705,0.00021034917963819942,0.011674379469920067
xgb,host_only,phiusiil,hannousse,45,cross,raw,11430,5715,0.7614547219217895,0.7410906351039834,0.02817147856517935,0.0673665791776028
xgb,host_only,phiusiil,hannousse,45,cross,url_dedup,11367,5698,0.7608020063920575,0.7414598247983262,0.028255528255528257,0.06756756756756757
xgb,host_only,phiusiil,hannousse,45,cross,domain_dedup,9512,4332,0.7434972343732732,0.6907903370052622,0.02100646352723915,0.04662973222530009
xgb,host_only,phiusiil,ebbu2017,45,cross,raw,60000,30360,0.6890586027721325,0.6677354458367079,0.0034914361001317524,0.015711462450592885
xgb,host_only,phiusiil,ebbu2017,45,cross,url_dedup,59963,30360,0.6889124563275354,0.667848488338207,0.0034914361001317524,0.015711462450592885
xgb,host_only,phiusiil,ebbu2017,45,cross,domain_dedup,57229,29934,0.6873680245162426,0.6829027116185624,0.003307276007215875,0.02295049108037683
xgb,host_only,phiusiil,phiusiil,46,within,raw,12031,5169,0.8847265825193,0.9034377879236906,0.640742890307603,0.6925904430257304
xgb,host_only,phiusiil,mendeley_phishurl,46,cross,raw,60000,18933,0.9347383650714199,0.9239712623571572,0.13753763270480113,0.8424444092325569
xgb,host_only,phiusiil,mendeley_phishurl,46,cross,url_dedup,59776,18757,0.9342491115497416,0.9231545879366899,0.13749533507490536,0.8418723676494109
xgb,host_only,phiusiil,mendeley_phishurl,46,cross,domain_dedup,51556,13187,0.9130701427367316,0.8834608737688849,0.06309243952377341,0.8228558428755592
xgb,host_only,phiusiil,kaggle_malicious,46,cross,raw,60000,10831,0.2762322100577783,0.13201972711075594,0.0013849136737143384,0.01661896408457206
xgb,host_only,phiusiil,kaggle_malicious,46,cross,url_dedup,59966,10829,0.2762503659219632,0.13207300294206087,0.0013851694523963432,0.01662203342875612
xgb,host_only,phiusiil,kaggle_malicious,46,cross,domain_dedup,55591,9508,0.26604077732254083,0.11911690354904214,0.00042069835927639884,0.013357172907025663
xgb,host_only,phiusiil,hannousse,46,cross,raw,11430,5715,0.7625259156691154,0.7398614699172028,0.02764654418197725,0.0678915135608049
xgb,host_only,phiusiil,hannousse,46,cross,url_dedup,11367,5698,0.7619353276435655,0.7403324759773177,0.02772902772902773,0.06616356616356617
xgb,host_only,phiusiil,hannousse,46,cross,domain_dedup,9512,4332,0.7434367836376147,0.6888605429999888,0.02100646352723915,0.04686057248384118
xgb,host_only,phiusiil,ebbu2017,46,cross,raw,60000,30360,0.6906037758326088,0.6701342891269648,0.0030632411067193677,0.02901844532279315
xgb,host_only,phiusiil,ebbu2017,46,cross,url_dedup,59963,30360,0.6904625270103799,0.6702596953242352,0.0030632411067193677,0.02901844532279315
xgb,host_only,phiusiil,ebbu2017,46,cross,domain_dedup,57229,29934,0.6893180629062511,0.685349538079769,0.0037749716041958975,0.028562838244137103
xgb,host_only,mendeley_phishurl,mendeley_phishurl,42,within,raw,11979,3514,0.9644413822223551,0.958273718240648,0.7068867387592487,0.8782014797951053
xgb,host_only,mendeley_phishurl,phiusiil,42,cross,raw,60000,25603,0.8040910175939712,0.8400790748201936,0.559309455923134,0.5805179080576495
xgb,host_only,mendeley_phishurl,phiusiil,42,cross,url_dedup,59773,25423,0.8027344406871542,0.8383666952408303,0.5568186288006923,0.5779805687763049
xgb,host_only,mendeley_phishurl,phiusiil,42,cross,domain_dedup,50234,16741,0.7078772359033525,0.6909574250562986,0.36067140553133026,0.3859984469267069
xgb,host_only,mendeley_phishurl,kaggle_malicious,42,cross,raw,60000,10831,0.2900769443867539,0.12627711392058133,0.0032314652386667897,0.006555258055581202
xgb,host_only,mendeley_phishurl,kaggle_malicious,42,cross,url_dedup,55381,10809,0.2908759821427408,0.1371548609816669,0.002497918401332223,0.006476084744194653
xgb,host_only,mendeley_phishurl,kaggle_malicious,42,cross,domain_dedup,27817,8445,0.2890104307829493,0.21916521375779102,0.0010657193605683837,0.006512729425695678
xgb,host_only,mendeley_phishurl,hannousse,42,cross,raw,11430,5715,0.7469659052898352,0.7112047950481382,0.004899387576552931,0.03709536307961505
xgb,host_only,mendeley_phishurl,hannousse,42,cross,url_dedup,11261,5550,0.7488131013170412,0.7071312485052605,0.004864864864864865,0.037477477477477476
xgb,host_only,mendeley_phishurl,hannousse,42,cross,domain_dedup,7961,3946,0.745577027101234,0.7068810637597855,0.00456158134820071,0.03218449062341612
xgb,host_only,mendeley_phishurl,ebbu2017,42,cross,raw,60000,30360,0.7452838153138497,0.7129085912751945,0.005237154150197629,0.03547430830039526
xgb,host_only,mendeley_phishurl,ebbu2017,42,cross,url_dedup,56886,27260,0.7501364206917256,0.6959343233359596,0.005465884079236977,0.03639031548055759
xgb,host_only,mendeley_phishurl,ebbu2017,42,cross,domain_dedup,36481,18306,0.7396725286513197,0.6953406078570101,0.004370151862777232,0.02835136020976729
xgb,host_only,mendeley_phishurl,mendeley_phishurl,43,within,raw,12746,3709,0.9645995658542024,0.9610256449144423,0.8802911836074414,0.9005122674575358
xgb,host_only,mendeley_phishurl,phiusiil,43,cross,raw,60000,25603,0.8035718925260996,0.839533599798954,0.5562238800140609,0.5804397922118502
xgb,host_only,mendeley_phishurl,phiusiil,43,cross,url_dedup,59773,25423,0.8022121385917381,0.8378119227507295,0.5537112063879165,0.5779412343153837
xgb,host_only,mendeley_phishurl,phiusiil,43,cross,domain_dedup,50234,16741,0.7072475880969794,0.6898048271162087,0.3573860581805149,0.38677498357326323
xgb,host_only,mendeley_phishurl,kaggle_malicious,43,cross,raw,60000,10831,0.283298896687036,0.12348313902629263,0.0024928446126858093,0.002677499769181054
xgb,host_only,mendeley_phishurl,kaggle_malicious,43,cross,url_dedup,55381,10809,0.2841241546420391,0.1341489862768674,0.002497918401332223,0.0026829493940234987
xgb,host_only,mendeley_phishurl,kaggle_malicious,43,cross,domain_dedup,27817,8445,0.2859936463203928,0.21789009549982108,0.0020130254588513912,0.0020130254588513912
xgb,host_only,mendeley_phishurl,hannousse,43,cross,raw,11430,5715,0.746533879240598,0.7108217685848608,0.006649168853893263,0.04304461942257218
xgb,host_only,mendeley_phishurl,hannousse,43,cross,url_dedup,11261,5550,0.7482833823142001,0.7066162543561763,0.006666666666666667,0.043423423423423424
xgb,host_only,mendeley_phishurl,hannousse,43,cross,domain_dedup,7961,3946,0.7469124273583793,0.7086590011765534,0.007349214394323365,0.043841865179929045
xgb,host_only,mendeley_phishurl,ebbu2017,43,cross,raw,60000,30360,0.7453234949166013,0.7126097550449784,0.003985507246376811,0.04502635046113307
xgb,host_only,mendeley_phishurl,ebbu2017,43,cross,url_dedup,56886,27260,0.750152614875623,0.6953100149527381,0.00392516507703595,0.045818048422597214
xgb,host_only,mendeley_phishurl,ebbu2017,43,cross,domain_dedup,36481,18306,0.7398850069978035,0.6925045250419095,0.0012017917622637387,0.02846061400633672
xgb,host_only,mendeley_phishurl,mendeley_phishurl,44,within,raw,10675,3893,0.9070160522978166,0.9214408362734331,0.3072180837400462,0.8201900847675314
xgb,host_only,mendeley_phishurl,phiusiil,44,cross,raw,60000,25603,0.802352345020965,0.8387645377355393,0.5593875717689333,0.579775807522556
xgb,host_only,mendeley_phishurl,phiusiil,44,cross,url_dedup,59773,25423,0.80098293096241,0.837036029204123,0.5569366321834559,0.5772332140188019
xgb,host_only,mendeley_phishurl,phiusiil,44,cross,domain_dedup,50234,16741,0.7053975937667034,0.6883215174167323,0.360551938354937,0.38438564004539755
xgb,host_only,mendeley_phishurl,kaggle_malicious,44,cross,raw,60000,10831,0.2852293399937278,0.12364236619164738,0.002308189456190564,0.004616378912381128
xgb,host_only,mendeley_phishurl,kaggle_malicious,44,cross,url_dedup,55381,10809,0.28602926565785336,0.1343396678871826,0.0023128874086409475,0.004625774817281895
xgb,host_only,mendeley_phishurl,kaggle_malicious,44,cross,domain_dedup,27817,8445,0.2846310441528898,0.21686707122283083,0.0014209591474245115,0.002368265245707519
xgb,host_only,mendeley_phishurl,hannousse,44,cross,raw,11430,5715,0.7455917069858831,0.7105249196308152,0.008573928258967628,0.04006999125109361
xgb,host_only,mendeley_phishurl,hannousse,44,cross,url_dedup,11261,5550,0.7473667223518389,0.706452333613157,0.008468468468468469,0.04054054054054054
xgb,host_only,mendeley_phishurl,hannousse,44,cross,domain_dedup,7961,3946,0.7459503105119613,0.7088798715446734,0.00456158134820071,0.03928028383172833
xgb,host_only,mendeley_phishurl,ebbu2017,44,cross,raw,60000,30360,0.7425477868813108,0.7091269968204943,0.0044795783926218705,0.03715415019762846
xgb,host_only,mendeley_phishurl,ebbu2017,44,cross,url_dedup,56886,27260,0.747464826111228,0.6920364381721417,0.004548789435069699,0.03778429933969186
xgb,host_only,mendeley_phishurl,ebbu2017,44,cross,domain_dedup,36481,18306,0.7385457402966623,0.6912310607799279,0.0025674642193816233,0.024472850431552496
xgb,host_only,mendeley_phishurl,mendeley_phishurl,45,within,raw,13399,3390,0.957358171156284,0.9469882705889616,0.7474926253687315,0.8752212389380531
xgb,host_only,mendeley_phishurl,phiusiil,45,cross,raw,60000,25603,0.8027801960254436,0.8383197955809587,0.555052142327071,0.5804007342889506
xgb,host_only,mendeley_phishurl,phiusiil,45,cross,url_dedup,59773,25423,0.8014135831913257,0.836582720454192,0.5525705070212013,0.5779412343153837
xgb,host_only,mendeley_phishurl,phiusiil,45,cross,domain_dedup,50234,16741,0.7060476889975734,0.6870290157859917,0.3555940505346156,0.3864165820440834
xgb,host_only,mendeley_phishurl,kaggle_malicious,45,cross,raw,60000,10831,0.284465726383011,0.12366247300085247,0.0019388791432000739,0.004893361647123996
xgb,host_only,mendeley_phishurl,kaggle_malicious,45,cross,url_dedup,55381,10809,0.28519742531274955,0.13430493012805422,0.0019428254232583958,0.004903321306318808
xgb,host_only,mendeley_phishurl,kaggle_malicious,45,cross,domain_dedup,27817,8445,0.2853502127856738,0.2168138081335559,0.0016577856719952634,0.0016577856719952634
xgb,host_only,mendeley_phishurl,hannousse,45,cross,raw,11430,5715,0.7460214979689217,0.7087702696125997,0.006124234470691163,0.03342082239720035
xgb,host_only,mendeley_phishurl,hannousse,45,cross,url_dedup,11261,5550,0.7478680781990186,0.7048337498069884,0.006306306306306306,0.033873873873873875
xgb,host_only,mendeley_phishurl,hannousse,45,cross,domain_dedup,7961,3946,0.7449232446243466,0.7052289456403565,0.007349214394323365,0.027369488089204256
xgb,host_only,mendeley_phishurl,ebbu2017,45,cross,raw,60000,30360,0.742135720321504,0.7097169929018762,0.006884057971014493,0.04252305665349144
xgb,host_only,mendeley_phishurl,ebbu2017,45,cross,url_dedup,56886,27260,0.746992299178623,0.6926168013250463,0.007116654438738078,0.043690388848129126
xgb,host_only,mendeley_phishurl,ebbu2017,45,cross,domain_dedup,36481,18306,0.7359471830779545,0.6898019642827646,0.0042608980662078005,0.029006882989183875
xgb,host_only,mendeley_phishurl,mendeley_phishurl,46,within,raw,10950,3747,0.9588877265911021,0.955058801240937,0.7824926607953029,0.8169202028289299
xgb,host_only,mendeley_phishurl,phiusiil,46,cross,raw,60000,25603,0.8041084640415215,0.839514993534235,0.5586454712338398,0.5785650119126665
xgb,host_only,mendeley_phishurl,phiusiil,46,cross,url_dedup,59773,25423,0.8027556910294699,0.8377951380955115,0.5561106085041104,0.5760925146520867
xgb,host_only,mendeley_phishurl,phiusiil,46,cross,domain_dedup,50234,16741,0.7079386842930018,0.6893000101756137,0.35911833223821754,0.38348963622244786
xgb,host_only,mendeley_phishurl,kaggle_malicious,46,cross,raw,60000,10831,0.2871786529100071,0.1250606809190152,0.0032314652386667897,0.0060012925860954665
xgb,host_only,mendeley_phishurl,kaggle_malicious,46,cross,url_dedup,55381,10809,0.28787670808592825,0.13575986777926416,0.0032380423720973265,0.006013507262466463
xgb,host_only,mendeley_phishurl,kaggle_malicious,46,cross,domain_dedup,27817,8445,0.2857363059145383,0.21754101794163316,0.0018946121965660154,0.003078744819419775
xgb,host_only,mendeley_phishurl,hannousse,46,cross,raw,11430,5715,0.7451616863727555,0.70919867921639,0.011548556430446194,0.03254593175853018
xgb,host_only,mendeley_phishurl,hannousse,46,cross,url_dedup,11261,5550,0.7469520176804365,0.7051395097481726,0.011711711711711712,0.032972972972972976
xgb,host_only,mendeley_phishurl,hannousse,46,cross,domain_dedup,7961,3946,0.7442391652186209,0.7059609112439672,0.01419158641662443,0.03649265078560568
xgb,host_only,mendeley_phishurl,ebbu2017,46,cross,raw,60000,30360,0.7446441265319984,0.709767170093613,0.005467720685111989,0.030171277997364954
xgb,host_only,mendeley_phishurl,ebbu2017,46,cross,url_dedup,56886,27260,0.7495356763375194,0.692597984010691,0.005575935436537051,0.030484225972120322
xgb,host_only,mendeley_phishurl,ebbu2017,46,cross,domain_dedup,36481,18306,0.7382350627743461,0.6902199445853039,0.003496121490221785,0.024254342838413635
xgb,host_only,kaggle_malicious,kaggle_malicious,42,within,raw,12523,2109,0.7854295649899744,0.5084629141951831,0.03556187766714083,0.14035087719298245
xgb,host_only,kaggle_malicious,phiusiil,42,cross,raw,60000,25603,0.28084861421718543,0.3407375295936657,0.002343475373979612,0.014490489395773933
xgb,host_only,kaggle_malicious,phiusiil,42,cross,url_dedup,59966,25601,0.2809358155789612,0.34101766872812633,0.002343658450841764,0.01449162142103824
xgb,host_only,kaggle_malicious,phiusiil,42,cross,domain_dedup,52752,19367,0.3335642417546034,0.31658741592735984,0.007073888573346414,0.01667785408168534
xgb,host_only,kaggle_malicious,mendeley_phishurl,42,cross,raw,60000,18933,0.1903297631079946,0.22417628670202194,0.016373527702952518,0.021708128664237047
xgb,host_only,kaggle_malicious,mendeley_phishurl,42,cross,url_dedup,55379,18909,0.19020448448903593,0.2436332052102465,0.016394309588026866,0.021735681421545295
xgb,host_only,kaggle_malicious,mendeley_phishurl,42,cross,domain_dedup,28121,15987,0.17746505012741673,0.45285979828273254,0.018890348408081566,0.027147056983799336
xgb,host_only,kaggle_malicious,hannousse,42,cross,raw,11430,5715,0.40066761121176564,0.46184067656212385,0.003499562554680665,0.013823272090988626
xgb,host_only,kaggle_malicious,hannousse,42,cross,url_dedup,11033,5320,0.39842880766593536,0.44477460474856134,0.0035714285714285713,0.014097744360902255
xgb,host_only,kaggle_malicious,hannousse,42,cross,domain_dedup,7697,3663,0.35850840474043255,0.43404119312687806,0.007098007098007098,0.013104013104013105
xgb,host_only,kaggle_malicious,ebbu2017,42,cross,raw,60000,30360,0.3570032784721,0.40348368824655934,0.00026350461133069827,0.002075098814229249
xgb,host_only,kaggle_malicious,ebbu2017,42,cross,url_dedup,59950,30325,0.356873618221726,0.40329881362652337,0.0002638087386644683,0.0020774938169826874
xgb,host_only,kaggle_malicious,ebbu2017,42,cross,domain_dedup,46489,28616,0.31957357189711816,0.5014056726281259,0.0006639642158233157,0.002411238467989936
xgb,host_only,kaggle_malicious,kaggle_malicious,43,within,raw,13894,1917,0.8354290080156677,0.5538041775150818,0.044861763171622326,0.17683881064162754
xgb,host_only,kaggle_malicious,phiusiil,43,cross,raw,60000,25603,0.28032781030700193,0.3380690033816238,0.0025387649884779126,0.013592157169081747
xgb,host_only,kaggle_malicious,phiusiil,43,cross,url_dedup,59966,25601,0.28040449710308574,0.3383364380786746,0.002538963321745244,0.013593219014882231
xgb,host_only,kaggle_malicious,phiusiil,43,cross,domain_dedup,52752,19367,0.33516761082077307,0.3145469324529303,0.005008519646821913,0.01626478029638044
xgb,host_only,kaggle_malicious,mendeley_phishurl,43,cross,raw,60000,18933,0.1859449660936776,0.2185927173389146,0.014947446257856652,0.020915861194739344
xgb,host_only,kaggle_malicious,mendeley_phishurl,43,cross,url_dedup,55379,18909,0.18580575971768903,0.23778957994148936,0.014966418107779364,0.020942408376963352
xgb,host_only,kaggle_malicious,mendeley_phishurl,43,cross,domain_dedup,28121,15987,0.17179906630293368,0.44103097150638604,0.017326577844498654,0.02689685369362607
xgb,host_only,kaggle_malicious,hannousse,43,cross,raw,11430,5715,0.3970915052941217,0.45819787806410184,0.0013998250218722659,0.012773403324584426
xgb,host_only,kaggle_malicious,hannousse,43,cross,url_dedup,11033,5320,0.3943263714598943,0.44066292599405116,0.0015037593984962407,0.013345864661654135
xgb,host_only,kaggle_malicious,hannousse,43,cross,domain_dedup,7697,3663,0.3490228295632361,0.42851198119550316,0.009009009009009009,0.015561015561015561
xgb,host_only,kaggle_malicious,ebbu2017,43,cross,raw,60000,30360,0.35592600223321047,0.40326811272666163,0.0002964426877470356,0.0027997364953886695
xgb,host_only,kaggle_malicious,ebbu2017,43,cross,url_dedup,59950,30325,0.355766873776006,0.40305814424834707,0.0002967848309975268,0.002802967848309975
xgb,host_only,kaggle_malicious,ebbu2017,43,cross,domain_dedup,46489,28616,0.3185075302837538,0.500644316788218,0.0005591277606933184,0.0028305842885099244
xgb,host_only,kaggle_malicious,kaggle_malicious,44,within,raw,9851,1934,0.7876045016686176,0.5582803305644469,0.040847983453981385,0.15253360910031025
xgb,host_only,kaggle_malicious,phiusiil,44,cross,raw,60000,25603,0.2793264106748454,0.3434161088824229,0.0023044174510799516,0.014451431472874272
xgb,host_only,kaggle_malicious,phiusiil,44,cross,url_dedup,59966,25601,0.2794078551817991,0.3437126675275715,0.002304597476661068,0.014452560446857545
xgb,host_only,kaggle_malicious,phiusiil,44,cross,domain_dedup,52752,19367,0.3339434327559052,0.32000086908577663,0.004595445861517013,0.01662621985852223
xgb,host_only,kaggle_malicious,mendeley_phishurl,44,cross,raw,60000,18933,0.18750941927316014,0.22624579198525002,0.015369988908255427,0.021760946495536893
xgb,host_only,kaggle_malicious,mendeley_phishurl,44,cross,url_dedup,55379,18909,0.18730843536292183,0.24563115792097495,0.015495266804167327,0.021788566291184093
xgb,host_only,kaggle_malicious,mendeley_phishurl,44,cross,domain_dedup,28121,15987,0.17519460064021647,0.4540713151021765,0.017701882779758555,0.02639644711327954
xgb,host_only,kaggle_malicious,hannousse,44,cross,raw,11430,5715,0.39734584358057606,0.4599794178711304,0.0019247594050743656,0.011373578302712161
xgb,host_only,kaggle_malicious,hannousse,44,cross,url_dedup,11033,5320,0.3947791378060064,0.4425941203512963,0.0020676691729323306,0.011842105263157895
xgb,host_only,kaggle_malicious,hannousse,44,cross,domain_dedup,7697,3663,0.3481781123080082,0.429914109116841,0.006006006006006006,0.017745017745017744
xgb,host_only,kaggle_malicious,ebbu2017,44,cross,raw,60000,30360,0.35456091510510845,0.40259668635568546,0.000230566534914361,0.002108036890645586
xgb,host_only,kaggle_malicious,ebbu2017,44,cross,url_dedup,59950,30325,0.3544192112870068,0.4024048001562653,0.00023083264633140974,0.002110469909315746
xgb,host_only,kaggle_malicious,ebbu2017,44,cross,domain_dedup,46489,28616,0.3170136269286416,0.5006049240375583,0.0007338551859099804,0.0032499301090299134
xgb,host_only,kaggle_malicious,kaggle_malicious,45,within,raw,12371,1941,0.8093250407638963,0.5471807825262162,0.033487892838742914,0.16383307573415765
xgb,host_only,kaggle_malicious,phiusiil,45,cross,raw,60000,25603,0.289119069493365,0.34837547910055755,0.0013279693785884466,0.014959184470569854
xgb,host_only,kaggle_malicious,phiusiil,45,cross,url_dedup,59966,25601,0.2891931657128213,0.3486668631015344,0.0013280731221436662,0.014960353111206593
xgb,host_only,kaggle_malicious,phiusiil,45,cross,domain_dedup,52752,19367,0.34502821937506134,0.3266846694009123,0.005266690762637476,0.01889812567769918
xgb,host_only,kaggle_malicious,mendeley_phishurl,45,cross,raw,60000,18933,0.19196462205661086,0.22242190124910347,0.00031690698779908097,0.022553213965034596
xgb,host_only,kaggle_malicious,mendeley_phishurl,45,cross,url_dedup,55379,18909,0.19174230602364176,0.24193665566019673,0.013961605584642234,0.022581839335766036
xgb,host_only,kaggle_malicious,mendeley_phishurl,45,cross,domain_dedup,28121,15987,0.1782051901841418,0.4535347168579246,0.016388315506348908,0.025770938887846376
xgb,host_only,kaggle_malicious,hannousse,45,cross,raw,11430,5715,0.4073046862143107,0.4679025670052068,0.0015748031496062992,0.011898512685914261
xgb,host_only,kaggle_malicious,hannousse,45,cross,url_dedup,11033,5320,0.40506062877305293,0.4507296531914142,0.0016917293233082707,0.012593984962406015
xgb,host_only,kaggle_malicious,hannousse,45,cross,domain_dedup,7697,3663,0.3602109681683306,0.4393285540166365,0.008463008463008462,0.018837018837018837
xgb,host_only,kaggle_malicious,ebbu2017,45,cross,raw,60000,30360,0.35643783482599267,0.40353741379997765,0.000230566534914361,0.0017457180500658762
xgb,host_only,kaggle_malicious,ebbu2017,45,cross,url_dedup,59950,30325,0.3562721554467947,0.4033204953912794,0.00023083264633140974,0.0017477328936521023
xgb,host_only,kaggle_malicious,ebbu2017,45,cross,domain_dedup,46489,28616,0.31936010392243314,0.5014641887740315,0.0004892367906066536,0.003389712049203243
xgb,host_only,kaggle_malicious,kaggle_malicious,46,within,raw,10545,2082,0.831321609814684,0.6002436446374128,0.03025936599423631,0.13304514889529298
xgb,host_only,kaggle_malicious,phiusiil,46,cross,raw,60000,25603,0.2794249508268109,0.3390980881896534,0.0021481857594813107,0.015193532007967817
xgb,host_only,kaggle_malicious,phiusiil,46,cross,url_dedup,59966,25601,0.27949692306880036,0.3393853038599251,0.0021483535799382836,0.01519471895629077
xgb,host_only,kaggle_malicious,phiusiil,46,cross,domain_dedup,52752,19367,0.3329011823896846,0.31490953798581023,0.0055764961016161515,0.018071978107089378
xgb,host_only,kaggle_malicious,mendeley_phishurl,46,cross,raw,60000,18933,0.18612027699899866,0.22289756504559433,0.014366450113558337,0.02228912480853536
xgb,host_only,kaggle_malicious,mendeley_phishurl,46,cross,url_dedup,55379,18909,0.18596636615096884,0.24229263632236087,0.014384684541752605,0.022317414987572056
xgb,host_only,kaggle_malicious,mendeley_phishurl,46,cross,domain_dedup,28121,15987,0.17519969378449476,0.45298043665126275,0.016951272909238757,0.027835116031775818
xgb,host_only,kaggle_malicious,hannousse,46,cross,raw,11430,5715,0.3983439384162719,0.4626780338942569,0.00034995625546806647,0.01294838145231846
xgb,host_only,kaggle_malicious,hannousse,46,cross,url_dedup,11033,5320,0.39597213649386903,0.44587245312461055,0.00037593984962406017,0.013533834586466165
xgb,host_only,kaggle_malicious,hannousse,46,cross,domain_dedup,7697,3663,0.35346696811743916,0.4347526857253998,0.004095004095004095,0.016107016107016106
xgb,host_only,kaggle_malicious,ebbu2017,46,cross,raw,60000,30360,0.35501436317940893,0.4025433169774569,0.00016469038208168644,0.0018774703557312253
xgb,host_only,kaggle_malicious,ebbu2017,46,cross,url_dedup,59950,30325,0.35488077918192856,0.4023543022745466,0.00016488046166529267,0.0018796372629843363
xgb,host_only,kaggle_malicious,ebbu2017,46,cross,domain_dedup,46489,28616,0.3179524615409618,0.5004696142134856,0.0003844003354766564,0.0023762929829466034
xgb,host_only,hannousse,hannousse,42,within,raw,1939,907,0.7558214319290959,0.7554160860543889,0.07717750826901874,0.17971334068357223
xgb,host_only,hannousse,phiusiil,42,cross,raw,60000,25603,0.8073061471015079,0.8278816273460152,0.18646252392297777,0.4214740460102332
xgb,host_only,hannousse,phiusiil,42,cross,url_dedup,59936,25585,0.8071759294276328,0.8278295615930372,0.1865546218487395,0.4214578854797733
xgb,host_only,hannousse,phiusiil,42,cross,domain_dedup,53925,19850,0.762935581793754,0.7507992047176442,0.13612090680100755,0.31894206549118387
xgb,host_only,hannousse,mendeley_phishurl,42,cross,raw,60000,18933,0.8626330564634372,0.7023309610378484,0.02117995035123858,0.06750118840120424
xgb,host_only,hannousse,mendeley_phishurl,42,cross,url_dedup,59839,18776,0.8627882599488264,0.7009986993152724,0.021250532594801873,0.06763953983809118
xgb,host_only,hannousse,mendeley_phishurl,42,cross,domain_dedup,46321,16337,0.8556022037323009,0.7273004212590382,0.02203586949868397,0.06494460427251025
xgb,host_only,hannousse,kaggle_malicious,42,cross,raw,60000,10831,0.41221932730268074,0.17831580182469745,0.0002769827347428677,0.019573446588495982
xgb,host_only,hannousse,kaggle_malicious,42,cross,url_dedup,59648,10482,0.4034340131690822,0.16953047409358282,0.00028620492272467084,0.019652738027094066
xgb,host_only,hannousse,kaggle_malicious,42,cross,domain_dedup,45927,8736,0.3752411814745443,0.17158416091620332,0.00034340659340659343,0.012248168498168498
xgb,host_only,hannousse,ebbu2017,42,cross,raw,60000,30360,0.8009675621067212,0.7821652249502895,0.019729907773386034,0.0741106719367589
xgb,host_only,hannousse,ebbu2017,42,cross,url_dedup,54857,29276,0.7901990364505476,0.7865914695558025,0.017659516327367127,0.06459215739855172
xgb,host_only,hannousse,ebbu2017,42,cross,domain_dedup,42403,27806,0.718809356064041,0.8082673954217212,0.011184636409408042,0.045493778321225635
xgb,host_only,hannousse,hannousse,43,within,raw,2229,1037,0.751447693721564,0.736806755208651,0.027965284474445518,0.11957569913211186
xgb,host_only,hannousse,phiusiil,43,cross,raw,60000,25603,0.8080025646170026,0.8277712617643108,0.19337577627621763,0.4115533335937195
xgb,host_only,hannousse,phiusiil,43,cross,url_dedup,59936,25585,0.807869048168522,0.8277174772905374,0.19351182333398476,0.4115692788743404
xgb,host_only,hannousse,phiusiil,43,cross,domain_dedup,53925,19850,0.7637957794241848,0.7501699552906698,0.1404030226700252,0.31133501259445845
xgb,host_only,hannousse,mendeley_phishurl,43,cross,raw,60000,18933,0.8641416816055137,0.7038093009894375,0.012623461680663393,0.08197327417736228
xgb,host_only,hannousse,mendeley_phishurl,43,cross,url_dedup,59839,18776,0.8643019716002495,0.7024619253070692,0.012515977844056243,0.08212611844908393
xgb,host_only,hannousse,mendeley_phishurl,43,cross,domain_dedup,46321,16337,0.8565574488679573,0.7256065546940679,0.0067943930954275575,0.06959662116667686
xgb,host_only,hannousse,kaggle_malicious,43,cross,raw,60000,10831,0.41325981098254433,0.17919779470030103,0.0004616378912381128,0.018188532914781647
xgb,host_only,hannousse,kaggle_malicious,43,cross,url_dedup,59648,10482,0.40452783239159185,0.1704144034485588,0.0004770082045411181,0.018221713413470713
xgb,host_only,hannousse,kaggle_malicious,43,cross,domain_dedup,45927,8736,0.37554488669173675,0.1718303719836805,0.00034340659340659343,0.014537545787545788
xgb,host_only,hannousse,ebbu2017,43,cross,raw,60000,30360,0.8018422291698893,0.7838817456856333,0.019598155467720684,0.07150856389986825
xgb,host_only,hannousse,ebbu2017,43,cross,url_dedup,54857,29276,0.7911478255053339,0.7883447368663785,0.017761989342806393,0.06616341030195382
xgb,host_only,hannousse,ebbu2017,43,cross,domain_dedup,42403,27806,0.7202372412236552,0.8102019640275671,0.010825001798173056,0.049593612889304466
xgb,host_only,hannousse,hannousse,44,within,raw,2670,1384,0.8007873250388802,0.8309766306320724,0.13945086705202311,0.217485549132948
xgb,host_only,hannousse,phiusiil,44,cross,raw,60000,25603,0.8081190150698052,0.8285508602628038,0.19349295004491662,0.4137405772761005
xgb,host_only,hannousse,phiusiil,44,cross,url_dedup,59936,25585,0.8079885265441347,0.8284977288006697,0.19358999413718975,0.4136798905608755
xgb,host_only,hannousse,phiusiil,44,cross,domain_dedup,53925,19850,0.7638816849038367,0.7513014973296602,0.13788413098236776,0.3178337531486146
xgb,host_only,hannousse,mendeley_phishurl,44,cross,raw,60000,18933,0.8619527421666409,0.6962044640734303,0.01811651613584746,0.08250145249036074
xgb,host_only,hannousse,mendeley_phishurl,44,cross,url_dedup,59839,18776,0.8621385307367654,0.6948554892039571,0.01816148274392842,0.08260545377077119
xgb,host_only,hannousse,mendeley_phishurl,44,cross,domain_dedup,46321,16337,0.8550288796574471,0.7187428735476293,0.017995960090591907,0.07296321234008692
xgb,host_only,hannousse,kaggle_malicious,44,cross,raw,60000,10831,0.410290675378967,0.1782725955183976,0.0011079309389714707,0.019296463853753117
xgb,host_only,hannousse,kaggle_malicious,44,cross,url_dedup,59648,10482,0.401514852164557,0.16949913610230782,0.0011448196908986834,0.019271131463461173
xgb,host_only,hannousse,kaggle_malicious,44,cross,domain_dedup,45927,8736,0.3732927992716147,0.17092582814008467,0.00034340659340659343,0.013736263736263736
xgb,host_only,hannousse,ebbu2017,44,cross,raw,60000,30360,0.801890379436861,0.7837469773665081,0.018511198945981553,0.06874176548089592
xgb,host_only,hannousse,ebbu2017,44,cross,url_dedup,54857,29276,0.79111868312672,0.7881902141057104,0.01666894384478754,0.06233775105888783
xgb,host_only,hannousse,ebbu2017,44,cross,domain_dedup,42403,27806,0.7200302511419379,0.8100896134047113,0.013054736387829965,0.04704020714953607
xgb,host_only,hannousse,hannousse,45,within,raw,2161,824,0.7124081409618694,0.6447874452772814,0.04733009708737864,0.10800970873786407
xgb,host_only,hannousse,phiusiil,45,cross,raw,60000,25603,0.8084110161074604,0.829052416057114,0.20079678162715306,0.4196773815568488
xgb,host_only,hannousse,phiusiil,45,cross,url_dedup,59936,25585,0.808280323285687,0.8290008162846558,0.20093804963846004,0.4196208716044557
xgb,host_only,hannousse,phiusiil,45,cross,domain_dedup,53925,19850,0.7636592883899975,0.7514189190887492,0.13869017632241815,0.32297229219143575
xgb,host_only,hannousse,mendeley_phishurl,45,cross,raw,60000,18933,0.8615807601752642,0.69636865522211,0.0166904346907516,0.06380394021021497
xgb,host_only,hannousse,mendeley_phishurl,45,cross,url_dedup,59839,18776,0.861756057422485,0.695010360674487,0.016776736259054112,0.06391137622496805
xgb,host_only,hannousse,mendeley_phishurl,45,cross,domain_dedup,46321,16337,0.8548168335307385,0.7204607015204815,0.014874211911611679,0.05643631021607394
xgb,host_only,hannousse,kaggle_malicious,45,cross,raw,60000,10831,0.4111700228455221,0.17710500471809193,9.232757824762257e-05,0.01985042932323885
xgb,host_only,hannousse,kaggle_malicious,45,cross,url_dedup,59648,10482,0.4023639444262681,0.16837241747090187,9.540164090822362e-05,0.019938942949818735
xgb,host_only,hannousse,kaggle_malicious,45,cross,domain_dedup,45927,8736,0.375033448694163,0.17076312366594948,0.00011446886446886447,0.011446886446886446
xgb,host_only,hannousse,ebbu2017,45,cross,raw,60000,30360,0.8010846050720194,0.7815955049212665,0.01577733860342556,0.07371541501976285
xgb,host_only,hannousse,ebbu2017,45,cross,url_dedup,54857,29276,0.7902699215310645,0.7860629700148434,0.015200163956824702,0.06349911190053285
xgb,host_only,hannousse,ebbu2017,45,cross,domain_dedup,42403,27806,0.7192161876365016,0.8083576879986891,0.01341437099906495,0.04804718406099403
xgb,host_only,hannousse,hannousse,46,within,raw,1923,910,0.7736052200514194,0.7791298011010226,0.15824175824175823,0.2021978021978022
xgb,host_only,hannousse,phiusiil,46,cross,raw,60000,25603,0.8072829487596512,0.8276084670858034,0.18255673163301175,0.4115533335937195
xgb,host_only,hannousse,phiusiil,46,cross,url_dedup,59936,25585,0.8071484771413975,0.8275527891752776,0.18268516709009186,0.41153019347273795
xgb,host_only,hannousse,phiusiil,46,cross,domain_dedup,53925,19850,0.7625345764547384,0.7498092326965431,0.1327455919395466,0.3161712846347607
xgb,host_only,hannousse,mendeley_phishurl,46,cross,raw,60000,18933,0.8611827737586542,0.6937958011241664,0.020070775893941795,0.07684994454127714
xgb,host_only,hannousse,mendeley_phishurl,46,cross,url_dedup,59839,18776,0.8613379712163735,0.6924044058086032,0.020132083510864932,0.07695994887089902
xgb,host_only,hannousse,mendeley_phishurl,46,cross,domain_dedup,46321,16337,0.8538249240059083,0.717810245239111,0.01689416661565771,0.07069841464161107
xgb,host_only,hannousse,kaggle_malicious,46,cross,raw,60000,10831,0.41150928899955147,0.179496813138283,0.0007386206259809805,0.016711291662819684
xgb,host_only,hannousse,kaggle_malicious,46,cross,url_dedup,59648,10482,0.40273473617792516,0.17068512732210314,0.0007632131272657889,0.016790688799847357
xgb,host_only,hannousse,kaggle_malicious,46,cross,domain_dedup,45927,8736,0.3761488991635398,0.1730669668803668,0.0004578754578754579,0.017857142857142856
xgb,host_only,hannousse,ebbu2017,46,cross,raw,60000,30360,0.8012112371959341,0.7830247362452394,0.019235836627140974,0.07124505928853755
xgb,host_only,hannousse,ebbu2017,46,cross,url_dedup,54857,29276,0.7904414035655337,0.7874814151759391,0.01666894384478754,0.06438721136767318
xgb,host_only,hannousse,ebbu2017,46,cross,domain_dedup,42403,27806,0.7186473270840597,0.8089007054217505,0.010896928720420054,0.04664460907717759
xgb,host_only,ebbu2017,ebbu2017,42,within,raw,11279,5871,0.7832079930538127,0.803839788689864,0.07153806847215124,0.12689490717083973
xgb,host_only,ebbu2017,phiusiil,42,cross,raw,60000,25603,0.6358821912848494,0.6088406503675478,0.024489317658086943,0.08471663476936296
xgb,host_only,ebbu2017,phiusiil,42,cross,url_dedup,59970,25601,0.6358179758103111,0.6089244217255542,0.024491230811296432,0.08472325299792977
xgb,host_only,ebbu2017,phiusiil,42,cross,domain_dedup,57759,24235,0.6336994602550735,0.600989398325412,0.023767278729110792,0.08363936455539508
xgb,host_only,ebbu2017,mendeley_phishurl,42,cross,raw,60000,18933,0.8245970406341594,0.7373345586655258,0.04552897058046797,0.15391116040775366
xgb,host_only,ebbu2017,mendeley_phishurl,42,cross,url_dedup,58479,17422,0.8165420664295548,0.7148990172458185,0.04517277006084261,0.14797382619676272
xgb,host_only,ebbu2017,mendeley_phishurl,42,cross,domain_dedup,40743,14899,0.8054672303181515,0.7516058637466513,0.03980132894825156,0.11316195717833412
xgb,host_only,ebbu2017,kaggle_malicious,42,cross,raw,60000,10831,0.4110822347519176,0.17200832401418387,0.00036931031299049027,0.020035084479734098
xgb,host_only,ebbu2017,kaggle_malicious,42,cross,url_dedup,59967,10805,0.41076098906803427,0.1715607448733839,0.00037019898195279964,0.02008329477093938
xgb,host_only,ebbu2017,kaggle_malicious,42,cross,domain_dedup,40491,8094,0.4048058575466393,0.18808422090155544,0.0004941932295527551,0.0076599950580677045
xgb,host_only,ebbu2017,hannousse,42,cross,raw,11430,5715,0.7386325834380064,0.752412574414148,0.08118985126859142,0.13280839895013125
xgb,host_only,ebbu2017,hannousse,42,cross,url_dedup,7982,5177,0.6584305943916893,0.7904306424778472,0.06683407378790805,0.11126134827119953
xgb,host_only,ebbu2017,hannousse,42,cross,domain_dedup,6546,4429,0.645750892713066,0.8040760390290179,0.07789568751411154,0.12666516143599008
xgb,host_only,ebbu2017,ebbu2017,43,within,raw,11844,5990,0.8173842721584146,0.8221420383076532,0.06026711185308848,0.1609348914858097
xgb,host_only,ebbu2017,phiusiil,43,cross,raw,60000,25603,0.6364768398434316,0.6121244545989024,0.03472249345779792,0.08471663476936296
xgb,host_only,ebbu2017,phiusiil,43,cross,url_dedup,59970,25601,0.6364148475894238,0.6122088888191493,0.034725206046638805,0.08472325299792977
xgb,host_only,ebbu2017,phiusiil,43,cross,domain_dedup,57759,24235,0.6344902999694235,0.6046750346816765,0.034784402723334024,0.08520734474932948
xgb,host_only,ebbu2017,mendeley_phishurl,43,cross,raw,60000,18933,0.8276261053824401,0.7432511804049711,0.05609253684043733,0.16114720329583268
xgb,host_only,ebbu2017,mendeley_phishurl,43,cross,url_dedup,58479,17422,0.8197480721011668,0.7212585466991099,0.05487314889220526,0.15537825737573183
xgb,host_only,ebbu2017,mendeley_phishurl,43,cross,domain_dedup,40743,14899,0.8081032883448963,0.7573250574688415,0.051144372105510434,0.1463856634673468
xgb,host_only,ebbu2017,kaggle_malicious,43,cross,raw,60000,10831,0.411618912624561,0.1725254934021067,0.00036931031299049027,0.018927153540762624
xgb,host_only,ebbu2017,kaggle_malicious,43,cross,url_dedup,59967,10805,0.411309132923419,0.1720661997104556,0.00037019898195279964,0.01888014807959278
xgb,host_only,ebbu2017,kaggle_malicious,43,cross,domain_dedup,40491,8094,0.40588240426737543,0.18899508843123164,0.0004941932295527551,0.00716580182851495
xgb,host_only,ebbu2017,hannousse,43,cross,raw,11430,5715,0.7384469198568027,0.7523626117400701,0.06719160104986877,0.1273840769903762
xgb,host_only,ebbu2017,hannousse,43,cross,url_dedup,7982,5177,0.658096950828376,0.7901669503058961,0.06509561522117056,0.10604597257098705
xgb,host_only,ebbu2017,hannousse,43,cross,domain_dedup,6546,4429,0.6459173781939003,0.8037482872312837,0.07586362610069994,0.11966583878979453
xgb,host_only,ebbu2017,ebbu2017,44,within,raw,13276,6081,0.8479801233269783,0.8191742121820912,0.05558296332839993,0.17710902812037493
xgb,host_only,ebbu2017,phiusiil,44,cross,raw,60000,25603,0.6396322100589847,0.6125526371303429,0.02800453071905636,0.08971604890051947
xgb,host_only,ebbu2017,phiusiil,44,cross,url_dedup,59970,25601,0.6395709791902497,0.6126372022977555,0.02800671848755908,0.08972305769305887
xgb,host_only,ebbu2017,phiusiil,44,cross,domain_dedup,57759,24235,0.6377703146420055,0.6047376293141333,0.027233340210439445,0.08595007220961419
xgb,host_only,ebbu2017,mendeley_phishurl,44,cross,raw,60000,18933,0.8270691297954328,0.7411816763315369,0.055669994190038555,0.15776686209264248
xgb,host_only,ebbu2017,mendeley_phishurl,44,cross,url_dedup,58479,17422,0.8191416181664245,0.7188845171330978,0.05435656067041671,0.15222132935369073
xgb,host_only,ebbu2017,mendeley_phishurl,44,cross,domain_dedup,40743,14899,0.8084639131676272,0.7555272613625509,0.04658030740318142,0.11483992214242567
xgb,host_only,ebbu2017,kaggle_malicious,44,cross,raw,60000,10831,0.4101319774369343,0.17146723430740163,0.0005539654694857353,0.019665774166743605
xgb,host_only,ebbu2017,kaggle_malicious,44,cross,url_dedup,59967,10805,0.4098031287582097,0.17099969801382994,0.0005552984729291995,0.01952799629801018
xgb,host_only,ebbu2017,kaggle_malicious,44,cross,domain_dedup,40491,8094,0.40570265724924776,0.18825195565119524,0.0007412898443291327,0.008030639980232271
xgb,host_only,ebbu2017,hannousse,44,cross,raw,11430,5715,0.7408813815158495,0.7534758764006706,0.0642169728783902,0.13228346456692913
xgb,host_only,ebbu2017,hannousse,44,cross,url_dedup,7982,5177,0.6609771659027985,0.7912062922179148,0.06625458759899555,0.10681862082287039
xgb,host_only,ebbu2017,hannousse,44,cross,domain_dedup,6546,4429,0.6476513442076117,0.8043616741573743,0.077218333709641,0.11605328516595169
xgb,host_only,ebbu2017,ebbu2017,45,within,raw,12228,6433,0.8290550490105284,0.8489750985949726,0.06855277475516866,0.20068397326286336
xgb,host_only,ebbu2017,phiusiil,45,cross,raw,60000,25603,0.6364072487921252,0.6141760371068112,0.04026871850954966,0.1009647306956216
xgb,host_only,ebbu2017,phiusiil,45,cross,url_dedup,59970,25601,0.6363447602523973,0.614259886387496,0.040271864380297645,0.10097261825709933
xgb,host_only,ebbu2017,phiusiil,45,cross,domain_dedup,57759,24235,0.6352162621757333,0.6068010174843841,0.03944708066845472,0.0988652774912317
xgb,host_only,ebbu2017,mendeley_phishurl,45,cross,raw,60000,18933,0.825079651076046,0.7377194981302135,0.04980721491575556,0.15866476522473988
xgb,host_only,ebbu2017,mendeley_phishurl,45,cross,url_dedup,58479,17422,0.8170239389073142,0.7151591635802752,0.049075881069911606,0.15273791757547928
xgb,host_only,ebbu2017,mendeley_phishurl,45,cross,domain_dedup,40743,14899,0.808568833374355,0.7553520448103354,0.04651318880461776,0.14537888448889189
xgb,host_only,ebbu2017,kaggle_malicious,45,cross,raw,60000,10831,0.40997817763169214,0.1715281184701169,0.00018465515649524513,0.018188532914781647
xgb,host_only,ebbu2017,kaggle_malicious,45,cross,url_dedup,59967,10805,0.4096653546008615,0.1710685898341433,0.00018509949097639982,0.018047200370198982
xgb,host_only,ebbu2017,kaggle_malicious,45,cross,domain_dedup,40491,8094,0.40390193409065234,0.18779103608968428,0.00024709661477637757,0.006424511984185817
xgb,host_only,ebbu2017,hannousse,45,cross,raw,11430,5715,0.7402575990337166,0.7540076856725562,0.06981627296587926,0.1415573053368329
xgb,host_only,ebbu2017,hannousse,45,cross,url_dedup,7982,5177,0.6601408189313972,0.7916463039974753,0.07050415298435388,0.09812632798918293
xgb,host_only,ebbu2017,hannousse,45,cross,domain_dedup,6546,4429,0.6481735177592867,0.8053055781906304,0.08218559494242493,0.10815082411379544
xgb,host_only,ebbu2017,ebbu2017,46,within,raw,13622,6468,0.8393712302314883,0.8130512031542321,0.04839208410636982,0.1779529993815708
xgb,host_only,ebbu2017,phiusiil,46,cross,raw,60000,25603,0.6427630795098663,0.6202790948865244,0.027145256415263837,0.09655118540796001
xgb,host_only,ebbu2017,phiusiil,46,cross,url_dedup,59970,25601,0.6426997900439394,0.6203617422533914,0.027147377055583767,0.09655872817468068
xgb,host_only,ebbu2017,phiusiil,46,cross,domain_dedup,57759,24235,0.6408585474129038,0.6127655213588945,0.02673818857024964,0.09564679182999794
xgb,host_only,ebbu2017,mendeley_phishurl,46,cross,raw,60000,18933,0.8270843724605326,0.741172676484096,0.05376855226324407,0.17778482015528443
xgb,host_only,ebbu2017,mendeley_phishurl,46,cross,url_dedup,58479,17422,0.8191659570737085,0.718979135988563,0.05263459993112157,0.17299965560785213
xgb,host_only,ebbu2017,mendeley_phishurl,46,cross,domain_dedup,40743,14899,0.8079173773064279,0.7557174910612423,0.0425531914893617,0.1430297335391637
xgb,host_only,ebbu2017,kaggle_malicious,46,cross,raw,60000,10831,0.41106856747623016,0.17238180860922164,0.0004616378912381128,0.020035084479734098
xgb,host_only,ebbu2017,kaggle_malicious,46,cross,url_dedup,59967,10805,0.41077134589698355,0.17194392533225145,0.00046274872744099955,0.01999074502545118
xgb,host_only,ebbu2017,kaggle_malicious,46,cross,domain_dedup,40491,8094,0.4050692495565902,0.1890669889757599,0.0004941932295527551,0.006671608598962194
xgb,host_only,ebbu2017,hannousse,46,cross,raw,11430,5715,0.742162702103182,0.7549875640032285,0.0726159230096238,0.1331583552055993
xgb,host_only,ebbu2017,hannousse,46,cross,url_dedup,7982,5177,0.6626110208425653,0.7925025458513475,0.0647092910952289,0.10836391732663705
xgb,host_only,ebbu2017,hannousse,46,cross,domain_dedup,6546,4429,0.6501860616563673,0.8059409880179557,0.07541205689771957,0.12260103860916685
lr,full,phiusiil,phiusiil,42,within,raw,14924,8036,0.9984604251108109,0.9991975267193034,0.9940268790443006,0.9962667994026879
lr,full,phiusiil,mendeley_phishurl,42,cross,raw,60000,18933,0.7171751522126055,0.4870914729546762,0.0,0.0
lr,full,phiusiil,mendeley_phishurl,42,cross,url_dedup,59776,18757,0.7185040328063232,0.4864183031461467,0.0,0.0
lr,full,phiusiil,mendeley_phishurl,42,cross,domain_dedup,51556,13187,0.7625382347489293,0.46550167250134233,0.0,0.0
lr,full,phiusiil,kaggle_malicious,42,cross,raw,60000,10831,0.3554741346746588,0.139922665611206,0.0,0.0
lr,full,phiusiil,kaggle_malicious,42,cross,url_dedup,59966,10829,0.3553090484339814,0.13993979864132944,0.0,0.0
lr,full,phiusiil,kaggle_malicious,42,cross,domain_dedup,55591,9508,0.35072145254254017,0.13147752438416427,0.0,0.0
lr,full,phiusiil,hannousse,42,cross,raw,11430,5715,0.6804619698128285,0.6402451976258271,0.0,0.0
lr,full,phiusiil,hannousse,42,cross,url_dedup,11367,5698,0.6784204934672389,0.6397961325683461,0.0,0.0
lr,full,phiusiil,hannousse,42,cross,domain_dedup,9512,4332,0.7306251270067059,0.6430319931042696,0.0,0.0
lr,full,phiusiil,ebbu2017,42,cross,raw,60000,30360,0.722573014402963,0.6598320701704531,0.0,0.0
lr,full,phiusiil,ebbu2017,42,cross,url_dedup,59963,30360,0.7222417406908292,0.6598365331166216,0.0,0.0
lr,full,phiusiil,ebbu2017,42,cross,domain_dedup,57229,29934,0.7306975663979226,0.6823392635047397,0.0,0.0
lr,full,phiusiil,phiusiil,43,within,raw,11624,4673,0.9970300033344599,0.9977680781119072,0.9873742777658892,0.9922961694842714
lr,full,phiusiil,phiusiil,44,within,raw,13064,6168,0.9975554683479737,0.9984147011950747,0.9899481193255513,0.993514915693904
lr,full,phiusiil,phiusiil,45,within,raw,12349,5519,0.997917522775706,0.9986003969996302,0.9889472730567131,0.9942018481608987
lr,full,phiusiil,phiusiil,46,within,raw,12031,5169,0.9970752765221043,0.9978949414323646,0.987425033855678,0.9928419423486168
lr,full,mendeley_phishurl,mendeley_phishurl,42,within,raw,11979,3514,0.9867516685431087,0.9818391425529999,0.8053500284575982,0.9032441661923734
lr,full,mendeley_phishurl,phiusiil,42,cross,raw,60000,25603,0.9680836179429039,0.978400879979746,0.8349021599031363,0.9428582587977972
lr,full,mendeley_phishurl,phiusiil,42,cross,url_dedup,59773,25423,0.9680226091275073,0.9783175462081589,0.8356606222711718,0.9431223695079259
lr,full,mendeley_phishurl,phiusiil,42,cross,domain_dedup,50234,16741,0.9651170406922098,0.9713684764049084,0.8813093602532704,0.9400872110387671
lr,full,mendeley_phishurl,kaggle_malicious,42,cross,raw,60000,10831,0.323859547808105,0.1435354961971358,0.0,0.0
lr,full,mendeley_phishurl,kaggle_malicious,42,cross,url_dedup,55381,10809,0.3254070818831552,0.1545130225383739,0.0,0.0
lr,full,mendeley_phishurl,kaggle_malicious,42,cross,domain_dedup,27817,8445,0.3397629619795137,0.24138302939479264,0.0,0.0
lr,full,mendeley_phishurl,hannousse,42,cross,raw,11430,5715,0.6883606172150616,0.7183896245248181,0.08766404199475065,0.14978127734033245
lr,full,mendeley_phishurl,hannousse,42,cross,url_dedup,11261,5550,0.6864835839166079,0.7128435127431778,0.08936936936936937,0.15153153153153154
lr,full,mendeley_phishurl,hannousse,42,cross,domain_dedup,7961,3946,0.721608621748524,0.751833863032839,0.13811454637607704,0.1971616827166751
lr,full,mendeley_phishurl,ebbu2017,42,cross,raw,60000,30360,0.8371348629758241,0.8358260081172069,0.08804347826086957,0.20029644268774704
lr,full,mendeley_phishurl,ebbu2017,42,cross,url_dedup,56886,27260,0.8414838162915236,0.8272112459753191,0.09244314013206163,0.20851063829787234
lr,full,mendeley_phishurl,ebbu2017,42,cross,domain_dedup,36481,18306,0.8258711171884474,0.8257042729520622,0.09630722167595324,0.20222877745001638
lr,full,mendeley_phishurl,mendeley_phishurl,43,within,raw,12746,3709,0.9892043831785524,0.9869281782572887,0.8050687516850903,0.955783229981127
lr,full,mendeley_phishurl,mendeley_phishurl,44,within,raw,10675,3893,0.9887690955713523,0.9868421423669775,0.8147957873105575,0.8944258926277935
lr,full,mendeley_phishurl,mendeley_phishurl,45,within,raw,13399,3390,0.9816340514775639,0.9753389783290047,0.8041297935103244,0.8955752212389381
lr,full,mendeley_phishurl,mendeley_phishurl,46,within,raw,10950,3747,0.9874586697911247,0.9851855248378709,0.822257806244996,0.8897784894582332
lr,full,kaggle_malicious,kaggle_malicious,42,within,raw,12523,2109,0.8445124569243921,0.573348143525289,0.0559506875296349,0.16121384542437173
lr,full,kaggle_malicious,phiusiil,42,cross,raw,60000,25603,0.012486166285412402,0.25478805035175306,0.0018357223762840292,0.0030855759090731554
lr,full,kaggle_malicious,phiusiil,42,cross,url_dedup,59966,25601,0.012488172518313755,0.254938043461456,0.001835865786492715,0.003085816960274989
lr,full,kaggle_malicious,phiusiil,42,cross,domain_dedup,52752,19367,0.014425693306989791,0.21391259979134697,0.002220271596013838,0.0034594929519285384
lr,full,kaggle_malicious,mendeley_phishurl,42,cross,raw,60000,18933,0.13456124495570387,0.19169105001357556,0.0010035387946970898,0.004014155178788359
lr,full,kaggle_malicious,mendeley_phishurl,42,cross,url_dedup,55379,18909,0.1344177486784837,0.2097322738667727,0.0010048125231371305,0.004019250092548522
lr,full,kaggle_malicious,mendeley_phishurl,42,cross,domain_dedup,28121,15987,0.089126728244843,0.37604707963936035,0.0008131606930631138,0.0021892787890160754
lr,full,kaggle_malicious,hannousse,42,cross,raw,11430,5715,0.36534762551006583,0.41099135363991246,0.006124234470691163,0.009098862642169728
lr,full,kaggle_malicious,hannousse,42,cross,url_dedup,11033,5320,0.3658607726212082,0.3944604510663837,0.006203007518796992,0.009022556390977444
lr,full,kaggle_malicious,hannousse,42,cross,domain_dedup,7697,3663,0.3363859419883218,0.37276829762767805,0.004095004095004095,0.006279006279006279
lr,full,kaggle_malicious,ebbu2017,42,cross,raw,60000,30360,0.2771819230858133,0.37073098574477775,0.0008563899868247694,0.0016469038208168643
lr,full,kaggle_malicious,ebbu2017,42,cross,url_dedup,59950,30325,0.2772883188802042,0.3706247146534755,0.0008573784006595218,0.0016488046166529267
lr,full,kaggle_malicious,ebbu2017,42,cross,domain_dedup,46489,28616,0.32036378506062746,0.4898976791117474,0.0007688006709533128,0.0015026558568632933
lr,full,kaggle_malicious,kaggle_malicious,43,within,raw,13894,1917,0.8901570777131564,0.6029080351569319,0.08398539384454877,0.19874804381846636
lr,full,kaggle_malicious,kaggle_malicious,44,within,raw,9851,1934,0.8505534867372047,0.5933788868991667,0.057911065149948295,0.11582213029989659
lr,full,kaggle_malicious,kaggle_malicious,45,within,raw,12371,1941,0.8510068595968413,0.5454937279320204,0.0716125708397733,0.12828438948995363
lr,full,kaggle_malicious,kaggle_malicious,46,within,raw,10545,2082,0.8665163428805708,0.6197335419202888,0.069164265129683,0.11239193083573487
lr,full,hannousse,hannousse,42,within,raw,1939,907,0.902773326324966,0.8825998433150656,0.016538037486218304,0.3296582138919515
lr,full,hannousse,phiusiil,42,cross,raw,60000,25603,0.9265200572415168,0.9314092275739262,0.5080264031558802,0.6801937272975823
lr,full,hannousse,phiusiil,42,cross,url_dedup,59936,25585,0.9264410306896977,0.9313627680696088,0.507953879226109,0.679968731678718
lr,full,hannousse,phiusiil,42,cross,domain_dedup,53925,19850,0.9067527971155641,0.8955173845628401,0.43279596977329976,0.5952644836272041
lr,full,hannousse,mendeley_phishurl,42,cross,raw,60000,18933,0.894357437912737,0.8221991340588565,0.17725664184228596,0.34453071356890086
lr,full,hannousse,mendeley_phishurl,42,cross,url_dedup,59839,18776,0.8944724191353178,0.8216051194434202,0.17804644226672348,0.34528121005538986
lr,full,hannousse,mendeley_phishurl,42,cross,domain_dedup,46321,16337,0.9025752299371645,0.8536933526674315,0.19042663891779396,0.36573422292954644
lr,full,hannousse,kaggle_malicious,42,cross,raw,60000,10831,0.4848786264518063,0.1790706012626796,9.232757824762257e-05,0.0076631889945526725
lr,full,hannousse,kaggle_malicious,42,cross,url_dedup,59648,10482,0.47881602158927916,0.17127318615601078,9.540164090822362e-05,0.007345926349933219
lr,full,hannousse,kaggle_malicious,42,cross,domain_dedup,45927,8736,0.4470982378313789,0.17493055349663855,0.00011446886446886447,0.004120879120879121
lr,full,hannousse,ebbu2017,42,cross,raw,60000,30360,0.9136679287372937,0.9098095170169117,0.18349802371541502,0.3270092226613966
lr,full,hannousse,ebbu2017,42,cross,url_dedup,54857,29276,0.9135798945740504,0.9177392612859795,0.1854078426014483,0.32904085257548843
lr,full,hannousse,ebbu2017,42,cross,domain_dedup,42403,27806,0.9098912297597249,0.9447943100620046,0.17255268647054592,0.31327770984679565
lr,full,hannousse,hannousse,43,within,raw,2229,1037,0.8830624284040824,0.8776448110633618,0.21986499517839922,0.29893924783027964
lr,full,hannousse,hannousse,44,within,raw,2670,1384,0.8737352682062947,0.8847766823308474,0.19797687861271676,0.3171965317919075
lr,full,hannousse,hannousse,45,within,raw,2161,824,0.8884529921357044,0.8427906390800862,0.1953883495145631,0.3143203883495146
lr,full,hannousse,hannousse,46,within,raw,1923,910,0.9162871679159933,0.9131173983100411,0.3120879120879121,0.3758241758241758
lr,full,ebbu2017,ebbu2017,42,within,raw,11279,5871,0.9523444893615091,0.9570238163079784,0.18037812979049567,0.5397717594958269
lr,full,ebbu2017,phiusiil,42,cross,raw,60000,25603,0.9510455798693014,0.956758589322351,0.5723938600945202,0.7744404952544623
lr,full,ebbu2017,phiusiil,42,cross,url_dedup,59970,25601,0.951033930371082,0.956769500169593,0.5723604546697395,0.7744228741064803
lr,full,ebbu2017,phiusiil,42,cross,domain_dedup,57759,24235,0.9521931311716867,0.9569492919288689,0.5804002475758201,0.7815968640396121
lr,full,ebbu2017,mendeley_phishurl,42,cross,raw,60000,18933,0.9067398265203752,0.8818478449729874,0.1760418317223895,0.6295885490941742
lr,full,ebbu2017,mendeley_phishurl,42,cross,url_dedup,58479,17422,0.8991145869156254,0.8654088306668538,0.16892434852485363,0.6001033176443578
lr,full,ebbu2017,mendeley_phishurl,42,cross,domain_dedup,40743,14899,0.9040290756605492,0.8941272500984767,0.14725820524867442,0.6148063628431438
lr,full,ebbu2017,kaggle_malicious,42,cross,raw,60000,10831,0.49899025149475373,0.17741104409354908,0.0,0.011910257593943312
lr,full,ebbu2017,kaggle_malicious,42,cross,url_dedup,59967,10805,0.4989193581322549,0.17708175212921845,0.0,0.011938917167977788
lr,full,ebbu2017,kaggle_malicious,42,cross,domain_dedup,40491,8094,0.46389655855516676,0.1871804889335318,0.0,0.011860637509266123
lr,full,ebbu2017,hannousse,42,cross,raw,11430,5715,0.8130852869113147,0.8447675928819244,0.09483814523184601,0.363079615048119
lr,full,ebbu2017,hannousse,42,cross,url_dedup,7982,5177,0.8009744526816643,0.895823527548411,0.0,0.38806258450840253
lr,full,ebbu2017,hannousse,42,cross,domain_dedup,6546,4429,0.8267851355022235,0.9183145020684412,0.0,0.40889591329871305
lr,full,ebbu2017,ebbu2017,43,within,raw,11844,5990,0.9570684941820242,0.958646444876557,0.17963272120200333,0.5373956594323873
lr,full,ebbu2017,ebbu2017,44,within,raw,13276,6081,0.9706278421755684,0.9658793640177022,0.26854135832922216,0.6115770432494656
lr,full,ebbu2017,ebbu2017,45,within,raw,12228,6433,0.9560267532313901,0.9611698640990178,0.2409451266905021,0.5476449556971864
lr,full,ebbu2017,ebbu2017,46,within,raw,13622,6468,0.9672415469097645,0.9645971944815581,0.33457019171304886,0.5913729128014842
lr,targeted_ablation,phiusiil,phiusiil,42,within,raw,14924,8036,0.927208053379421,0.9542781731763192,0.5675709308113489,0.7475111996017919
lr,targeted_ablation,phiusiil,mendeley_phishurl,42,cross,raw,60000,18933,0.6540358122644918,0.47394292382472947,0.0,0.08408598742935615
lr,targeted_ablation,phiusiil,mendeley_phishurl,42,cross,url_dedup,59776,18757,0.6533148030725915,0.4717668669153392,0.0,0.08412859199232287
lr,targeted_ablation,phiusiil,mendeley_phishurl,42,cross,domain_dedup,51556,13187,0.6104437571025052,0.3678736936484469,0.0,0.08197467202547964
lr,targeted_ablation,phiusiil,kaggle_malicious,42,cross,raw,60000,10831,0.2817061027830695,0.12416944726056135,0.0,0.0
lr,targeted_ablation,phiusiil,kaggle_malicious,42,cross,url_dedup,59966,10829,0.28150303549449107,0.12418641424313911,0.0,0.0
lr,targeted_ablation,phiusiil,kaggle_malicious,42,cross,domain_dedup,55591,9508,0.2672034103726306,0.11443153150246138,0.0,0.0
lr,targeted_ablation,phiusiil,hannousse,42,cross,raw,11430,5715,0.7483677357478171,0.7484361035939155,0.0,0.14715660542432196
lr,targeted_ablation,phiusiil,hannousse,42,cross,url_dedup,11367,5698,0.7469711282553053,0.7484451420947824,0.0,0.14706914706914706
lr,targeted_ablation,phiusiil,hannousse,42,cross,domain_dedup,9512,4332,0.7409688650859012,0.7173802697559901,0.0,0.17105263157894737
lr,targeted_ablation,phiusiil,ebbu2017,42,cross,raw,60000,30360,0.5563690204722813,0.6018701498951575,0.0,0.0838274044795784
lr,targeted_ablation,phiusiil,ebbu2017,42,cross,url_dedup,59963,30360,0.5559129115612815,0.6019013637174999,0.0,0.0838274044795784
lr,targeted_ablation,phiusiil,ebbu2017,42,cross,domain_dedup,57229,29934,0.5560106478620064,0.6156172258227612,0.0,0.08298256163559832
lr,targeted_ablation,phiusiil,phiusiil,43,within,raw,11624,4673,0.87713873301549,0.8854349594212749,0.4170768243098652,0.5865610956558955
lr,targeted_ablation,phiusiil,phiusiil,44,within,raw,13064,6168,0.9028480696905816,0.9256838265287176,0.47632944228274965,0.692769130998703
lr,targeted_ablation,phiusiil,phiusiil,45,within,raw,12349,5519,0.8915429249203537,0.9099158782358258,0.42598296792897267,0.640876970465664
lr,targeted_ablation,phiusiil,phiusiil,46,within,raw,12031,5169,0.8885523009258782,0.9038662111227178,0.3822789707873863,0.6362932869026892
lr,targeted_ablation,mendeley_phishurl,mendeley_phishurl,42,within,raw,11979,3514,0.941818600208902,0.908905225445405,0.20375640295959022,0.5002845759817871
lr,targeted_ablation,mendeley_phishurl,phiusiil,42,cross,raw,60000,25603,0.7403209111451149,0.8006293831678091,0.37815880951451003,0.5537632308713822
lr,targeted_ablation,mendeley_phishurl,phiusiil,42,cross,url_dedup,59773,25423,0.7386867030799571,0.7987204577491135,0.3769814734689061,0.5519411556464618
lr,targeted_ablation,mendeley_phishurl,phiusiil,42,cross,domain_dedup,50234,16741,0.6276680854848873,0.6389843428445594,0.29544232722059616,0.37859148199032316
lr,targeted_ablation,mendeley_phishurl,kaggle_malicious,42,cross,raw,60000,10831,0.36971824225318545,0.1613774987905799,0.0017542239867048288,0.013387498845905272
lr,targeted_ablation,mendeley_phishurl,kaggle_malicious,42,cross,url_dedup,55381,10809,0.36979806651828484,0.17220271473184715,0.0014802479415302063,0.012859653992043668
lr,targeted_ablation,mendeley_phishurl,kaggle_malicious,42,cross,domain_dedup,27817,8445,0.34954137783109596,0.2454527954775421,0.0,0.010657193605683837
lr,targeted_ablation,mendeley_phishurl,hannousse,42,cross,raw,11430,5715,0.8036389327099642,0.8232084667615926,0.09431321084864391,0.26246719160104987
lr,targeted_ablation,mendeley_phishurl,hannousse,42,cross,url_dedup,11261,5550,0.8054053423060601,0.8216729379186921,0.09675675675675675,0.2664864864864865
lr,targeted_ablation,mendeley_phishurl,hannousse,42,cross,domain_dedup,7961,3946,0.8266900794600077,0.8430008714966636,0.03674607197161683,0.3094272681196148
lr,targeted_ablation,mendeley_phishurl,ebbu2017,42,cross,raw,60000,30360,0.8540872557870556,0.8704650541354908,0.17173913043478262,0.3118247694334651
lr,targeted_ablation,mendeley_phishurl,ebbu2017,42,cross,url_dedup,56886,27260,0.8604084323376201,0.8659084841014069,0.1785766691122524,0.3239545121056493
lr,targeted_ablation,mendeley_phishurl,ebbu2017,42,cross,domain_dedup,36481,18306,0.8502404214701895,0.8644570450123288,0.16639353217524308,0.3073309297498088
lr,targeted_ablation,mendeley_phishurl,mendeley_phishurl,43,within,raw,12746,3709,0.9585547961314069,0.9509897458530688,0.705581019142626,0.8581827985980048
lr,targeted_ablation,mendeley_phishurl,mendeley_phishurl,44,within,raw,10675,3893,0.9200516651449573,0.9231036442611128,0.4194708451066016,0.7916773696378114
lr,targeted_ablation,mendeley_phishurl,mendeley_phishurl,45,within,raw,13399,3390,0.938939438281358,0.9027349406132169,0.21740412979351031,0.6601769911504425
lr,targeted_ablation,mendeley_phishurl,mendeley_phishurl,46,within,raw,10950,3747,0.9158381543496633,0.9160269312187507,0.4598345342941019,0.7827595409661062
lr,targeted_ablation,kaggle_malicious,kaggle_malicious,42,within,raw,12523,2109,0.7919503353029074,0.44183202553792633,0.003793266951161688,0.05926979611190138
lr,targeted_ablation,kaggle_malicious,phiusiil,42,cross,raw,60000,25603,0.19931875145216027,0.3102665904235456,0.008124047963129322,0.015271647853767136
lr,targeted_ablation,kaggle_malicious,phiusiil,42,cross,url_dedup,59966,25601,0.19932799268142948,0.3104552880982558,0.008124682629584781,0.015272840904652162
lr,targeted_ablation,kaggle_malicious,phiusiil,42,cross,domain_dedup,52752,19367,0.2575050374300173,0.28606323369168374,0.010378478855785614,0.01951773635565653
lr,targeted_ablation,kaggle_malicious,mendeley_phishurl,42,cross,raw,60000,18933,0.3119937899698829,0.2694595993645709,0.03132097396080917,0.040247187450483286
lr,targeted_ablation,kaggle_malicious,mendeley_phishurl,42,cross,url_dedup,55379,18909,0.31145674860892275,0.2901787243500297,0.031413612565445025,0.040192500925485215
lr,targeted_ablation,kaggle_malicious,mendeley_phishurl,42,cross,domain_dedup,28121,15987,0.23184669864604535,0.4544988866607134,0.035653968849690375,0.0425971101519985
lr,targeted_ablation,kaggle_malicious,hannousse,42,cross,raw,11430,5715,0.3549466224858376,0.4373652614942131,0.025021872265966753,0.03727034120734908
lr,targeted_ablation,kaggle_malicious,hannousse,42,cross,url_dedup,11033,5320,0.35404444618460207,0.42033724093407854,0.02537593984962406,0.03703007518796993
lr,targeted_ablation,kaggle_malicious,hannousse,42,cross,domain_dedup,7697,3663,0.327736929249076,0.408752617245973,0.03166803166803167,0.042588042588042586
lr,targeted_ablation,kaggle_malicious,ebbu2017,42,cross,raw,60000,30360,0.4606606173511208,0.5231727608856589,0.02704216073781291,0.0477931488801054
lr,targeted_ablation,kaggle_malicious,ebbu2017,42,cross,url_dedup,59950,30325,0.46079774593799244,0.5231353144520725,0.027040395713107998,0.04781533388293487
lr,targeted_ablation,kaggle_malicious,ebbu2017,42,cross,domain_dedup,46489,28616,0.47194634901976124,0.6284602304597914,0.02708275090858261,0.04273832820799553
lr,targeted_ablation,kaggle_malicious,kaggle_malicious,43,within,raw,13894,1917,0.8610627550832192,0.4756879742578834,0.0036515388628064684,0.08659363588941053
lr,targeted_ablation,kaggle_malicious,kaggle_malicious,44,within,raw,9851,1934,0.8143440496077519,0.49547957770739465,0.0036194415718717684,0.06204756980351603
lr,targeted_ablation,kaggle_malicious,kaggle_malicious,45,within,raw,12371,1941,0.8286733815337698,0.4529028854035884,0.00927357032457496,0.06027820710973725
lr,targeted_ablation,kaggle_malicious,kaggle_malicious,46,within,raw,10545,2082,0.8514461662411834,0.539818182500037,0.008165225744476465,0.04803073967339097
lr,targeted_ablation,hannousse,hannousse,42,within,raw,1939,907,0.8791580130424006,0.869786300302678,0.04630650496141125,0.36604189636163176
lr,targeted_ablation,hannousse,phiusiil,42,cross,raw,60000,25603,0.8026540177119124,0.8458247331962202,0.3926883568331836,0.597351872827403
lr,targeted_ablation,hannousse,phiusiil,42,cross,url_dedup,59936,25585,0.8024960974476399,0.84575759448373,0.3926910299003322,0.5972249364862224
lr,targeted_ablation,hannousse,phiusiil,42,cross,domain_dedup,53925,19850,0.7492585144267998,0.7745884514430427,0.3346095717884131,0.5123425692695214
lr,targeted_ablation,hannousse,mendeley_phishurl,42,cross,raw,60000,18933,0.8751315942691648,0.7931178335068436,0.1605133893202345,0.3157978133417842
lr,targeted_ablation,hannousse,mendeley_phishurl,42,cross,url_dedup,59839,18776,0.8755809885162894,0.7927321202819005,0.1614294844482318,0.31668086919471666
lr,targeted_ablation,hannousse,mendeley_phishurl,42,cross,domain_dedup,46321,16337,0.8775987192353112,0.8210388131904307,0.16575870722898942,0.3380057538103691
lr,targeted_ablation,hannousse,kaggle_malicious,42,cross,raw,60000,10831,0.4692052938206175,0.17689931834358924,0.00018465515649524513,0.008586464777028898
lr,targeted_ablation,hannousse,kaggle_malicious,42,cross,url_dedup,59648,10482,0.4632003596365938,0.16915159879572053,0.00019080328181644724,0.008395344399923678
lr,targeted_ablation,hannousse,kaggle_malicious,42,cross,domain_dedup,45927,8736,0.43801081011318366,0.17340496449143467,0.00011446886446886447,0.004120879120879121
lr,targeted_ablation,hannousse,ebbu2017,42,cross,raw,60000,30360,0.8717010138348812,0.8759545182738631,0.18376152832674572,0.30471014492753623
lr,targeted_ablation,hannousse,ebbu2017,42,cross,url_dedup,54857,29276,0.8718091211828843,0.8863072258537718,0.18014756114223254,0.3076581500204946
lr,targeted_ablation,hannousse,ebbu2017,42,cross,domain_dedup,42403,27806,0.8664879123079499,0.9221322649706221,0.1683449615190966,0.303639502265698
lr,targeted_ablation,hannousse,hannousse,43,within,raw,2229,1037,0.8557953052493965,0.8522029740329968,0.21793635486981677,0.3124397299903568
lr,targeted_ablation,hannousse,hannousse,44,within,raw,2670,1384,0.8655788437508428,0.8787409821178855,0.20158959537572255,0.27673410404624277
lr,targeted_ablation,hannousse,hannousse,45,within,raw,2161,824,0.8662679451895637,0.824456736105222,0.17597087378640777,0.33495145631067963
lr,targeted_ablation,hannousse,hannousse,46,within,raw,1923,910,0.9038575442326676,0.9053071354270701,0.3142857142857143,0.4010989010989011
lr,targeted_ablation,ebbu2017,ebbu2017,42,within,raw,11279,5871,0.9052784837013542,0.9208545812384467,0.22125702606029637,0.4181570430931698
lr,targeted_ablation,ebbu2017,phiusiil,42,cross,raw,60000,25603,0.5503281258975625,0.6163403355403562,0.1390462055227903,0.22270827637386245
lr,targeted_ablation,ebbu2017,phiusiil,42,cross,url_dedup,59970,25601,0.5502990644406276,0.6164618779641678,0.139057068083278,0.22272567477832897
lr,targeted_ablation,ebbu2017,phiusiil,42,cross,domain_dedup,57759,24235,0.542070545052549,0.6060659621406906,0.13604291314214978,0.22125025789147926
lr,targeted_ablation,ebbu2017,mendeley_phishurl,42,cross,raw,60000,18933,0.8667487560996882,0.8144311342298726,0.11609359319706333,0.3866793429461786
lr,targeted_ablation,ebbu2017,mendeley_phishurl,42,cross,url_dedup,58479,17422,0.8611793176190479,0.798136275020461,0.11565836298932385,0.3792905521754104
lr,targeted_ablation,ebbu2017,mendeley_phishurl,42,cross,domain_dedup,40743,14899,0.8466268382728179,0.820930607991769,0.11269212698838849,0.3795556748775086
lr,targeted_ablation,ebbu2017,kaggle_malicious,42,cross,raw,60000,10831,0.5084094126705108,0.18547294072939274,0.0,0.013756809158895763
lr,targeted_ablation,ebbu2017,kaggle_malicious,42,cross,url_dedup,59967,10805,0.5084015974460322,0.185164126995577,0.0,0.013789912077741787
lr,targeted_ablation,ebbu2017,kaggle_malicious,42,cross,domain_dedup,40491,8094,0.4936647618406067,0.19980216883616225,0.0,0.013837410427477144
lr,targeted_ablation,ebbu2017,hannousse,42,cross,raw,11430,5715,0.8139702200392055,0.8440513769335412,0.0647419072615923,0.35975503062117237
lr,targeted_ablation,ebbu2017,hannousse,42,cross,url_dedup,7982,5177,0.783792566669318,0.8873156794499177,0.024531581997295732,0.35792930268495265
lr,targeted_ablation,ebbu2017,hannousse,42,cross,domain_dedup,6546,4429,0.7865163398407007,0.9014571403495479,0.027094152178821405,0.375931361481147
lr,targeted_ablation,ebbu2017,ebbu2017,43,within,raw,11844,5990,0.9122773378703715,0.9232509727476392,0.26176961602671117,0.4734557595993322
lr,targeted_ablation,ebbu2017,ebbu2017,44,within,raw,13276,6081,0.9346513976992784,0.9306249230732487,0.2330208847229074,0.4721262950172669
lr,targeted_ablation,ebbu2017,ebbu2017,45,within,raw,12228,6433,0.9161448457834502,0.9321531448346055,0.30296906575470234,0.4812684595056739
lr,targeted_ablation,ebbu2017,ebbu2017,46,within,raw,13622,6468,0.925089857657552,0.9265792437198357,0.3033395176252319,0.48330241187384043
lr,host_only,phiusiil,phiusiil,42,within,raw,14924,8036,0.9011846787452977,0.9394293277099527,0.28782976605276256,0.73456943753111
lr,host_only,phiusiil,mendeley_phishurl,42,cross,raw,60000,18933,0.8542170378614771,0.714919617296961,0.09464955368932551,0.12702688427613162
lr,host_only,phiusiil,mendeley_phishurl,42,cross,url_dedup,59776,18757,0.8535385252981829,0.7120423059265821,0.09457802420429706,0.12645945513674894
lr,host_only,phiusiil,mendeley_phishurl,42,cross,domain_dedup,51556,13187,0.8506956263348823,0.6319644941298614,0.04944263289603397,0.06498824599984833
lr,host_only,phiusiil,kaggle_malicious,42,cross,raw,60000,10831,0.32552775161218417,0.15389141809901405,0.0,0.01615732619333395
lr,host_only,phiusiil,kaggle_malicious,42,cross,url_dedup,59966,10829,0.3254888142072029,0.15391501196632695,0.0,0.01616031027795734
lr,host_only,phiusiil,kaggle_malicious,42,cross,domain_dedup,55591,9508,0.3036435118061883,0.13682360368425894,0.0,0.013988220445940261
lr,host_only,phiusiil,hannousse,42,cross,raw,11430,5715,0.7708312685761175,0.7737444010045511,0.04339457567804025,0.12143482064741908
lr,host_only,phiusiil,hannousse,42,cross,url_dedup,11367,5698,0.7701179265829116,0.7739541820171125,0.04352404352404352,0.1217971217971218
lr,host_only,phiusiil,hannousse,42,cross,domain_dedup,9512,4332,0.7488216005875287,0.7275698419125305,0.040627885503231764,0.12973222530009235
lr,host_only,phiusiil,ebbu2017,42,cross,raw,60000,30360,0.6815496914889076,0.636030970267404,0.012121212121212121,0.022397891963109356
lr,host_only,phiusiil,ebbu2017,42,cross,url_dedup,59963,30360,0.6813985798985851,0.636221289609474,0.012121212121212121,0.022397891963109356
lr,host_only,phiusiil,ebbu2017,42,cross,domain_dedup,57229,29934,0.6856100016482498,0.6585819737878515,0.012460746976682034,0.026658649027861296
lr,host_only,phiusiil,phiusiil,43,within,raw,11624,4673,0.8374561830708636,0.85004134311313,0.16477637491975178,0.5850631286111706
lr,host_only,phiusiil,phiusiil,44,within,raw,13064,6168,0.8707792055433178,0.9038490300229498,0.2206549935149157,0.6823929961089494
lr,host_only,phiusiil,phiusiil,45,within,raw,12349,5519,0.8436447814909072,0.8769873455158905,0.28175394093132816,0.6377967023011415
lr,host_only,phiusiil,phiusiil,46,within,raw,12031,5169,0.8494057374865371,0.8740363892801636,0.224414780421745,0.6254594699168118
lr,host_only,mendeley_phishurl,mendeley_phishurl,42,within,raw,11979,3514,0.907501359005796,0.8717057382632699,0.11326124075128059,0.35885031303357995
lr,host_only,mendeley_phishurl,phiusiil,42,cross,raw,60000,25603,0.7189343824976284,0.7798160855285542,0.3524586962465336,0.5141584970511268
lr,host_only,mendeley_phishurl,phiusiil,42,cross,url_dedup,59773,25423,0.7174458371057486,0.7779567434798087,0.3513747394091964,0.5123706879597215
lr,host_only,mendeley_phishurl,phiusiil,42,cross,domain_dedup,50234,16741,0.6027818015667679,0.6078176396598112,0.2636640582999821,0.33851024431037574
lr,host_only,mendeley_phishurl,kaggle_malicious,42,cross,raw,60000,10831,0.28347535917693456,0.13482707499625546,0.0013849136737143384,0.014957067676114856
lr,host_only,mendeley_phishurl,kaggle_malicious,42,cross,url_dedup,55381,10809,0.2852235514132724,0.14569782237120182,0.0011101859561476548,0.012859653992043668
lr,host_only,mendeley_phishurl,kaggle_malicious,42,cross,domain_dedup,27817,8445,0.2934761487009444,0.22719706522531735,0.00011841326228537596,0.006867969212551806
lr,host_only,mendeley_phishurl,hannousse,42,cross,raw,11430,5715,0.6611812324859216,0.6842800674675674,0.027296587926509186,0.06229221347331584
lr,host_only,mendeley_phishurl,hannousse,42,cross,url_dedup,11261,5550,0.6627253395927885,0.6806266452187653,0.02774774774774775,0.06378378378378378
lr,host_only,mendeley_phishurl,hannousse,42,cross,domain_dedup,7961,3946,0.6594848322844074,0.6793276744302824,0.03243791180942727,0.055245818550430814
lr,host_only,mendeley_phishurl,ebbu2017,42,cross,raw,60000,30360,0.7334679888348368,0.7421061236522513,0.010342555994729908,0.09901185770750988
lr,host_only,mendeley_phishurl,ebbu2017,42,cross,url_dedup,56886,27260,0.740748465870855,0.7288221966467485,0.010674981658107117,0.1016507703595011
lr,host_only,mendeley_phishurl,ebbu2017,42,cross,domain_dedup,36481,18306,0.7253650752431048,0.7268036583028581,0.013492843876324703,0.11182126078881241
lr,host_only,mendeley_phishurl,mendeley_phishurl,43,within,raw,12746,3709,0.9335597136042344,0.9312254731923892,0.7737934753302778,0.8425451604205986
lr,host_only,mendeley_phishurl,mendeley_phishurl,44,within,raw,10675,3893,0.8745076475459019,0.8959184560246101,0.4325712817878243,0.7870536861032623
lr,host_only,mendeley_phishurl,mendeley_phishurl,45,within,raw,13399,3390,0.896605694992501,0.8478226017488388,0.06548672566371681,0.5386430678466076
lr,host_only,mendeley_phishurl,mendeley_phishurl,46,within,raw,10950,3747,0.8653791652878968,0.8844733255193762,0.6421136909527622,0.7595409661062184
lr,host_only,kaggle_malicious,kaggle_malicious,42,within,raw,12523,2109,0.7484454854013038,0.3875883679675767,0.00474158368895211,0.04599336178283547
lr,host_only,kaggle_malicious,phiusiil,42,cross,raw,60000,25603,0.19013776636787766,0.2997111313072459,0.007030426121938835,0.01390462055227903
lr,host_only,kaggle_malicious,phiusiil,42,cross,url_dedup,59966,25601,0.19012105736426016,0.2998757489428441,0.007030975352525292,0.013905706808327799
lr,host_only,kaggle_malicious,phiusiil,42,cross,domain_dedup,52752,19367,0.24170350048404474,0.27182611223967146,0.009139257499870915,0.018020343883926267
lr,host_only,kaggle_malicious,mendeley_phishurl,42,cross,raw,60000,18933,0.14599741151084372,0.23676398249129516,0.029366714202714837,0.03607457877779539
lr,host_only,kaggle_malicious,mendeley_phishurl,42,cross,url_dedup,55379,18909,0.14596010204184173,0.2556120369950235,0.029456872388809563,0.0361203659632979
lr,host_only,kaggle_malicious,mendeley_phishurl,42,cross,domain_dedup,28121,15987,0.13340433630097653,0.4343069333513529,0.03365234252830425,0.03815600175142303
lr,host_only,kaggle_malicious,hannousse,42,cross,raw,11430,5715,0.30718454375180354,0.42641348504299764,0.020122484689413824,0.03079615048118985
lr,host_only,kaggle_malicious,hannousse,42,cross,url_dedup,11033,5320,0.3068305500316519,0.4092005500751388,0.01992481203007519,0.029699248120300753
lr,host_only,kaggle_malicious,hannousse,42,cross,domain_dedup,7697,3663,0.32890022577677513,0.4236187065305922,0.02648102648102648,0.036582036582036584
lr,host_only,kaggle_malicious,ebbu2017,42,cross,raw,60000,30360,0.3206249572160613,0.4566373379854649,0.012911725955204217,0.038537549407114624
lr,host_only,kaggle_malicious,ebbu2017,42,cross,url_dedup,59950,30325,0.3207224547013542,0.4565965245618034,0.012893652102225886,0.038549051937345424
lr,host_only,kaggle_malicious,ebbu2017,42,cross,domain_dedup,46489,28616,0.3345797278396432,0.5565115485146581,0.010239027117696394,0.03113642717360917
lr,host_only,kaggle_malicious,kaggle_malicious,43,within,raw,13894,1917,0.8088518120868858,0.43007412742251216,0.001564945226917058,0.0495565988523735
lr,host_only,kaggle_malicious,kaggle_malicious,44,within,raw,9851,1934,0.755851263999465,0.441697346817475,0.0025853154084798345,0.05015511892450879
lr,host_only,kaggle_malicious,kaggle_malicious,45,within,raw,12371,1941,0.7789764248593332,0.3939709596711997,0.00463678516228748,0.030396702730551263
lr,host_only,kaggle_malicious,kaggle_malicious,46,within,raw,10545,2082,0.7860590650401937,0.47977573054767203,0.0038424591738712775,0.03650336215177714
lr,host_only,hannousse,hannousse,42,within,raw,1939,907,0.7289957308786954,0.7107864466805227,0.05733186328555678,0.10804851157662625
lr,host_only,hannousse,phiusiil,42,cross,raw,60000,25603,0.8046627636094268,0.8400346912496749,0.2629769948834121,0.6000859274303793
lr,host_only,hannousse,phiusiil,42,cross,url_dedup,59936,25585,0.804563866067911,0.8400081119167477,0.26316200898964237,0.5999609145983975
lr,host_only,hannousse,phiusiil,42,cross,domain_dedup,53925,19850,0.7580057363461472,0.7690886594548829,0.17959697732997482,0.5138539042821159
lr,host_only,hannousse,mendeley_phishurl,42,cross,raw,60000,18933,0.868988946853716,0.7462935088932361,0.09470237152062537,0.12560080283103575
lr,host_only,hannousse,mendeley_phishurl,42,cross,url_dedup,59839,18776,0.8696483217236494,0.7458709073547207,0.09538772901576481,0.12643800596506177
lr,host_only,hannousse,mendeley_phishurl,42,cross,domain_dedup,46321,16337,0.8852830617822232,0.8174756752092931,0.10503764461039358,0.13894839933892392
lr,host_only,hannousse,kaggle_malicious,42,cross,raw,60000,10831,0.3581176451112551,0.1620439142729464,9.232757824762257e-05,0.014587757363124365
lr,host_only,hannousse,kaggle_malicious,42,cross,url_dedup,59648,10482,0.35362488455889185,0.15529359738268655,9.540164090822362e-05,0.013547033008967754
lr,host_only,hannousse,kaggle_malicious,42,cross,domain_dedup,45927,8736,0.33911707500327726,0.1656051113955826,0.00011446886446886447,0.010073260073260074
lr,host_only,hannousse,ebbu2017,42,cross,raw,60000,30360,0.7602836475119085,0.7159455130672178,0.012088274044795785,0.022990777338603427
lr,host_only,hannousse,ebbu2017,42,cross,url_dedup,54857,29276,0.7593964495751339,0.7368596193342989,0.011647766088263425,0.022168329006694902
lr,host_only,hannousse,ebbu2017,42,cross,domain_dedup,42403,27806,0.7302229691227533,0.8140685383832205,0.01244335754873049,0.030389124649356253
lr,host_only,hannousse,hannousse,43,within,raw,2229,1037,0.7484451146505473,0.721603312621411,0.06364513018322084,0.08389585342333655
lr,host_only,hannousse,hannousse,44,within,raw,2670,1384,0.7686026820629455,0.7677804889713389,0.049132947976878616,0.08526011560693642
lr,host_only,hannousse,hannousse,45,within,raw,2161,824,0.7628702500163386,0.6506306832735509,0.044902912621359224,0.0825242718446602
lr,host_only,hannousse,hannousse,46,within,raw,1923,910,0.772372346311142,0.7722385069238312,0.07142857142857142,0.17362637362637362
lr,host_only,ebbu2017,ebbu2017,42,within,raw,11279,5871,0.7759996199099173,0.7954353744685267,0.02231306421393289,0.1309827967978198
lr,host_only,ebbu2017,phiusiil,42,cross,raw,60000,25603,0.6910687414889665,0.702848186054086,0.060032027496777725,0.21641995078701715
lr,host_only,ebbu2017,phiusiil,42,cross,url_dedup,59970,25601,0.6910802246434823,0.702979205520017,0.060036717315729855,0.2164368579352369
lr,host_only,ebbu2017,phiusiil,42,cross,domain_dedup,57759,24235,0.689001604447483,0.6975459798752821,0.0621827934805034,0.2190633381473076
lr,host_only,ebbu2017,mendeley_phishurl,42,cross,raw,60000,18933,0.8500605862980426,0.8226266052507156,0.13146358210531875,0.5037764749379391
lr,host_only,ebbu2017,mendeley_phishurl,42,cross,url_dedup,58479,17422,0.8480773243260815,0.8120548232704466,0.12903225806451613,0.4971300654345081
lr,host_only,ebbu2017,mendeley_phishurl,42,cross,domain_dedup,40743,14899,0.8625505608682946,0.8590237099082139,0.13497550171152425,0.5379555674877509
lr,host_only,ebbu2017,kaggle_malicious,42,cross,raw,60000,10831,0.33165809982197725,0.15428875384005694,0.002585172190933432,0.01661896408457206
lr,host_only,ebbu2017,kaggle_malicious,42,cross,url_dedup,59967,10805,0.33150465757977843,0.15403659605736145,0.0025913928736695973,0.016658954187875982
lr,host_only,ebbu2017,kaggle_malicious,42,cross,domain_dedup,40491,8094,0.3407438482938294,0.1727991950047664,0.003459352606869286,0.006548060291574005
lr,host_only,ebbu2017,hannousse,42,cross,raw,11430,5715,0.7365336419561727,0.7412828758291934,0.029396325459317585,0.07751531058617672
lr,host_only,ebbu2017,hannousse,42,cross,url_dedup,7982,5177,0.7302030749609975,0.8258110279449569,0.02511106818620823,0.05157427081321229
lr,host_only,ebbu2017,hannousse,42,cross,domain_dedup,6546,4429,0.7453580040427923,0.8483943322860197,0.035448182433958,0.05351095055317227
lr,host_only,ebbu2017,ebbu2017,43,within,raw,11844,5990,0.7695326540704157,0.7833973255926918,0.0657762938230384,0.15525876460767946
lr,host_only,ebbu2017,ebbu2017,44,within,raw,13276,6081,0.8091266626509231,0.7961623545777232,0.03963163953297155,0.1621443841473442
lr,host_only,ebbu2017,ebbu2017,45,within,raw,12228,6433,0.7718346822299331,0.8005220470859535,0.03824032333281517,0.1425462459194777
lr,host_only,ebbu2017,ebbu2017,46,within,raw,13622,6468,0.7935904620826144,0.7800600673430237,0.03277674706246135,0.1318800247371676
tfidf_lr,raw_string,phiusiil,phiusiil,42,within,raw,14924,8036,0.9994882566777029,0.9996655148270813,0.9967645594823296,0.9977600796416127
tfidf_lr,raw_string,phiusiil,mendeley_phishurl,42,cross,raw,60000,18933,0.9922372636453012,0.992573599089276,0.9516188665293404,0.9764432472402683
tfidf_lr,raw_string,phiusiil,mendeley_phishurl,42,cross,url_dedup,59776,18757,0.9922124824148637,0.9925289921896007,0.9519112864530576,0.9764887775230581
tfidf_lr,raw_string,phiusiil,mendeley_phishurl,42,cross,domain_dedup,51556,13187,0.9897119208787527,0.9890830372907601,0.9529839993933419,0.9701220899370592
tfidf_lr,raw_string,phiusiil,kaggle_malicious,42,cross,raw,60000,10831,0.39231947533795075,0.24027249646934676,0.04136275505493491,0.08974240605668914
tfidf_lr,raw_string,phiusiil,kaggle_malicious,42,cross,url_dedup,59966,10829,0.3920410095780177,0.24009640653340178,0.04127804968141103,0.08957429125496352
tfidf_lr,raw_string,phiusiil,kaggle_malicious,42,cross,domain_dedup,55591,9508,0.38877183804302695,0.2221830987448116,0.03186790071518721,0.08045856121161127
tfidf_lr,raw_string,phiusiil,hannousse,42,cross,raw,11430,5715,0.7235907716259877,0.6969747524136989,0.0033245844269466315,0.044969378827646546
tfidf_lr,raw_string,phiusiil,hannousse,42,cross,url_dedup,11367,5698,0.7223628087978062,0.6969200273876,0.0033345033345033347,0.04387504387504387
tfidf_lr,raw_string,phiusiil,hannousse,42,cross,domain_dedup,9512,4332,0.741412229899072,0.6793129640662309,0.0050784856879039705,0.04362880886426593
tfidf_lr,raw_string,phiusiil,ebbu2017,42,cross,raw,60000,30360,0.824093535024599,0.7921419295463792,0.0006258234519104085,0.06653491436100131
tfidf_lr,raw_string,phiusiil,ebbu2017,42,cross,url_dedup,59963,30360,0.8241683527917554,0.7924822237835478,0.0008234519104084321,0.06653491436100131
tfidf_lr,raw_string,phiusiil,ebbu2017,42,cross,domain_dedup,57229,29934,0.8208745323854876,0.7974121645797301,0.0005679160820471704,0.06016569786864435
tfidf_lr,raw_string,phiusiil,phiusiil,43,within,raw,11624,4673,0.9976489456952851,0.9980823640866335,0.9935801412368928,0.9946501176974106
tfidf_lr,raw_string,phiusiil,phiusiil,44,within,raw,13064,6168,0.998951557661578,0.9992214278561639,0.994325551232166,0.99594682230869
tfidf_lr,raw_string,phiusiil,phiusiil,45,within,raw,12349,5519,0.9985574126065765,0.9989233569391379,0.9945642326508426,0.995832578365646
tfidf_lr,raw_string,phiusiil,phiusiil,46,within,raw,12031,5169,0.9981866483253667,0.9985362986892629,0.9924550203134068,0.9941961694718514
tfidf_lr,raw_string,mendeley_phishurl,mendeley_phishurl,42,within,raw,11979,3514,0.9964108799802057,0.9959918134980547,0.9863403528742174,0.9900398406374502
tfidf_lr,raw_string,mendeley_phishurl,phiusiil,42,cross,raw,60000,25603,0.9965022441738668,0.9971991943512818,0.9850798734523298,0.988282623130102
tfidf_lr,raw_string,mendeley_phishurl,phiusiil,42,cross,url_dedup,59773,25423,0.9964762151614479,0.9971685542838599,0.9850135703890178,0.988199661723636
tfidf_lr,raw_string,mendeley_phishurl,phiusiil,42,cross,domain_dedup,50234,16741,0.9947567167841036,0.9946659872604218,0.9775999044262589,0.9821993907174004
tfidf_lr,raw_string,mendeley_phishurl,kaggle_malicious,42,cross,raw,60000,10831,0.6609287058135461,0.38567349554060004,0.09546671590804173,0.14753947003970086
tfidf_lr,raw_string,mendeley_phishurl,kaggle_malicious,42,cross,url_dedup,55381,10809,0.652218562575533,0.39235297204536423,0.09455083726524192,0.1443241742991951
tfidf_lr,raw_string,mendeley_phishurl,kaggle_malicious,42,cross,domain_dedup,27817,8445,0.5317151909202971,0.4181181996207073,0.06027235050325636,0.12492599171107165
tfidf_lr,raw_string,mendeley_phishurl,hannousse,42,cross,raw,11430,5715,0.8188715518171777,0.7470276552089922,0.00034995625546806647,0.020647419072615924
tfidf_lr,raw_string,mendeley_phishurl,hannousse,42,cross,url_dedup,11261,5550,0.8183865181939074,0.7417606829980918,0.00036036036036036037,0.021261261261261263
tfidf_lr,raw_string,mendeley_phishurl,hannousse,42,cross,domain_dedup,7961,3946,0.8160373952467905,0.7460551938635411,0.0005068423720223011,0.01469842878864673
tfidf_lr,raw_string,mendeley_phishurl,ebbu2017,42,cross,raw,60000,30360,0.9114142042009605,0.8816713914293934,0.00230566534914361,0.10938735177865613
tfidf_lr,raw_string,mendeley_phishurl,ebbu2017,42,cross,url_dedup,56886,27260,0.9129567648907865,0.8727503759165488,0.002421129860601614,0.11140865737344094
tfidf_lr,raw_string,mendeley_phishurl,ebbu2017,42,cross,domain_dedup,36481,18306,0.896423646849651,0.8605873832551088,0.001092537965694308,0.07576750792090026
tfidf_lr,raw_string,mendeley_phishurl,mendeley_phishurl,43,within,raw,12746,3709,0.9965517573674004,0.9967741914611576,0.9919115664599623,0.9932596387166353
tfidf_lr,raw_string,mendeley_phishurl,mendeley_phishurl,44,within,raw,10675,3893,0.9951752735724876,0.9962518382805368,0.9635242743385564,0.9917801181608015
tfidf_lr,raw_string,mendeley_phishurl,mendeley_phishurl,45,within,raw,13399,3390,0.9978833209403571,0.9974940366865037,0.9855457227138643,0.9943952802359882
tfidf_lr,raw_string,mendeley_phishurl,mendeley_phishurl,46,within,raw,10950,3747,0.996657495370168,0.9969957573943421,0.985321590605818,0.9925273552175073
tfidf_lr,raw_string,kaggle_malicious,kaggle_malicious,42,within,raw,12523,2109,0.9681385063310205,0.875008329329567,0.1289710763394974,0.5590327169274538
tfidf_lr,raw_string,kaggle_malicious,phiusiil,42,cross,raw,60000,25603,0.19006158939475187,0.293314771019865,0.0,0.0
tfidf_lr,raw_string,kaggle_malicious,phiusiil,42,cross,url_dedup,59966,25601,0.1900822856674817,0.2934962375343548,0.0,0.0
tfidf_lr,raw_string,kaggle_malicious,phiusiil,42,cross,domain_dedup,52752,19367,0.23825417507391863,0.26243410127053934,0.0,0.0
tfidf_lr,raw_string,kaggle_malicious,mendeley_phishurl,42,cross,raw,60000,18933,0.35940933021980404,0.24110554083860974,0.0,0.002746527227592035
tfidf_lr,raw_string,kaggle_malicious,mendeley_phishurl,42,cross,url_dedup,55379,18909,0.35783217016347024,0.26215082804812173,0.0,0.0026971283515786135
tfidf_lr,raw_string,kaggle_malicious,mendeley_phishurl,42,cross,domain_dedup,28121,15987,0.263911815341064,0.4233128271304481,0.0,0.0008757115156064302
tfidf_lr,raw_string,kaggle_malicious,hannousse,42,cross,raw,11430,5715,0.2989378536781765,0.3716327124132076,0.0,0.00017497812773403323
tfidf_lr,raw_string,kaggle_malicious,hannousse,42,cross,url_dedup,11033,5320,0.2965477265279425,0.3552632539126306,0.0,0.0
tfidf_lr,raw_string,kaggle_malicious,hannousse,42,cross,domain_dedup,7697,3663,0.2283435799796732,0.329591869763394,0.0,0.0
tfidf_lr,raw_string,kaggle_malicious,ebbu2017,42,cross,raw,60000,30360,0.365964425543945,0.41264876134843614,3.293807641633728e-05,0.0018115942028985507
tfidf_lr,raw_string,kaggle_malicious,ebbu2017,42,cross,url_dedup,59950,30325,0.3659362119931404,0.41247341400151327,3.2976092333058534e-05,0.001846661170651278
tfidf_lr,raw_string,kaggle_malicious,ebbu2017,42,cross,domain_dedup,46489,28616,0.3577593977174492,0.5137039996484158,0.0,0.0014677103718199608
tfidf_lr,raw_string,kaggle_malicious,kaggle_malicious,43,within,raw,13894,1917,0.9737808194274638,0.8923900150077767,0.2842983828899322,0.6833594157537819
tfidf_lr,raw_string,kaggle_malicious,kaggle_malicious,44,within,raw,9851,1934,0.9658509126290747,0.8890054063325911,0.23061013443640124,0.5346432264736298
tfidf_lr,raw_string,kaggle_malicious,kaggle_malicious,45,within,raw,12371,1941,0.9666199876214087,0.8756808254858921,0.26481195260175167,0.5811437403400309
tfidf_lr,raw_string,kaggle_malicious,kaggle_malicious,46,within,raw,10545,2082,0.9710166012806153,0.8958530972498848,0.14553314121037464,0.5609990393852066
tfidf_lr,raw_string,hannousse,hannousse,42,within,raw,1939,907,0.9665297043665547,0.9638376756150853,0.2657111356119074,0.6780595369349504
tfidf_lr,raw_string,hannousse,phiusiil,42,cross,raw,60000,25603,0.9088405191563623,0.9171446366117884,0.623442565324376,0.6728898957153459
tfidf_lr,raw_string,hannousse,phiusiil,42,cross,url_dedup,59936,25585,0.9087943490549149,0.9171248597931186,0.6231776431502833,0.6726597615790503
tfidf_lr,raw_string,hannousse,phiusiil,42,cross,domain_dedup,53925,19850,0.8832042372082622,0.8731270833353584,0.5261964735516372,0.5854911838790932
tfidf_lr,raw_string,hannousse,mendeley_phishurl,42,cross,raw,60000,18933,0.9823240703883239,0.9757906719958335,0.6389901230655469,0.8664237046426874
tfidf_lr,raw_string,hannousse,mendeley_phishurl,42,cross,url_dedup,59839,18776,0.9821798426510829,0.9754533481194861,0.6368236046016191,0.8654132935662548
tfidf_lr,raw_string,hannousse,mendeley_phishurl,42,cross,domain_dedup,46321,16337,0.9809076521862853,0.9768352754947817,0.6053743037277346,0.8410356858664382
tfidf_lr,raw_string,hannousse,kaggle_malicious,42,cross,raw,60000,10831,0.5870145935878077,0.2321977619460508,0.0015695688302095835,0.0122795679069338
tfidf_lr,raw_string,hannousse,kaggle_malicious,42,cross,url_dedup,59648,10482,0.5786645042010136,0.2208767376967749,0.0014310246136233543,0.012020606754436176
tfidf_lr,raw_string,hannousse,kaggle_malicious,42,cross,domain_dedup,45927,8736,0.5658113453144509,0.22165149918224786,0.0010302197802197802,0.007898351648351648
tfidf_lr,raw_string,hannousse,ebbu2017,42,cross,raw,60000,30360,0.982128761541662,0.984356542184487,0.5574110671936758,0.8033267457180501
tfidf_lr,raw_string,hannousse,ebbu2017,42,cross,url_dedup,54857,29276,0.9799672358479655,0.9840457999683984,0.5405451564421369,0.7878125426970898
tfidf_lr,raw_string,hannousse,ebbu2017,42,cross,domain_dedup,42403,27806,0.9709586526828485,0.9854922891478154,0.49338272315327625,0.7367474645759908
tfidf_lr,raw_string,hannousse,hannousse,43,within,raw,2229,1037,0.9691102043193777,0.9668984941573832,0.21504339440694312,0.682738669238187
tfidf_lr,raw_string,hannousse,hannousse,44,within,raw,2670,1384,0.9489511322467838,0.9532933521532662,0.4060693641618497,0.5036127167630058
tfidf_lr,raw_string,hannousse,hannousse,45,within,raw,2161,824,0.9577856888701701,0.9422644153060183,0.2609223300970874,0.6407766990291263
tfidf_lr,raw_string,hannousse,hannousse,46,within,raw,1923,910,0.965774600522873,0.9655505157058487,0.35824175824175825,0.6626373626373626
tfidf_lr,raw_string,ebbu2017,ebbu2017,42,within,raw,11279,5871,0.9959517949524238,0.9964424947188473,0.7480838017373531,0.9242037131664111
tfidf_lr,raw_string,ebbu2017,phiusiil,42,cross,raw,60000,25603,0.9801850392176484,0.9759289484801343,0.33406241456079366,0.7275709877748702
tfidf_lr,raw_string,ebbu2017,phiusiil,42,cross,url_dedup,59970,25601,0.9801707303822207,0.9759284138346309,0.33408851216749347,0.7275887660638256
tfidf_lr,raw_string,ebbu2017,phiusiil,42,cross,domain_dedup,57759,24235,0.9796475724771371,0.9748918592293995,0.33142149783371155,0.7312977099236642
tfidf_lr,raw_string,ebbu2017,mendeley_phishurl,42,cross,raw,60000,18933,0.9764019011173056,0.9642920293848584,0.6381450377647494,0.8097501716579517
tfidf_lr,raw_string,ebbu2017,mendeley_phishurl,42,cross,url_dedup,58479,17422,0.9743550673286216,0.9585887672345772,0.6072207553667777,0.7933073125932729
tfidf_lr,raw_string,ebbu2017,mendeley_phishurl,42,cross,domain_dedup,40743,14899,0.9710157678946821,0.963166971894986,0.5985636619907376,0.7760252365930599
tfidf_lr,raw_string,ebbu2017,kaggle_malicious,42,cross,raw,60000,10831,0.6401570465272803,0.2668195304477962,0.0022158618779429414,0.013756809158895763
tfidf_lr,raw_string,ebbu2017,kaggle_malicious,42,cross,url_dedup,59967,10805,0.6397973638364082,0.26602083074252003,0.002221193891716798,0.013789912077741787
tfidf_lr,raw_string,ebbu2017,kaggle_malicious,42,cross,domain_dedup,40491,8094,0.6410221765417257,0.2786308528585909,0.0018532246108228317,0.012725475660983445
tfidf_lr,raw_string,ebbu2017,hannousse,42,cross,raw,11430,5715,0.9434281016710181,0.9423650972869974,0.19142607174103238,0.44286964129483813
tfidf_lr,raw_string,ebbu2017,hannousse,42,cross,url_dedup,7982,5177,0.8980262693519293,0.9382969907510667,0.11782885841220785,0.29689009078616957
tfidf_lr,raw_string,ebbu2017,hannousse,42,cross,domain_dedup,6546,4429,0.8998361061893669,0.9456615787056039,0.1293745766538722,0.3072928426281328
tfidf_lr,raw_string,ebbu2017,ebbu2017,43,within,raw,11844,5990,0.9951704326707821,0.9954310745935775,0.7193656093489148,0.9055091819699499
tfidf_lr,raw_string,ebbu2017,ebbu2017,44,within,raw,13276,6081,0.9971181041119772,0.9968065161320425,0.836211149481993,0.9414569972044071
tfidf_lr,raw_string,ebbu2017,ebbu2017,45,within,raw,12228,6433,0.9965427133899073,0.9968959625903027,0.7602984610601585,0.939375097155293
tfidf_lr,raw_string,ebbu2017,ebbu2017,46,within,raw,13622,6468,0.9966357244603181,0.9963324505487,0.7934446505875077,0.9200680272108843
xgb_nowww,host_only,phiusiil,phiusiil,42,within,raw,14924,8036,0.8384131256182255,0.8940310760991561,0.34121453459432555,0.5390741662518665
xgb_nowww,host_only,phiusiil,mendeley_phishurl,42,cross,raw,60000,18933,0.6563461650644931,0.5477758620918582,0.06290603707811757,0.1250726245180373
xgb_nowww,host_only,phiusiil,mendeley_phishurl,42,cross,url_dedup,59776,18757,0.6541847013779166,0.54352413040634,0.06258996641253932,0.1243802313802847
xgb_nowww,host_only,phiusiil,mendeley_phishurl,42,cross,domain_dedup,51556,13187,0.5506488666330417,0.324609392180931,0.009630696898460606,0.030029574581026768
xgb_nowww,host_only,phiusiil,kaggle_malicious,42,cross,raw,60000,10831,0.5292144970225009,0.20777723411464283,0.0016618964084572062,0.013756809158895763
xgb_nowww,host_only,phiusiil,kaggle_malicious,42,cross,url_dedup,59966,10829,0.5290487185871263,0.20773602033907448,0.0016622033428756117,0.013759349893803676
xgb_nowww,host_only,phiusiil,kaggle_malicious,42,cross,domain_dedup,55591,9508,0.512428415982718,0.18408309855778138,0.0009465713083718974,0.011043331931005469
xgb_nowww,host_only,phiusiil,hannousse,42,cross,raw,11430,5715,0.682286947289944,0.7375741970570238,0.1174103237095363,0.17690288713910762
xgb_nowww,host_only,phiusiil,hannousse,42,cross,url_dedup,11367,5698,0.6820703801211828,0.7380355411394148,0.11776061776061776,0.17725517725517725
xgb_nowww,host_only,phiusiil,hannousse,42,cross,domain_dedup,9512,4332,0.6193076040028949,0.6456702608232638,0.10641735918744229,0.15443213296398892
xgb_nowww,host_only,phiusiil,ebbu2017,42,cross,raw,60000,30360,0.45929455286005627,0.4875569316496875,0.007213438735177866,0.02404479578392622
xgb_nowww,host_only,phiusiil,ebbu2017,42,cross,url_dedup,59963,30360,0.4592001066640461,0.48777783162436716,0.007213438735177866,0.02404479578392622
xgb_nowww,host_only,phiusiil,ebbu2017,42,cross,domain_dedup,57229,29934,0.45905731633835756,0.5025169707009776,0.006848399812921761,0.025823478318968397
xgb_nowww,host_only,phiusiil,phiusiil,43,within,raw,11624,4673,0.7911291578113839,0.7866354288051816,0.18767387117483417,0.4070190455809972
xgb_nowww,host_only,phiusiil,mendeley_phishurl,43,cross,raw,60000,18933,0.6569033355014149,0.5486010840942726,0.06285321924681772,0.12301272909734326
xgb_nowww,host_only,phiusiil,mendeley_phishurl,43,cross,url_dedup,59776,18757,0.6547510741978918,0.5443682580113907,0.0625366529828864,0.1224076344831263
xgb_nowww,host_only,phiusiil,mendeley_phishurl,43,cross,domain_dedup,51556,13187,0.5519217206569431,0.3253639438180209,0.010768180784105559,0.02949874876772579
xgb_nowww,host_only,phiusiil,kaggle_malicious,43,cross,raw,60000,10831,0.5307343915913879,0.20774002809809305,0.0007386206259809805,0.014126119471886252
xgb_nowww,host_only,phiusiil,kaggle_malicious,43,cross,url_dedup,59966,10829,0.5305717368830055,0.20770299887791963,0.0007387570412780497,0.0141287284144427
xgb_nowww,host_only,phiusiil,kaggle_malicious,43,cross,domain_dedup,55591,9508,0.5141052834639946,0.18420965768328412,0.00010517458981909971,0.012305427008834666
xgb_nowww,host_only,phiusiil,hannousse,43,cross,raw,11430,5715,0.6831991757810676,0.7377893137927867,0.09693788276465441,0.1784776902887139
xgb_nowww,host_only,phiusiil,hannousse,43,cross,url_dedup,11367,5698,0.6829512089699072,0.7382221195515775,0.09722709722709723,0.17813267813267813
xgb_nowww,host_only,phiusiil,hannousse,43,cross,domain_dedup,9512,4332,0.6207030289094001,0.6467900631007699,0.1038781163434903,0.15627885503231764
xgb_nowww,host_only,phiusiil,ebbu2017,43,cross,raw,60000,30360,0.46175747140921625,0.48952944781031194,0.006949934123847167,0.02476943346508564
xgb_nowww,host_only,phiusiil,ebbu2017,43,cross,url_dedup,59963,30360,0.4616633975600789,0.4897513160512772,0.006949934123847167,0.02476943346508564
xgb_nowww,host_only,phiusiil,ebbu2017,43,cross,domain_dedup,57229,29934,0.4620184256374588,0.505228014060594,0.00661455201443175,0.028028328990445647
xgb_nowww,host_only,phiusiil,phiusiil,44,within,raw,13064,6168,0.8508871780591993,0.8834881420218528,0.4100194552529183,0.6053826199740596
xgb_nowww,host_only,phiusiil,mendeley_phishurl,44,cross,raw,60000,18933,0.6577453906609665,0.5492811225265815,0.07230761104949031,0.12702688427613162
xgb_nowww,host_only,phiusiil,mendeley_phishurl,44,cross,url_dedup,59776,18757,0.6555878145627357,0.5450400059149072,0.07197313003145492,0.12645945513674894
xgb_nowww,host_only,phiusiil,mendeley_phishurl,44,cross,domain_dedup,51556,13187,0.5530657829698138,0.32686190551539035,0.012815651778266475,0.02995374232198377
xgb_nowww,host_only,phiusiil,kaggle_malicious,44,cross,raw,60000,10831,0.530614341704339,0.20796089677450955,9.232757824762257e-05,0.013387498845905272
xgb_nowww,host_only,phiusiil,kaggle_malicious,44,cross,url_dedup,59966,10829,0.5304545465727466,0.2079252185620816,9.234463015975621e-05,0.01338997137316465
xgb_nowww,host_only,phiusiil,kaggle_malicious,44,cross,domain_dedup,55591,9508,0.5136781673162373,0.18441332067307875,0.00010517458981909971,0.011674379469920067
xgb_nowww,host_only,phiusiil,hannousse,44,cross,raw,11430,5715,0.6835949202762603,0.7383599330032389,0.09186351706036745,0.1826771653543307
xgb_nowww,host_only,phiusiil,hannousse,44,cross,url_dedup,11367,5698,0.6833718490536271,0.7388104902598585,0.09213759213759214,0.1826956826956827
xgb_nowww,host_only,phiusiil,hannousse,44,cross,domain_dedup,9512,4332,0.6211783459359637,0.6473529346525266,0.10457063711911357,0.14796860572483841
xgb_nowww,host_only,phiusiil,ebbu2017,44,cross,raw,60000,30360,0.45875928689286805,0.4886079956295908,0.006752305665349144,0.025263504611330697
xgb_nowww,host_only,phiusiil,ebbu2017,44,cross,url_dedup,59963,30360,0.4586669755856119,0.4888306184448748,0.006752305665349144,0.025263504611330697
xgb_nowww,host_only,phiusiil,ebbu2017,44,cross,domain_dedup,57229,29934,0.458586026707618,0.504105673518794,0.006347297387586022,0.02655842854279415
xgb_nowww,host_only,phiusiil,phiusiil,45,within,raw,12349,5519,0.8374199524231081,0.8639901501133102,0.3841275593404602,0.5642326508425439
xgb_nowww,host_only,phiusiil,mendeley_phishurl,45,cross,raw,60000,18933,0.6568623115560336,0.5474334916819837,0.062166587439919714,0.12285427560344372
xgb_nowww,host_only,phiusiil,mendeley_phishurl,45,cross,url_dedup,59776,18757,0.6547189644858175,0.5431979448365396,0.06205683211601002,0.1222476941941675
xgb_nowww,host_only,phiusiil,mendeley_phishurl,45,cross,domain_dedup,51556,13187,0.5518712109452428,0.32430416897752934,0.009099871085159627,0.03147038750284371
xgb_nowww,host_only,phiusiil,kaggle_malicious,45,cross,raw,60000,10831,0.5295883261647751,0.20770058335783337,0.0018465515649524512,0.014587757363124365
xgb_nowww,host_only,phiusiil,kaggle_malicious,45,cross,url_dedup,59966,10829,0.5294221404859079,0.20766156235249328,0.0018468926031951242,0.014590451565241481
xgb_nowww,host_only,phiusiil,kaggle_malicious,45,cross,domain_dedup,55591,9508,0.5127624570803548,0.18394510420851912,0.001051745898190997,0.011884728649558267
xgb_nowww,host_only,phiusiil,hannousse,45,cross,raw,11430,5715,0.6818715005331246,0.737074857823919,0.1216097987751531,0.18127734033245843
xgb_nowww,host_only,phiusiil,hannousse,45,cross,url_dedup,11367,5698,0.6816683611973787,0.7375435443005107,0.12197262197262197,0.18164268164268163
xgb_nowww,host_only,phiusiil,hannousse,45,cross,domain_dedup,9512,4332,0.6194935462767872,0.6456187980750825,0.10757156048014774,0.15120036934441367
xgb_nowww,host_only,phiusiil,ebbu2017,45,cross,raw,60000,30360,0.45828849243179914,0.4876771633022617,0.007411067193675889,0.025230566534914362
xgb_nowww,host_only,phiusiil,ebbu2017,45,cross,url_dedup,59963,30360,0.4581947237035808,0.48789904118861593,0.007411067193675889,0.025230566534914362
xgb_nowww,host_only,phiusiil,ebbu2017,45,cross,domain_dedup,57229,29934,0.4579916164832951,0.5028156115581967,0.006915213469633193,0.02685908999799559
xgb_nowww,host_only,phiusiil,phiusiil,46,within,raw,12031,5169,0.8251184434208847,0.8457357891661662,0.2698781195589089,0.5235055136390018
xgb_nowww,host_only,phiusiil,mendeley_phishurl,46,cross,raw,60000,18933,0.6574474651415786,0.5487204493010103,0.06480747900491206,0.12216764379654571
xgb_nowww,host_only,phiusiil,mendeley_phishurl,46,cross,url_dedup,59776,18757,0.6552958390857385,0.5444985314937655,0.06466919016900358,0.12160793303833235
xgb_nowww,host_only,phiusiil,mendeley_phishurl,46,cross,domain_dedup,51556,13187,0.5528721447854498,0.3261019617593349,0.013043148555395465,0.02949874876772579
xgb_nowww,host_only,phiusiil,kaggle_malicious,46,cross,raw,60000,10831,0.5297934817653615,0.20724690758326395,0.0011079309389714707,0.013387498845905272
xgb_nowww,host_only,phiusiil,kaggle_malicious,46,cross,url_dedup,59966,10829,0.5296282174594279,0.20720624604422228,0.0011081355619170746,0.01338997137316465
xgb_nowww,host_only,phiusiil,kaggle_malicious,46,cross,domain_dedup,55591,9508,0.5130948035805709,0.1840934226541779,0.0009465713083718974,0.012095077829196466
xgb_nowww,host_only,phiusiil,hannousse,46,cross,raw,11430,5715,0.6828646047415552,0.7372489364217287,0.09816272965879265,0.1837270341207349
xgb_nowww,host_only,phiusiil,hannousse,46,cross,url_dedup,11367,5698,0.6825983975834037,0.7376811793671264,0.09845559845559845,0.18392418392418391
xgb_nowww,host_only,phiusiil,hannousse,46,cross,domain_dedup,9512,4332,0.6208131013878937,0.646305976345357,0.07710064635272391,0.14912280701754385
xgb_nowww,host_only,phiusiil,ebbu2017,46,cross,raw,60000,30360,0.46123108505402555,0.4880198790882791,0.007971014492753623,0.02381422924901186
xgb_nowww,host_only,phiusiil,ebbu2017,46,cross,url_dedup,59963,30360,0.4611338631553607,0.48823967465544904,0.007971014492753623,0.02381422924901186
xgb_nowww,host_only,phiusiil,ebbu2017,46,cross,domain_dedup,57229,29934,0.4609846681934548,0.5032504982884952,0.0073495022382575,0.026224360259236988
xgb_nowww,host_only,mendeley_phishurl,mendeley_phishurl,42,within,raw,11979,3514,0.718069599922813,0.6324413956690216,0.1525327262379055,0.20660216277746157
xgb_nowww,host_only,mendeley_phishurl,phiusiil,42,cross,raw,60000,25603,0.7258050693568481,0.7311347984969121,0.18165839940631956,0.27723313674178807
xgb_nowww,host_only,mendeley_phishurl,phiusiil,42,cross,url_dedup,59773,25423,0.724644089831206,0.7291809886081534,0.18129253038587106,0.2766392636588916
xgb_nowww,host_only,mendeley_phishurl,phiusiil,42,cross,domain_dedup,50234,16741,0.6341362345246148,0.537431498951658,0.07831073412579893,0.14616809031718536
xgb_nowww,host_only,mendeley_phishurl,kaggle_malicious,42,cross,raw,60000,10831,0.6353553768366659,0.27879457753413045,0.004524051334133506,0.024282153079124735
xgb_nowww,host_only,mendeley_phishurl,kaggle_malicious,42,cross,url_dedup,55381,10809,0.6298624986256138,0.28958705676946783,0.004440743824590619,0.02146359515218799
xgb_nowww,host_only,mendeley_phishurl,kaggle_malicious,42,cross,domain_dedup,27817,8445,0.5037486520191686,0.31584314583047535,0.0015393724097098876,0.010420367081113085
xgb_nowww,host_only,mendeley_phishurl,hannousse,42,cross,raw,11430,5715,0.7215116701838342,0.7560102501697791,0.07331583552055992,0.21644794400699913
xgb_nowww,host_only,mendeley_phishurl,hannousse,42,cross,url_dedup,11261,5550,0.7219127304506399,0.7525239689388001,0.07441441441441442,0.2190990990990991
xgb_nowww,host_only,mendeley_phishurl,hannousse,42,cross,domain_dedup,7961,3946,0.6764884786460303,0.7068188246122326,0.0466294982260517,0.17384693360364928
xgb_nowww,host_only,mendeley_phishurl,ebbu2017,42,cross,raw,60000,30360,0.7245350163756914,0.731333328376633,0.019729907773386034,0.0772068511198946
xgb_nowww,host_only,mendeley_phishurl,ebbu2017,42,cross,url_dedup,56886,27260,0.7217816292959937,0.7094164251097341,0.020652971386647102,0.07670579603815114
xgb_nowww,host_only,mendeley_phishurl,ebbu2017,42,cross,domain_dedup,36481,18306,0.6660899809459575,0.684987695646766,0.014421501147164863,0.06222003714629083
xgb_nowww,host_only,mendeley_phishurl,mendeley_phishurl,43,within,raw,12746,3709,0.7685405880435284,0.6952763261640704,0.15394985171205178,0.23321650040442168
xgb_nowww,host_only,mendeley_phishurl,phiusiil,43,cross,raw,60000,25603,0.7259120349467271,0.7320578403278095,0.19196969105182987,0.2775065422020857
xgb_nowww,host_only,mendeley_phishurl,phiusiil,43,cross,url_dedup,59773,25423,0.7247490321117493,0.7301068845031394,0.19167682806907133,0.27699327380718247
xgb_nowww,host_only,mendeley_phishurl,phiusiil,43,cross,domain_dedup,50234,16741,0.6350882623288745,0.5388037072243698,0.08816677617824503,0.14628755749357863
xgb_nowww,host_only,mendeley_phishurl,kaggle_malicious,43,cross,raw,60000,10831,0.6360218830312204,0.2795809593104533,0.004801034068876373,0.02271258424891515
xgb_nowww,host_only,mendeley_phishurl,kaggle_malicious,43,cross,url_dedup,55381,10809,0.6305325406341917,0.29038785575728177,0.004810805809973171,0.021741141641224905
xgb_nowww,host_only,mendeley_phishurl,kaggle_malicious,43,cross,domain_dedup,27817,8445,0.5045956442599581,0.31697685260398994,0.0005920663114268798,0.014209591474245116
xgb_nowww,host_only,mendeley_phishurl,hannousse,43,cross,raw,11430,5715,0.7206859356928591,0.7549887862509188,0.05669291338582677,0.2073490813648294
xgb_nowww,host_only,mendeley_phishurl,hannousse,43,cross,url_dedup,11261,5550,0.7210314692209282,0.7514208883684931,0.05783783783783784,0.21009009009009008
xgb_nowww,host_only,mendeley_phishurl,hannousse,43,cross,domain_dedup,7961,3946,0.6756895865037281,0.7056687406153508,0.04333502280790674,0.16877850988342624
xgb_nowww,host_only,mendeley_phishurl,ebbu2017,43,cross,raw,60000,30360,0.7223265805831596,0.7306537387563008,0.02328722002635046,0.07776679841897233
xgb_nowww,host_only,mendeley_phishurl,ebbu2017,43,cross,url_dedup,56886,27260,0.719385951241793,0.7086401978032502,0.024358033749082905,0.07666911225238444
xgb_nowww,host_only,mendeley_phishurl,ebbu2017,43,cross,domain_dedup,36481,18306,0.6638585074669032,0.6842660406761907,0.014913143231727303,0.061946902654867256
xgb_nowww,host_only,mendeley_phishurl,mendeley_phishurl,44,within,raw,10675,3893,0.7449829230954879,0.692488880503304,0.15412278448497302,0.20780888774723863
xgb_nowww,host_only,mendeley_phishurl,phiusiil,44,cross,raw,60000,25603,0.7250736715124626,0.7310657215447849,0.19333671835331798,0.283794867788931
xgb_nowww,host_only,mendeley_phishurl,phiusiil,44,cross,url_dedup,59773,25423,0.7239087672963559,0.7290999567855113,0.19293553081855014,0.2831294497108917
xgb_nowww,host_only,mendeley_phishurl,phiusiil,44,cross,domain_dedup,50234,16741,0.6343875755506252,0.538460566336916,0.08541903112119945,0.14855743384505107
xgb_nowww,host_only,mendeley_phishurl,kaggle_malicious,44,cross,raw,60000,10831,0.6336138774901611,0.2780853991761612,0.004893361647123996,0.023912842766134243
xgb_nowww,host_only,mendeley_phishurl,kaggle_malicious,44,cross,url_dedup,55381,10809,0.6281325323216622,0.2888592923055553,0.004810805809973171,0.02164862614487927
xgb_nowww,host_only,mendeley_phishurl,kaggle_malicious,44,cross,domain_dedup,27817,8445,0.5034233486845138,0.3157662250656056,0.0014209591474245115,0.01349911190053286
xgb_nowww,host_only,mendeley_phishurl,hannousse,44,cross,raw,11430,5715,0.7176045601473919,0.7527088511777327,0.07139107611548556,0.21382327209098861
xgb_nowww,host_only,mendeley_phishurl,hannousse,44,cross,url_dedup,11261,5550,0.717868314821563,0.7491177109001916,0.07243243243243243,0.21675675675675676
xgb_nowww,host_only,mendeley_phishurl,hannousse,44,cross,domain_dedup,7961,3946,0.6711185373652655,0.7030996200167612,0.050177394830207805,0.16827166751140396
xgb_nowww,host_only,mendeley_phishurl,ebbu2017,44,cross,raw,60000,30360,0.7227071664986425,0.7276968160970363,0.02233201581027668,0.07776679841897233
xgb_nowww,host_only,mendeley_phishurl,ebbu2017,44,cross,url_dedup,56886,27260,0.7198011493889659,0.7055347220841028,0.02351430667644901,0.07674247982391783
xgb_nowww,host_only,mendeley_phishurl,ebbu2017,44,cross,domain_dedup,36481,18306,0.6635226159115907,0.684141784095132,0.01447612804544958,0.0585600349612149
xgb_nowww,host_only,mendeley_phishurl,mendeley_phishurl,45,within,raw,13399,3390,0.7096895095299186,0.5768199846509412,0.07846607669616519,0.16106194690265488
xgb_nowww,host_only,mendeley_phishurl,phiusiil,45,cross,raw,60000,25603,0.7257572351253722,0.7320368415277726,0.2003671444752568,0.2847713158614225
xgb_nowww,host_only,mendeley_phishurl,phiusiil,45,cross,url_dedup,59773,25423,0.7245765651007372,0.7300695547190127,0.2000944027062109,0.284112811233922
xgb_nowww,host_only,mendeley_phishurl,phiusiil,45,cross,domain_dedup,50234,16741,0.6349738280902858,0.5400190746447018,0.08816677617824503,0.15327638731258586
xgb_nowww,host_only,mendeley_phishurl,kaggle_malicious,45,cross,raw,60000,10831,0.6347700527762644,0.2787791400689109,0.002123534299695319,0.022435601514172284
xgb_nowww,host_only,mendeley_phishurl,kaggle_malicious,45,cross,url_dedup,55381,10809,0.6293150180630217,0.28957404594597336,0.0021278564159496714,0.020538440188731612
xgb_nowww,host_only,mendeley_phishurl,kaggle_malicious,45,cross,domain_dedup,27817,8445,0.5035364928867078,0.31573629209011206,0.0009473060982830077,0.01290704558910598
xgb_nowww,host_only,mendeley_phishurl,hannousse,45,cross,raw,11430,5715,0.718891835808363,0.7531067644032013,0.07191601049868766,0.20244969378827646
xgb_nowww,host_only,mendeley_phishurl,hannousse,45,cross,url_dedup,11261,5550,0.7192252662397995,0.7495548330472119,0.07315315315315316,0.20486486486486485
xgb_nowww,host_only,mendeley_phishurl,hannousse,45,cross,domain_dedup,7961,3946,0.6712476149058366,0.7009210925865206,0.05625950329447542,0.1705524581855043
xgb_nowww,host_only,mendeley_phishurl,ebbu2017,45,cross,raw,60000,30360,0.7234847290232017,0.7304605521121508,0.022496706192358367,0.07348484848484849
xgb_nowww,host_only,mendeley_phishurl,ebbu2017,45,cross,url_dedup,56886,27260,0.720553020266993,0.7084340803171298,0.02362435803374908,0.07289068231841526
xgb_nowww,host_only,mendeley_phishurl,ebbu2017,45,cross,domain_dedup,36481,18306,0.6629452163593359,0.6825830916546491,0.014530754943734295,0.06047197640117994
xgb_nowww,host_only,mendeley_phishurl,mendeley_phishurl,46,within,raw,10950,3747,0.7515780221011461,0.7203142880049792,0.13877768881772085,0.2986389111289031
xgb_nowww,host_only,mendeley_phishurl,phiusiil,46,cross,raw,60000,25603,0.7243684969919557,0.7308579678390636,0.18204897863531616,0.27942038042416906
xgb_nowww,host_only,mendeley_phishurl,phiusiil,46,cross,url_dedup,59773,25423,0.7231957010812282,0.7288890661569912,0.18168587499508318,0.27880265900955825
xgb_nowww,host_only,mendeley_phishurl,phiusiil,46,cross,domain_dedup,50234,16741,0.6329995681714395,0.5375724336495966,0.08267128606415387,0.14849770025685444
xgb_nowww,host_only,mendeley_phishurl,kaggle_malicious,46,cross,raw,60000,10831,0.6370450950752011,0.28000303675630867,0.00609362016434309,0.02437448065737236
xgb_nowww,host_only,mendeley_phishurl,kaggle_malicious,46,cross,url_dedup,55381,10809,0.6315437039576516,0.29086075540183454,0.006106022758812101,0.020908502174114163
xgb_nowww,host_only,mendeley_phishurl,kaggle_malicious,46,cross,domain_dedup,27817,8445,0.504452676688639,0.3171217397734728,0.0018946121965660154,0.014446417998815868
xgb_nowww,host_only,mendeley_phishurl,hannousse,46,cross,raw,11430,5715,0.7203487009443156,0.7567105292363521,0.06666666666666667,0.20962379702537182
xgb_nowww,host_only,mendeley_phishurl,hannousse,46,cross,url_dedup,11261,5550,0.7207200897272689,0.7532223621512133,0.06756756756756757,0.2126126126126126
xgb_nowww,host_only,mendeley_phishurl,hannousse,46,cross,domain_dedup,7961,3946,0.6760112073389261,0.7085133822849607,0.04637607704004055,0.1695387734414597
xgb_nowww,host_only,mendeley_phishurl,ebbu2017,46,cross,raw,60000,30360,0.7222468802174181,0.7287359546987331,0.01745718050065876,0.07743741765480897
xgb_nowww,host_only,mendeley_phishurl,ebbu2017,46,cross,url_dedup,56886,27260,0.7193944083489553,0.7066673698579531,0.018451944240645633,0.07707263389581805
xgb_nowww,host_only,mendeley_phishurl,ebbu2017,46,cross,domain_dedup,36481,18306,0.6642028778381756,0.6847727403019163,0.014421501147164863,0.06631705451764448
xgb_nowww,host_only,kaggle_malicious,kaggle_malicious,42,within,raw,12523,2109,0.5889577831498122,0.2728290469048267,0.010905642484589853,0.046467520151730675
xgb_nowww,host_only,kaggle_malicious,phiusiil,42,cross,raw,60000,25603,0.6230011524307165,0.6152364590358224,0.028473225793852284,0.1270944811154943
xgb_nowww,host_only,kaggle_malicious,phiusiil,42,cross,url_dedup,59966,25601,0.6229003022823822,0.6153144374238948,0.028475450177727433,0.12706534900980432
xgb_nowww,host_only,kaggle_malicious,phiusiil,42,cross,domain_dedup,52752,19367,0.6363270547112966,0.5734721155138116,0.0334073423865338,0.1399287447720349
xgb_nowww,host_only,kaggle_malicious,mendeley_phishurl,42,cross,raw,60000,18933,0.7701866341032976,0.6595734156530714,0.08144509586436381,0.15829504040564094
xgb_nowww,host_only,kaggle_malicious,mendeley_phishurl,42,cross,url_dedup,55379,18909,0.769122369135433,0.6782430677386342,0.06007721190967264,0.1543709344756465
xgb_nowww,host_only,kaggle_malicious,mendeley_phishurl,42,cross,domain_dedup,28121,15987,0.6713706828655872,0.761005337293097,0.055545130418465004,0.13736160630512292
xgb_nowww,host_only,kaggle_malicious,hannousse,42,cross,raw,11430,5715,0.6734856699343028,0.7138238511140511,0.009098862642169728,0.1284339457567804
xgb_nowww,host_only,kaggle_malicious,hannousse,42,cross,url_dedup,11033,5320,0.6702336150633892,0.6983583267266402,0.009398496240601503,0.1280075187969925
xgb_nowww,host_only,kaggle_malicious,hannousse,42,cross,domain_dedup,7697,3663,0.6202305992836484,0.6504092190336923,0.01365001365001365,0.11657111657111657
xgb_nowww,host_only,kaggle_malicious,ebbu2017,42,cross,raw,60000,30360,0.6320106250855679,0.6108719320019651,0.0009552042160737813,0.018280632411067192
xgb_nowww,host_only,kaggle_malicious,ebbu2017,42,cross,url_dedup,59950,30325,0.6318685653660591,0.6105187367211542,0.0009563066776586975,0.018136850783182192
xgb_nowww,host_only,kaggle_malicious,ebbu2017,42,cross,domain_dedup,46489,28616,0.5773959641646437,0.6774108429624831,0.005346659211629857,0.01576041375454291
xgb_nowww,host_only,kaggle_malicious,kaggle_malicious,43,within,raw,13894,1917,0.59768486016212,0.22944609198922544,0.01617110067814293,0.04538341158059468
xgb_nowww,host_only,kaggle_malicious,phiusiil,43,cross,raw,60000,25603,0.6223016128476282,0.6146031820249998,0.026559387571768935,0.12760223411318986
xgb_nowww,host_only,kaggle_malicious,phiusiil,43,cross,url_dedup,59966,25601,0.6222094089572208,0.6146827008670022,0.026561462442873326,0.12757314167415335
xgb_nowww,host_only,kaggle_malicious,phiusiil,43,cross,domain_dedup,52752,19367,0.6354983490156273,0.5731924756506435,0.03180668146847731,0.13523003046419166
xgb_nowww,host_only,kaggle_malicious,mendeley_phishurl,43,cross,raw,60000,18933,0.768705912369285,0.6559498948574976,0.07748375851687529,0.15248507896265778
xgb_nowww,host_only,kaggle_malicious,mendeley_phishurl,43,cross,url_dedup,55379,18909,0.7675796607894567,0.6747691484027338,0.06002432704003385,0.14675551324765984
xgb_nowww,host_only,kaggle_malicious,mendeley_phishurl,43,cross,domain_dedup,28121,15987,0.6678784380695668,0.7575226185875028,0.06067429786701695,0.13510977669356353
xgb_nowww,host_only,kaggle_malicious,hannousse,43,cross,raw,11430,5715,0.6723543437210331,0.7128862372496532,0.006649168853893263,0.15590551181102363
xgb_nowww,host_only,kaggle_malicious,hannousse,43,cross,url_dedup,11033,5320,0.6689620625166979,0.6971941569610116,0.006954887218045113,0.1556390977443609
xgb_nowww,host_only,kaggle_malicious,hannousse,43,cross,domain_dedup,7697,3663,0.6219814148668884,0.6523897066021218,0.006279006279006279,0.15151515151515152
xgb_nowww,host_only,kaggle_malicious,ebbu2017,43,cross,raw,60000,30360,0.6328459331477067,0.6142078931622111,0.0009881422924901185,0.020882740447957838
xgb_nowww,host_only,kaggle_malicious,ebbu2017,43,cross,url_dedup,59950,30325,0.6327125963802825,0.6138581283699218,0.000989282769991756,0.020741962077493816
xgb_nowww,host_only,kaggle_malicious,ebbu2017,43,cross,domain_dedup,46489,28616,0.5795751992582836,0.6813182142046227,0.004752585965893207,0.0174727425216662
xgb_nowww,host_only,kaggle_malicious,kaggle_malicious,44,within,raw,9851,1934,0.6211812471663415,0.33160902846063545,0.025853154084798345,0.06773526370217166
xgb_nowww,host_only,kaggle_malicious,phiusiil,44,cross,raw,60000,25603,0.623519218073578,0.6154114466673768,0.023239464125297815,0.1256883958911065
xgb_nowww,host_only,kaggle_malicious,phiusiil,44,cross,url_dedup,59966,25601,0.623412082314618,0.6154821056292974,0.02324127963751416,0.12569821491347993
xgb_nowww,host_only,kaggle_malicious,phiusiil,44,cross,domain_dedup,52752,19367,0.6374182265126788,0.5727097074783539,0.02710796716063407,0.1323901481902205
xgb_nowww,host_only,kaggle_malicious,mendeley_phishurl,44,cross,raw,60000,18933,0.7678111287650278,0.6546803777768304,0.07653303755347805,0.1574499551048434
xgb_nowww,host_only,kaggle_malicious,mendeley_phishurl,44,cross,url_dedup,55379,18909,0.7667156174356384,0.6734546006465727,0.07472632079961923,0.1530488127346766
xgb_nowww,host_only,kaggle_malicious,mendeley_phishurl,44,cross,domain_dedup,28121,15987,0.6663257017927529,0.7562230042196023,0.06142490773753675,0.1335460061299806
xgb_nowww,host_only,kaggle_malicious,hannousse,44,cross,raw,11430,5715,0.6713751704046618,0.712783898132353,0.007874015748031496,0.13910761154855644
xgb_nowww,host_only,kaggle_malicious,hannousse,44,cross,url_dedup,11033,5320,0.6682770070634314,0.6973659942707021,0.007706766917293233,0.13740601503759398
xgb_nowww,host_only,kaggle_malicious,hannousse,44,cross,domain_dedup,7697,3663,0.6207242195095443,0.6498456656352516,0.007371007371007371,0.11793611793611794
xgb_nowww,host_only,kaggle_malicious,ebbu2017,44,cross,raw,60000,30360,0.6328728753607185,0.6138022033145867,0.000691699604743083,0.020586297760210804
xgb_nowww,host_only,kaggle_malicious,ebbu2017,44,cross,url_dedup,59950,30325,0.6327243581314939,0.613445820939121,0.0006924979389942292,0.02044517724649629
xgb_nowww,host_only,kaggle_malicious,ebbu2017,44,cross,domain_dedup,46489,28616,0.5770153891993616,0.6779991922500099,0.0034596030192899077,0.01831143416270618
xgb_nowww,host_only,kaggle_malicious,kaggle_malicious,45,within,raw,12371,1941,0.6061081877021215,0.28049689050533366,0.014425553838227717,0.04945904173106646
xgb_nowww,host_only,kaggle_malicious,phiusiil,45,cross,raw,60000,25603,0.6129524301331036,0.6106562151714326,0.032418076006717964,0.12076709760574933
xgb_nowww,host_only,kaggle_malicious,phiusiil,45,cross,url_dedup,59966,25601,0.6128526921663958,0.6107341387972421,0.032420608569977735,0.12073747119253155
xgb_nowww,host_only,kaggle_malicious,phiusiil,45,cross,domain_dedup,52752,19367,0.6361221433261637,0.5735075757720434,0.03851913047968193,0.1348685909020499
xgb_nowww,host_only,kaggle_malicious,mendeley_phishurl,45,cross,raw,60000,18933,0.7668832547579509,0.6554599717172257,0.08081128188876564,0.1584534938995405
xgb_nowww,host_only,kaggle_malicious,mendeley_phishurl,45,cross,url_dedup,55379,18909,0.7658319144541773,0.6742943119306128,0.07932730445819451,0.15553440160770005
xgb_nowww,host_only,kaggle_malicious,mendeley_phishurl,45,cross,domain_dedup,28121,15987,0.6649845475136696,0.7557036584496835,0.07781322324388566,0.1347344717583036
xgb_nowww,host_only,kaggle_malicious,hannousse,45,cross,raw,11430,5715,0.6708583496179339,0.7118321639944447,0.009448818897637795,0.16832895888014
xgb_nowww,host_only,kaggle_malicious,hannousse,45,cross,url_dedup,11033,5320,0.6677182958270874,0.6963883316625432,0.009586466165413534,0.16766917293233083
xgb_nowww,host_only,kaggle_malicious,hannousse,45,cross,domain_dedup,7697,3663,0.62143392547458,0.650380490135785,0.011466011466011465,0.1526071526071526
xgb_nowww,host_only,kaggle_malicious,ebbu2017,45,cross,raw,60000,30360,0.6336395446499852,0.6108245564713373,0.0005270092226613965,0.02038866930171278
xgb_nowww,host_only,kaggle_malicious,ebbu2017,45,cross,url_dedup,59950,30325,0.6334983952330764,0.6104683078581649,0.0005276174773289365,0.02024732069249794
xgb_nowww,host_only,kaggle_malicious,ebbu2017,45,cross,domain_dedup,46489,28616,0.5805042705247994,0.6797781646995218,0.005696114062063181,0.01862594352809617
xgb_nowww,host_only,kaggle_malicious,kaggle_malicious,46,within,raw,10545,2082,0.5909793469522019,0.31281992542952197,0.023535062439961577,0.06243996157540826
xgb_nowww,host_only,kaggle_malicious,phiusiil,46,cross,raw,60000,25603,0.6175946942660152,0.6093387351926307,0.014334257704175292,0.1260008592743038
xgb_nowww,host_only,kaggle_malicious,phiusiil,46,cross,url_dedup,59966,25601,0.6174949215760721,0.6094171085408436,0.014335377524315457,0.1259716417327448
xgb_nowww,host_only,kaggle_malicious,phiusiil,46,cross,domain_dedup,52752,19367,0.6345171966979863,0.5689361936287378,0.01440594826250839,0.13455878556307121
xgb_nowww,host_only,kaggle_malicious,mendeley_phishurl,46,cross,raw,60000,18933,0.7690899068900487,0.6561004345103926,0.05978978503142661,0.15665768763534568
xgb_nowww,host_only,kaggle_malicious,mendeley_phishurl,46,cross,url_dedup,55379,18909,0.7680493312152123,0.674956153745195,0.05700988947062245,0.15246707916864985
xgb_nowww,host_only,kaggle_malicious,mendeley_phishurl,46,cross,domain_dedup,28121,15987,0.6677825601440285,0.757218900166838,0.061862763495339965,0.13091887158316132
xgb_nowww,host_only,kaggle_malicious,hannousse,46,cross,raw,11430,5715,0.671613878536399,0.7133513298161093,0.00699912510936133,0.15800524934383203
xgb_nowww,host_only,kaggle_malicious,hannousse,46,cross,url_dedup,11033,5320,0.6685725505343967,0.6979667451293341,0.006766917293233083,0.15770676691729324
xgb_nowww,host_only,kaggle_malicious,hannousse,46,cross,domain_dedup,7697,3663,0.6222662920729356,0.6530671892310933,0.006279006279006279,0.15042315042315044
xgb_nowww,host_only,kaggle_malicious,ebbu2017,46,cross,raw,60000,30360,0.6343562995293545,0.6171371016262641,0.0007246376811594203,0.02160737812911726
xgb_nowww,host_only,kaggle_malicious,ebbu2017,46,cross,url_dedup,59950,30325,0.6342254760488519,0.6167968841796949,0.0007254740313272877,0.021467436108821104
xgb_nowww,host_only,kaggle_malicious,ebbu2017,46,cross,domain_dedup,46489,28616,0.580176905647511,0.6838000092885327,0.004228403690243221,0.018066815767402853
xgb_nowww,host_only,hannousse,hannousse,42,within,raw,1939,907,0.6622517157679718,0.6857057312966481,0.08820286659316427,0.15104740904079383
xgb_nowww,host_only,hannousse,phiusiil,42,cross,raw,60000,25603,0.7340873344399037,0.7570325459551653,0.1795883294926376,0.34792797719017304
xgb_nowww,host_only,hannousse,phiusiil,42,cross,url_dedup,59936,25585,0.7340122687153845,0.7570458830575071,0.17971467656830173,0.3479773304670705
xgb_nowww,host_only,hannousse,phiusiil,42,cross,domain_dedup,53925,19850,0.6794247967607386,0.6500937684685266,0.12327455919395466,0.2398992443324937
xgb_nowww,host_only,hannousse,mendeley_phishurl,42,cross,raw,60000,18933,0.7197533541936952,0.6086932155792373,0.05883906406802936,0.15454497438335182
xgb_nowww,host_only,hannousse,mendeley_phishurl,42,cross,url_dedup,59839,18776,0.7196229983408226,0.607235993765728,0.05895824456753302,0.1549850873455475
xgb_nowww,host_only,hannousse,mendeley_phishurl,42,cross,domain_dedup,46321,16337,0.6696461389148216,0.5922824356256152,0.057048417702148496,0.12425781967313461
xgb_nowww,host_only,hannousse,kaggle_malicious,42,cross,raw,60000,10831,0.5718202277554179,0.23579896904071682,0.00036931031299049027,0.019204136275505494
xgb_nowww,host_only,hannousse,kaggle_malicious,42,cross,url_dedup,59648,10482,0.563814638046221,0.2239655622145513,0.00038160656363289447,0.01917572982255295
xgb_nowww,host_only,hannousse,kaggle_malicious,42,cross,domain_dedup,45927,8736,0.5523723571361104,0.2286217433144539,0.00022893772893772894,0.01694139194139194
xgb_nowww,host_only,hannousse,ebbu2017,42,cross,raw,60000,30360,0.6994796856302864,0.6927274974998135,0.017918313570487482,0.05764163372859025
xgb_nowww,host_only,hannousse,ebbu2017,42,cross,url_dedup,54857,29276,0.6850187100613548,0.6993253148814056,0.016532313157535183,0.05120235004782074
xgb_nowww,host_only,hannousse,ebbu2017,42,cross,domain_dedup,42403,27806,0.6049323930046625,0.7418938750871185,0.012047759476372006,0.03297849385024815
xgb_nowww,host_only,hannousse,hannousse,43,within,raw,2229,1037,0.664173483784536,0.6764902725602675,0.05978784956605593,0.12921890067502412
xgb_nowww,host_only,hannousse,phiusiil,43,cross,raw,60000,25603,0.7354652330544086,0.7584359716966862,0.1657227668632582,0.35398195523962034
xgb_nowww,host_only,hannousse,phiusiil,43,cross,url_dedup,59936,25585,0.7353886492254855,0.7584441508269897,0.1658393589994137,0.3540355677154583
xgb_nowww,host_only,hannousse,phiusiil,43,cross,domain_dedup,53925,19850,0.6807429943209434,0.6521001435611843,0.11133501259445844,0.24634760705289674
xgb_nowww,host_only,hannousse,mendeley_phishurl,43,cross,raw,60000,18933,0.7209225732919947,0.6094987911650911,0.05376855226324407,0.16965087413510802
xgb_nowww,host_only,hannousse,mendeley_phishurl,43,cross,url_dedup,59839,18776,0.7208043268928813,0.6080545805414953,0.05384533446953558,0.1701640391989774
xgb_nowww,host_only,hannousse,mendeley_phishurl,43,cross,domain_dedup,46321,16337,0.6710430480594526,0.5929600843374562,0.0470098549305258,0.14109077554018484
xgb_nowww,host_only,hannousse,kaggle_malicious,43,cross,raw,60000,10831,0.570891157205782,0.23472906886634282,0.0002769827347428677,0.016434308928076815
xgb_nowww,host_only,hannousse,kaggle_malicious,43,cross,url_dedup,59648,10482,0.562844223327996,0.2228821010252226,0.00028620492272467084,0.016504483877122687
xgb_nowww,host_only,hannousse,kaggle_malicious,43,cross,domain_dedup,45927,8736,0.5529754877996892,0.22798473195813795,0.00011446886446886447,0.013392857142857142
xgb_nowww,host_only,hannousse,ebbu2017,43,cross,raw,60000,30360,0.7006948372787903,0.6924438442648084,0.019762845849802372,0.05510540184453228
xgb_nowww,host_only,hannousse,ebbu2017,43,cross,url_dedup,54857,29276,0.6863929230976251,0.6992248959337114,0.01844514277906818,0.04887962836453067
xgb_nowww,host_only,hannousse,ebbu2017,43,cross,domain_dedup,42403,27806,0.6065212896126118,0.7424660229758471,0.01125656333165504,0.03258289577788966
xgb_nowww,host_only,hannousse,hannousse,44,within,raw,2670,1384,0.7452992543082912,0.7958342241761082,0.09971098265895954,0.22109826589595374
xgb_nowww,host_only,hannousse,phiusiil,44,cross,raw,60000,25603,0.7355666153722903,0.7596051166857586,0.17665898527516308,0.36304339335234154
xgb_nowww,host_only,hannousse,phiusiil,44,cross,url_dedup,59936,25585,0.7354911432981751,0.7596158235492555,0.17678327144811412,0.3631033808872386
xgb_nowww,host_only,hannousse,phiusiil,44,cross,domain_dedup,53925,19850,0.6806922210045627,0.6531230833186279,0.11204030226700253,0.2502770780856423
xgb_nowww,host_only,hannousse,mendeley_phishurl,44,cross,raw,60000,18933,0.7203285530707331,0.6115060266626234,0.054191094913642844,0.18676385147625837
xgb_nowww,host_only,hannousse,mendeley_phishurl,44,cross,url_dedup,59839,18776,0.7202103772684041,0.6100758661843291,0.05421815083084789,0.18747337025990626
xgb_nowww,host_only,hannousse,mendeley_phishurl,44,cross,domain_dedup,46321,16337,0.6708807530182875,0.5956251439907854,0.04958070637203893,0.15939278937381404
xgb_nowww,host_only,hannousse,kaggle_malicious,44,cross,raw,60000,10831,0.5717094399192485,0.23711967264730133,0.00018465515649524513,0.024189825500877112
xgb_nowww,host_only,hannousse,kaggle_malicious,44,cross,url_dedup,59648,10482,0.5636604782230493,0.2251876097601042,0.00019080328181644724,0.0242320167906888
xgb_nowww,host_only,hannousse,kaggle_malicious,44,cross,domain_dedup,45927,8736,0.5523431435837158,0.22949708941764665,0.00022893772893772894,0.015682234432234432
xgb_nowww,host_only,hannousse,ebbu2017,44,cross,raw,60000,30360,0.6988543589165728,0.6915313095669793,0.020948616600790514,0.056818181818181816
xgb_nowww,host_only,hannousse,ebbu2017,44,cross,url_dedup,54857,29276,0.6842924365869453,0.6981488401390812,0.017352097281049323,0.04508812679327777
xgb_nowww,host_only,hannousse,ebbu2017,44,cross,domain_dedup,42403,27806,0.6050688876069578,0.7416275639221058,0.01244335754873049,0.030820686182838238
xgb_nowww,host_only,hannousse,hannousse,45,within,raw,2161,824,0.6041928386258179,0.5542033609522402,0.05825242718446602,0.10558252427184465
xgb_nowww,host_only,hannousse,phiusiil,45,cross,raw,60000,25603,0.7350982348320364,0.7584474911740972,0.17935398195523963,0.3580830371440847
xgb_nowww,host_only,hannousse,phiusiil,45,cross,url_dedup,59936,25585,0.7350273308519395,0.7584626027638419,0.17948016415868673,0.3581395348837209
xgb_nowww,host_only,hannousse,phiusiil,45,cross,domain_dedup,53925,19850,0.6796039060377631,0.650995679089503,0.11768261964735516,0.248816120906801
xgb_nowww,host_only,hannousse,mendeley_phishurl,45,cross,raw,60000,18933,0.7199584237612173,0.6100987360045513,0.054824908889241006,0.17503829292769238
xgb_nowww,host_only,hannousse,mendeley_phishurl,45,cross,url_dedup,59839,18776,0.7198533929662425,0.6086497630705364,0.05491052407328505,0.1756497656582872
xgb_nowww,host_only,hannousse,mendeley_phishurl,45,cross,domain_dedup,46321,16337,0.6705973266744487,0.5932822090191949,0.05215155781355206,0.14733427189814532
xgb_nowww,host_only,hannousse,kaggle_malicious,45,cross,raw,60000,10831,0.5692012737243725,0.2350874297045059,0.00036931031299049027,0.01938879143200074
xgb_nowww,host_only,hannousse,kaggle_malicious,45,cross,url_dedup,59648,10482,0.5610449469445717,0.22316969501179867,0.00038160656363289447,0.019366533104369397
xgb_nowww,host_only,hannousse,kaggle_malicious,45,cross,domain_dedup,45927,8736,0.5527790938727053,0.22865351808175277,0.0004578754578754579,0.013507326007326008
xgb_nowww,host_only,hannousse,ebbu2017,45,cross,raw,60000,30360,0.7007222645616524,0.692252631268939,0.015546772068511199,0.0511528326745718
xgb_nowww,host_only,hannousse,ebbu2017,45,cross,url_dedup,54857,29276,0.6863200517954271,0.6988773526457016,0.015166006285011614,0.0452930728241563
xgb_nowww,host_only,hannousse,ebbu2017,45,cross,domain_dedup,42403,27806,0.6070024244009589,0.742263985673248,0.012407394087606992,0.03466877652305258
xgb_nowww,host_only,hannousse,hannousse,46,within,raw,1923,910,0.6777399303559224,0.7078758419204914,0.15604395604395604,0.22747252747252747
xgb_nowww,host_only,hannousse,phiusiil,46,cross,raw,60000,25603,0.7360263660839533,0.759107521355401,0.18404093270319885,0.3545287661602156
xgb_nowww,host_only,hannousse,phiusiil,46,cross,url_dedup,59936,25585,0.7359510302506683,0.759119370495639,0.1841704123509869,0.35454367793629077
xgb_nowww,host_only,hannousse,phiusiil,46,cross,domain_dedup,53925,19850,0.6803048113972919,0.6520902698420127,0.11894206549118388,0.245088161209068
xgb_nowww,host_only,hannousse,mendeley_phishurl,46,cross,raw,60000,18933,0.7187052102022164,0.6084969032336038,0.05181429250514974,0.17081286642370463
xgb_nowww,host_only,hannousse,mendeley_phishurl,46,cross,url_dedup,59839,18776,0.7185924773992671,0.6070447616356479,0.05182147422241159,0.17138900724328932
xgb_nowww,host_only,hannousse,mendeley_phishurl,46,cross,domain_dedup,46321,16337,0.6683302200993495,0.592292502576431,0.046887433433310886,0.14243741200954887
xgb_nowww,host_only,hannousse,kaggle_malicious,46,cross,raw,60000,10831,0.5686881889664331,0.23488338490529903,0.00036931031299049027,0.01938879143200074
xgb_nowww,host_only,hannousse,kaggle_malicious,46,cross,url_dedup,59648,10482,0.5606137292379961,0.22302531150434823,0.00038160656363289447,0.019366533104369397
xgb_nowww,host_only,hannousse,kaggle_malicious,46,cross,domain_dedup,45927,8736,0.5523338114980751,0.22862014537417535,0.0004578754578754579,0.014194139194139194
xgb_nowww,host_only,hannousse,ebbu2017,46,cross,raw,60000,30360,0.7009132987372404,0.6924614066018294,0.019005270092226613,0.05741106719367589
xgb_nowww,host_only,hannousse,ebbu2017,46,cross,url_dedup,54857,29276,0.6865510223376086,0.6991530164884705,0.01796693537368493,0.04788905588195109
xgb_nowww,host_only,hannousse,ebbu2017,46,cross,domain_dedup,42403,27806,0.6069762962578324,0.7422582285601432,0.011616197942890023,0.03502841113428756
xgb_nowww,host_only,ebbu2017,ebbu2017,42,within,raw,11279,5871,0.6772807956115658,0.7202531959266265,0.027763583716572986,0.08737864077669903
xgb_nowww,host_only,ebbu2017,phiusiil,42,cross,raw,60000,25603,0.5069141897115954,0.4878173011196702,0.010428465414209272,0.03569894153028942
xgb_nowww,host_only,ebbu2017,phiusiil,42,cross,url_dedup,59970,25601,0.5068369882738055,0.48791667463165483,0.01042928010624585,0.035701730401156206
xgb_nowww,host_only,ebbu2017,phiusiil,42,cross,domain_dedup,57759,24235,0.5057517166445851,0.47972131765552206,0.01039818444398597,0.034949453270063956
xgb_nowww,host_only,ebbu2017,mendeley_phishurl,42,cross,raw,60000,18933,0.6970497501772656,0.5928513264831342,0.03866265251148788,0.15322452860085564
xgb_nowww,host_only,ebbu2017,mendeley_phishurl,42,cross,url_dedup,58479,17422,0.6861523077160826,0.5668450079181626,0.03759614280794398,0.15072896337963496
xgb_nowww,host_only,ebbu2017,mendeley_phishurl,42,cross,domain_dedup,40743,14899,0.6402758011356848,0.5921396150943792,0.03241828310624874,0.13551245050003355
xgb_nowww,host_only,ebbu2017,kaggle_malicious,42,cross,raw,60000,10831,0.5497252875709067,0.22700073374038754,0.0007386206259809805,0.019942756901486475
xgb_nowww,host_only,ebbu2017,kaggle_malicious,42,cross,url_dedup,59967,10805,0.5494391103643008,0.22634772477828957,0.0007403979639055993,0.01980564553447478
xgb_nowww,host_only,ebbu2017,kaggle_malicious,42,cross,domain_dedup,40491,8094,0.5400214314383089,0.23864503790550873,0.0007412898443291327,0.014825796886582653
xgb_nowww,host_only,ebbu2017,hannousse,42,cross,raw,11430,5715,0.6500636304976315,0.6885260429164195,0.09308836395450569,0.13228346456692913
xgb_nowww,host_only,ebbu2017,hannousse,42,cross,url_dedup,7982,5177,0.5492813235010056,0.7339324478431437,0.09291095228897045,0.12130577554568282
xgb_nowww,host_only,ebbu2017,hannousse,42,cross,domain_dedup,6546,4429,0.5187027400139907,0.7467165298362349,0.10815082411379544,0.13614811469857754
xgb_nowww,host_only,ebbu2017,ebbu2017,43,within,raw,11844,5990,0.7211375096747625,0.7405693450314299,0.01302170283806344,0.12036727879799666
xgb_nowww,host_only,ebbu2017,phiusiil,43,cross,raw,60000,25603,0.5096536901906138,0.4914096497875958,0.010389407491309613,0.03812053275006835
xgb_nowww,host_only,ebbu2017,phiusiil,43,cross,url_dedup,59970,25601,0.5095773459278777,0.4915093391973276,0.010390219132065153,0.03812351080035936
xgb_nowww,host_only,ebbu2017,phiusiil,43,cross,domain_dedup,57759,24235,0.5069313850748548,0.48178522757006964,0.009737982257066227,0.036393645553950894
xgb_nowww,host_only,ebbu2017,mendeley_phishurl,43,cross,raw,60000,18933,0.6989111539834941,0.5938040457234938,0.0391380129931865,0.14609412137537633
xgb_nowww,host_only,ebbu2017,mendeley_phishurl,43,cross,url_dedup,58479,17422,0.6882337389963276,0.5679469082965038,0.0382275284123522,0.143267133509356
xgb_nowww,host_only,ebbu2017,mendeley_phishurl,43,cross,domain_dedup,40743,14899,0.639616469462196,0.5917163166942717,0.03631116182294114,0.12470635613128397
xgb_nowww,host_only,ebbu2017,kaggle_malicious,43,cross,raw,60000,10831,0.5500817295950621,0.2267125939956361,0.0004616378912381128,0.02021973963622934
xgb_nowww,host_only,ebbu2017,kaggle_malicious,43,cross,url_dedup,59967,10805,0.5497995332828648,0.22606249985728774,0.00046274872744099955,0.02008329477093938
xgb_nowww,host_only,ebbu2017,kaggle_malicious,43,cross,domain_dedup,40491,8094,0.5404035514000428,0.23885294387140454,0.00037064492216456633,0.0143316036570299
xgb_nowww,host_only,ebbu2017,hannousse,43,cross,raw,11430,5715,0.6556956911444687,0.6928070377100278,0.09606299212598425,0.13438320209973753
xgb_nowww,host_only,ebbu2017,hannousse,43,cross,url_dedup,7982,5177,0.555438751615279,0.7375120509561925,0.09059300753332046,0.12439636855321615
xgb_nowww,host_only,ebbu2017,hannousse,43,cross,domain_dedup,6546,4429,0.525045932821562,0.7501585980434384,0.1054414088959133,0.13795439151049899
xgb_nowww,host_only,ebbu2017,ebbu2017,44,within,raw,13276,6081,0.7684756710971266,0.7360934279279714,0.03667160006577865,0.1509620128268377
xgb_nowww,host_only,ebbu2017,phiusiil,44,cross,raw,60000,25603,0.5098352010347128,0.4893653791096093,0.016638675155255245,0.03608952075928602
xgb_nowww,host_only,ebbu2017,phiusiil,44,cross,url_dedup,59970,25601,0.5097588279031929,0.48946559660634664,0.016639975000976526,0.03609234014296316
xgb_nowww,host_only,ebbu2017,phiusiil,44,cross,domain_dedup,57759,24235,0.5078583413951216,0.48043660517054676,0.015968640396121312,0.034949453270063956
xgb_nowww,host_only,ebbu2017,mendeley_phishurl,44,cross,raw,60000,18933,0.7017267583996142,0.5985347423591183,0.039613373474885125,0.15945703269423758
xgb_nowww,host_only,ebbu2017,mendeley_phishurl,44,cross,url_dedup,58479,17422,0.6912619523019936,0.5731980476496049,0.03885891401676042,0.1569854207324073
xgb_nowww,host_only,ebbu2017,mendeley_phishurl,44,cross,domain_dedup,40743,14899,0.6432387727574616,0.5968378441919644,0.03577421303443184,0.1402107523994899
xgb_nowww,host_only,ebbu2017,kaggle_malicious,44,cross,raw,60000,10831,0.5504156798107152,0.22661987996275695,0.0002769827347428677,0.02021973963622934
xgb_nowww,host_only,ebbu2017,kaggle_malicious,44,cross,url_dedup,59967,10805,0.5501333708813485,0.22597080101741196,0.00027764923646459973,0.02017584451642758
xgb_nowww,host_only,ebbu2017,kaggle_malicious,44,cross,domain_dedup,40491,8094,0.5402811814865487,0.23847148617706815,0.00024709661477637757,0.011860637509266123
xgb_nowww,host_only,ebbu2017,hannousse,44,cross,raw,11430,5715,0.654555271579679,0.6926971532670769,0.09518810148731409,0.13140857392825897
xgb_nowww,host_only,ebbu2017,hannousse,44,cross,url_dedup,7982,5177,0.5549326738966436,0.7377718220115285,0.09291095228897045,0.11763569634923701
xgb_nowww,host_only,ebbu2017,hannousse,44,cross,domain_dedup,6546,4429,0.5250140435462453,0.7504401941957046,0.10792503951230525,0.13501919169112667
xgb_nowww,host_only,ebbu2017,ebbu2017,45,within,raw,12228,6433,0.7193966694863776,0.7696985954593405,0.04601274677444427,0.20115031866936112
xgb_nowww,host_only,ebbu2017,phiusiil,45,cross,raw,60000,25603,0.50878864128244,0.4938138178464738,0.014178026012576651,0.04077647150724525
xgb_nowww,host_only,ebbu2017,phiusiil,45,cross,url_dedup,59970,25601,0.5087089379265658,0.49391246826035806,0.014179133627592672,0.04077965704464669
xgb_nowww,host_only,ebbu2017,phiusiil,45,cross,domain_dedup,57759,24235,0.5056221881028263,0.48400452938430705,0.013492882195172272,0.03886940375489994
xgb_nowww,host_only,ebbu2017,mendeley_phishurl,45,cross,raw,60000,18933,0.7009198283132774,0.5974073532761341,0.041567633232979455,0.1614112924523319
xgb_nowww,host_only,ebbu2017,mendeley_phishurl,45,cross,url_dedup,58479,17422,0.6903652419215526,0.5718635085861379,0.040867868212604755,0.15899437492825164
xgb_nowww,host_only,ebbu2017,mendeley_phishurl,45,cross,domain_dedup,40743,14899,0.6405976582413416,0.5944018537087445,0.03772065239277804,0.14168736156789047
xgb_nowww,host_only,ebbu2017,kaggle_malicious,45,cross,raw,60000,10831,0.5492498509607856,0.22578650515899285,0.0002769827347428677,0.019296463853753117
xgb_nowww,host_only,ebbu2017,kaggle_malicious,45,cross,url_dedup,59967,10805,0.5489603006923574,0.22512313504094994,0.00027764923646459973,0.019250347061545582
xgb_nowww,host_only,ebbu2017,kaggle_malicious,45,cross,domain_dedup,40491,8094,0.5388212391640866,0.2370940933609112,0.00024709661477637757,0.010625154435384235
xgb_nowww,host_only,ebbu2017,hannousse,45,cross,raw,11430,5715,0.653503856637343,0.6911203473495781,0.09028871391076115,0.13385826771653545
xgb_nowww,host_only,ebbu2017,hannousse,45,cross,url_dedup,7982,5177,0.5532579829129045,0.7362012899518365,0.08711609039984547,0.119953641104887
xgb_nowww,host_only,ebbu2017,hannousse,45,cross,domain_dedup,6546,4429,0.5230500268072553,0.7487918597977609,0.10137728606909009,0.13592233009708737
xgb_nowww,host_only,ebbu2017,ebbu2017,46,within,raw,13622,6468,0.7539655777679461,0.729151498438102,0.02458256029684601,0.1556895485466914
xgb_nowww,host_only,ebbu2017,phiusiil,46,cross,raw,60000,25603,0.5116784932468258,0.4927646001648333,0.010740928797406554,0.03694879506307855
xgb_nowww,host_only,ebbu2017,phiusiil,46,cross,url_dedup,59970,25601,0.5116016611109726,0.49286420875789605,0.010741767899691418,0.03695168157493848
xgb_nowww,host_only,ebbu2017,phiusiil,46,cross,domain_dedup,57759,24235,0.5098713910178364,0.48445228877070684,0.010150608623891067,0.035939756550443576
xgb_nowww,host_only,ebbu2017,mendeley_phishurl,46,cross,raw,60000,18933,0.6995508398223595,0.593690506312692,0.040458458775682674,0.1517984471557598
xgb_nowww,host_only,ebbu2017,mendeley_phishurl,46,cross,url_dedup,58479,17422,0.6889354291550854,0.5677558098683136,0.039605097003788316,0.14877740787510044
xgb_nowww,host_only,ebbu2017,mendeley_phishurl,46,cross,domain_dedup,40743,14899,0.6415208064694891,0.5913897310058842,0.03376065507752198,0.13692194106987046
xgb_nowww,host_only,ebbu2017,kaggle_malicious,46,cross,raw,60000,10831,0.5491403700455311,0.225681836084052,0.0005539654694857353,0.01837318807127689
xgb_nowww,host_only,ebbu2017,kaggle_malicious,46,cross,url_dedup,59967,10805,0.5488585076441079,0.2250337729209701,0.0005552984729291995,0.01823229986117538
xgb_nowww,host_only,ebbu2017,kaggle_malicious,46,cross,domain_dedup,40491,8094,0.5379441480040155,0.23688524197148178,0.000617741536940944,0.010748702742772424
xgb_nowww,host_only,ebbu2017,hannousse,46,cross,raw,11430,5715,0.655130908286508,0.6923415050664485,0.09641294838145231,0.1321084864391951
xgb_nowww,host_only,ebbu2017,hannousse,46,cross,url_dedup,7982,5177,0.555018443361681,0.7369310098628699,0.09175197991114545,0.119953641104887
xgb_nowww,host_only,ebbu2017,hannousse,46,cross,domain_dedup,6546,4429,0.5247255469250687,0.749438721175341,0.1065703319033642,0.13772860690900882
xgb_nowww,targeted_ablation,phiusiil,phiusiil,42,within,raw,14924,8036,0.9870422222386022,0.9921246823332383,0.721627675460428,0.9514683922349427
xgb_nowww,targeted_ablation,phiusiil,mendeley_phishurl,42,cross,raw,60000,18933,0.40053669203243425,0.2599657942198894,0.0,0.0
xgb_nowww,targeted_ablation,phiusiil,mendeley_phishurl,42,cross,url_dedup,59776,18757,0.4007190291887395,0.2585866226813827,0.0,0.0
xgb_nowww,targeted_ablation,phiusiil,mendeley_phishurl,42,cross,domain_dedup,51556,13187,0.40511540022897274,0.21143752028873797,0.0,0.0
xgb_nowww,targeted_ablation,phiusiil,kaggle_malicious,42,cross,raw,60000,10831,0.3390359106171174,0.13135022215012188,0.0,0.0
xgb_nowww,targeted_ablation,phiusiil,kaggle_malicious,42,cross,url_dedup,59966,10829,0.33872867317003874,0.1313500535884258,0.0,0.0
xgb_nowww,targeted_ablation,phiusiil,kaggle_malicious,42,cross,domain_dedup,55591,9508,0.33113237194496725,0.12287890014812994,0.0,0.0
xgb_nowww,targeted_ablation,phiusiil,hannousse,42,cross,raw,11430,5715,0.5943560751319032,0.5396901135110572,0.0,0.0
xgb_nowww,targeted_ablation,phiusiil,hannousse,42,cross,url_dedup,11367,5698,0.5914636857042925,0.539137347634111,0.0,0.0
xgb_nowww,targeted_ablation,phiusiil,hannousse,42,cross,domain_dedup,9512,4332,0.6123499761138265,0.5135166741209712,0.0,0.0
xgb_nowww,targeted_ablation,phiusiil,ebbu2017,42,cross,raw,60000,30360,0.46741959619963047,0.4900040698883856,0.0,0.0
xgb_nowww,targeted_ablation,phiusiil,ebbu2017,42,cross,url_dedup,59963,30360,0.4667930865488876,0.49001413856498677,0.0,0.0
xgb_nowww,targeted_ablation,phiusiil,ebbu2017,42,cross,domain_dedup,57229,29934,0.46622416541156997,0.5068568436549505,0.0,0.0
xgb_nowww,targeted_ablation,phiusiil,phiusiil,43,within,raw,11624,4673,0.9899700982294113,0.9902693257783557,0.7085384121549326,0.9473571581425209
xgb_nowww,targeted_ablation,phiusiil,mendeley_phishurl,43,cross,raw,60000,18933,0.40231089953728627,0.260331678144236,0.0,0.0
xgb_nowww,targeted_ablation,phiusiil,mendeley_phishurl,43,cross,url_dedup,59776,18757,0.4024711504439855,0.25893542249452617,0.0,0.0
xgb_nowww,targeted_ablation,phiusiil,mendeley_phishurl,43,cross,domain_dedup,51556,13187,0.40430542557114574,0.21058913053387127,0.0,0.0
xgb_nowww,targeted_ablation,phiusiil,kaggle_malicious,43,cross,raw,60000,10831,0.3329728237681986,0.12963624407310004,0.0,0.0
xgb_nowww,targeted_ablation,phiusiil,kaggle_malicious,43,cross,url_dedup,59966,10829,0.3326628655003121,0.12963611996624563,0.0,0.0
xgb_nowww,targeted_ablation,phiusiil,kaggle_malicious,43,cross,domain_dedup,55591,9508,0.3253830604947041,0.12133782552039017,0.0,0.0
xgb_nowww,targeted_ablation,phiusiil,hannousse,43,cross,raw,11430,5715,0.6012488049667457,0.5486258024170265,0.0,0.0
xgb_nowww,targeted_ablation,phiusiil,hannousse,43,cross,url_dedup,11367,5698,0.5983820115942183,0.5480603267197923,0.0,0.0
xgb_nowww,targeted_ablation,phiusiil,hannousse,43,cross,domain_dedup,9512,4332,0.6185530504782583,0.5224262442655345,0.0,0.0
xgb_nowww,targeted_ablation,phiusiil,ebbu2017,43,cross,raw,60000,30360,0.472439717430421,0.49386635632232856,0.0,0.0
xgb_nowww,targeted_ablation,phiusiil,ebbu2017,43,cross,url_dedup,59963,30360,0.4718190973148976,0.4938763067570448,0.0,0.0
xgb_nowww,targeted_ablation,phiusiil,ebbu2017,43,cross,domain_dedup,57229,29934,0.4720766488619714,0.5112305822924317,0.0,0.0
xgb_nowww,targeted_ablation,phiusiil,phiusiil,44,within,raw,13064,6168,0.9928221961226419,0.9943272095363113,0.7919909208819714,0.9685473411154345
xgb_nowww,targeted_ablation,phiusiil,mendeley_phishurl,44,cross,raw,60000,18933,0.4116297870503547,0.265264430343437,0.0,0.0
xgb_nowww,targeted_ablation,phiusiil,mendeley_phishurl,44,cross,url_dedup,59776,18757,0.4118318743066185,0.2638839837695045,0.0,0.0
xgb_nowww,targeted_ablation,phiusiil,mendeley_phishurl,44,cross,domain_dedup,51556,13187,0.41325633386873384,0.2149156311215265,0.0,0.0
xgb_nowww,targeted_ablation,phiusiil,kaggle_malicious,44,cross,raw,60000,10831,0.33576220798535095,0.13042366843104458,0.0,0.0
xgb_nowww,targeted_ablation,phiusiil,kaggle_malicious,44,cross,url_dedup,59966,10829,0.33544898607740403,0.13042284940046298,0.0,0.0
xgb_nowww,targeted_ablation,phiusiil,kaggle_malicious,44,cross,domain_dedup,55591,9508,0.32881444681799155,0.12226189102210692,0.0,0.0
xgb_nowww,targeted_ablation,phiusiil,hannousse,44,cross,raw,11430,5715,0.605762031277149,0.5518502951195969,0.0,0.0
xgb_nowww,targeted_ablation,phiusiil,hannousse,44,cross,url_dedup,11367,5698,0.6029402176870866,0.5513089855415055,0.0,0.0
xgb_nowww,targeted_ablation,phiusiil,hannousse,44,cross,domain_dedup,9512,4332,0.6235047299971123,0.5261840542379983,0.0,0.0
xgb_nowww,targeted_ablation,phiusiil,ebbu2017,44,cross,raw,60000,30360,0.48011595280831554,0.4984184063248295,0.0,0.0
xgb_nowww,targeted_ablation,phiusiil,ebbu2017,44,cross,url_dedup,59963,30360,0.4795037598341906,0.49842806052907646,0.0,0.0
xgb_nowww,targeted_ablation,phiusiil,ebbu2017,44,cross,domain_dedup,57229,29934,0.4799057921320782,0.5159800358814692,0.0,0.0
xgb_nowww,targeted_ablation,phiusiil,phiusiil,45,within,raw,12349,5519,0.9917785544254547,0.9926718920230219,0.6742163435404964,0.9586881681464033
xgb_nowww,targeted_ablation,phiusiil,mendeley_phishurl,45,cross,raw,60000,18933,0.41319970567348074,0.26739735884902666,0.0,0.0
xgb_nowww,targeted_ablation,phiusiil,mendeley_phishurl,45,cross,url_dedup,59776,18757,0.41344995944681784,0.26603897493056494,0.0,0.0
xgb_nowww,targeted_ablation,phiusiil,mendeley_phishurl,45,cross,domain_dedup,51556,13187,0.4171463504869063,0.217771998336049,0.0,0.0
xgb_nowww,targeted_ablation,phiusiil,kaggle_malicious,45,cross,raw,60000,10831,0.3482836426384819,0.1342769173149791,0.0,0.0
xgb_nowww,targeted_ablation,phiusiil,kaggle_malicious,45,cross,url_dedup,59966,10829,0.34798760224148645,0.13427782161787213,0.0,0.0
xgb_nowww,targeted_ablation,phiusiil,kaggle_malicious,45,cross,domain_dedup,55591,9508,0.3397585803253008,0.12530523959766865,0.0,0.0
xgb_nowww,targeted_ablation,phiusiil,hannousse,45,cross,raw,11430,5715,0.608587216186778,0.5573597981741738,0.0,0.0
xgb_nowww,targeted_ablation,phiusiil,hannousse,45,cross,url_dedup,11367,5698,0.6057927688726772,0.5567813682568103,0.0,0.0
xgb_nowww,targeted_ablation,phiusiil,hannousse,45,cross,domain_dedup,9512,4332,0.6277988044435412,0.5342785455058116,0.0,0.0
xgb_nowww,targeted_ablation,phiusiil,ebbu2017,45,cross,raw,60000,30360,0.49137759448471685,0.5110551214708416,0.0,0.0
xgb_nowww,targeted_ablation,phiusiil,ebbu2017,45,cross,url_dedup,59963,30360,0.49078205071887415,0.5110654581284008,0.0,0.0
xgb_nowww,targeted_ablation,phiusiil,ebbu2017,45,cross,domain_dedup,57229,29934,0.4917399049723521,0.5293144969066644,0.0,0.0
xgb_nowww,targeted_ablation,phiusiil,phiusiil,46,within,raw,12031,5169,0.9910724732262864,0.9919459724830498,0.710388856645386,0.9524085896691816
xgb_nowww,targeted_ablation,phiusiil,mendeley_phishurl,46,cross,raw,60000,18933,0.4045456467120175,0.26206214843496567,0.0,0.0
xgb_nowww,targeted_ablation,phiusiil,mendeley_phishurl,46,cross,url_dedup,59776,18757,0.40474263345724665,0.26067627540437743,0.0,0.0
xgb_nowww,targeted_ablation,phiusiil,mendeley_phishurl,46,cross,domain_dedup,51556,13187,0.408853401519135,0.21293983170038616,0.0,0.0
xgb_nowww,targeted_ablation,phiusiil,kaggle_malicious,46,cross,raw,60000,10831,0.33710868485207435,0.13104245555003408,0.0,0.0
xgb_nowww,targeted_ablation,phiusiil,kaggle_malicious,46,cross,url_dedup,59966,10829,0.33680104925540644,0.13104242778736783,0.0,0.0
xgb_nowww,targeted_ablation,phiusiil,kaggle_malicious,46,cross,domain_dedup,55591,9508,0.33010708116597176,0.1228224458567631,0.0,0.0
xgb_nowww,targeted_ablation,phiusiil,hannousse,46,cross,raw,11430,5715,0.5991818279932857,0.5448687561495416,0.0,0.0
xgb_nowww,targeted_ablation,phiusiil,hannousse,46,cross,url_dedup,11367,5698,0.5963454789526408,0.5443451684401148,0.0,0.0
xgb_nowww,targeted_ablation,phiusiil,hannousse,46,cross,domain_dedup,9512,4332,0.6186399275215064,0.5205437026135716,0.0,0.0
xgb_nowww,targeted_ablation,phiusiil,ebbu2017,46,cross,raw,60000,30360,0.475632260489955,0.49463623147348035,0.0,0.0
xgb_nowww,targeted_ablation,phiusiil,ebbu2017,46,cross,url_dedup,59963,30360,0.4750135299466008,0.4946456551912606,0.0,0.0
xgb_nowww,targeted_ablation,phiusiil,ebbu2017,46,cross,domain_dedup,57229,29934,0.47532845692776654,0.5120851232481473,0.0,0.0
xgb_nowww,targeted_ablation,mendeley_phishurl,mendeley_phishurl,42,within,raw,11979,3514,0.9093388659521059,0.8453217879668633,0.21627774615822423,0.44536141149686964
xgb_nowww,targeted_ablation,mendeley_phishurl,phiusiil,42,cross,raw,60000,25603,0.8921837469099011,0.8884523301976477,0.3208998945436082,0.4764285435300551
xgb_nowww,targeted_ablation,mendeley_phishurl,phiusiil,42,cross,url_dedup,59773,25423,0.8915586763948175,0.8873206792247228,0.3198678362113047,0.4747276088581206
xgb_nowww,targeted_ablation,mendeley_phishurl,phiusiil,42,cross,domain_dedup,50234,16741,0.8493605047032884,0.7866798333062399,0.18553252493877306,0.3257869900244908
xgb_nowww,targeted_ablation,mendeley_phishurl,kaggle_malicious,42,cross,raw,60000,10831,0.7506037998098426,0.318608276348915,0.0005539654694857353,0.013018188532914782
xgb_nowww,targeted_ablation,mendeley_phishurl,kaggle_malicious,42,cross,url_dedup,55381,10809,0.7421947916639943,0.3273022075779786,0.0005550929780738274,0.01184198353224165
xgb_nowww,targeted_ablation,mendeley_phishurl,kaggle_malicious,42,cross,domain_dedup,27817,8445,0.6006332010444719,0.33563847155121107,0.00047365304914150384,0.0017761989342806395
xgb_nowww,targeted_ablation,mendeley_phishurl,hannousse,42,cross,raw,11430,5715,0.8773442361699539,0.8930892178385078,0.16342957130358704,0.420997375328084
xgb_nowww,targeted_ablation,mendeley_phishurl,hannousse,42,cross,url_dedup,11261,5550,0.8769238438228106,0.8907984441557575,0.1655855855855856,0.4243243243243243
xgb_nowww,targeted_ablation,mendeley_phishurl,hannousse,42,cross,domain_dedup,7961,3946,0.8557891119149614,0.8746364631578677,0.11353269133299544,0.4026862645717182
xgb_nowww,targeted_ablation,mendeley_phishurl,ebbu2017,42,cross,raw,60000,30360,0.9071731307085998,0.9108538930726805,0.17799736495388668,0.37714097496706195
xgb_nowww,targeted_ablation,mendeley_phishurl,ebbu2017,42,cross,url_dedup,56886,27260,0.9052202979833849,0.9016035600207956,0.18286867204695526,0.38195157740278796
xgb_nowww,targeted_ablation,mendeley_phishurl,ebbu2017,42,cross,domain_dedup,36481,18306,0.8818602840809104,0.8852764435949056,0.1494045668086966,0.32595870206489674
xgb_nowww,targeted_ablation,mendeley_phishurl,mendeley_phishurl,43,within,raw,12746,3709,0.9270618770386851,0.8770685470779367,0.29010514963602047,0.54785656511189
xgb_nowww,targeted_ablation,mendeley_phishurl,phiusiil,43,cross,raw,60000,25603,0.8972178478422256,0.8912910039056797,0.3099246182088037,0.48720853025036126
xgb_nowww,targeted_ablation,mendeley_phishurl,phiusiil,43,cross,url_dedup,59773,25423,0.8966341902577529,0.8901859008134108,0.3090115249970499,0.485505251150533
xgb_nowww,targeted_ablation,mendeley_phishurl,phiusiil,43,cross,domain_dedup,50234,16741,0.85659237619463,0.7907231916129558,0.17908129741353562,0.33886864583955556
xgb_nowww,targeted_ablation,mendeley_phishurl,kaggle_malicious,43,cross,raw,60000,10831,0.7489043256695648,0.31644943768698913,0.00036931031299049027,0.007847844151047919
xgb_nowww,targeted_ablation,mendeley_phishurl,kaggle_malicious,43,cross,url_dedup,55381,10809,0.7405709902753951,0.32521565996074453,0.0003700619853825516,0.006476084744194653
xgb_nowww,targeted_ablation,mendeley_phishurl,kaggle_malicious,43,cross,domain_dedup,27817,8445,0.5979547153014361,0.3339255805627629,0.00023682652457075192,0.0014209591474245115
xgb_nowww,targeted_ablation,mendeley_phishurl,hannousse,43,cross,raw,11430,5715,0.8769968976974991,0.8921597379179498,0.15223097112860892,0.42152230971128607
xgb_nowww,targeted_ablation,mendeley_phishurl,hannousse,43,cross,url_dedup,11261,5550,0.8766019425133416,0.88995328088186,0.15423423423423424,0.42576576576576575
xgb_nowww,targeted_ablation,mendeley_phishurl,hannousse,43,cross,domain_dedup,7961,3946,0.8556019021421821,0.8739561684333154,0.099341104916371,0.4097820577800304
xgb_nowww,targeted_ablation,mendeley_phishurl,ebbu2017,43,cross,raw,60000,30360,0.9075756225563147,0.911018223287196,0.18689064558629775,0.38050065876152833
xgb_nowww,targeted_ablation,mendeley_phishurl,ebbu2017,43,cross,url_dedup,56886,27260,0.9056406818355057,0.9017954539342988,0.19152604548789434,0.3859134262655906
xgb_nowww,targeted_ablation,mendeley_phishurl,ebbu2017,43,cross,domain_dedup,36481,18306,0.8833549541637494,0.8867119134972712,0.16491860592155577,0.3242106413197859
xgb_nowww,targeted_ablation,mendeley_phishurl,mendeley_phishurl,44,within,raw,10675,3893,0.9183042244081071,0.8857069895588251,0.17980991523246853,0.48317492936039047
xgb_nowww,targeted_ablation,mendeley_phishurl,phiusiil,44,cross,raw,60000,25603,0.8974751336911186,0.8906122313213518,0.3116431668163887,0.47810803421474046
xgb_nowww,targeted_ablation,mendeley_phishurl,phiusiil,44,cross,url_dedup,59773,25423,0.8968860436007899,0.8894909170641365,0.3107815757385045,0.4762223183731267
xgb_nowww,targeted_ablation,mendeley_phishurl,phiusiil,44,cross,domain_dedup,50234,16741,0.8574278563544547,0.7897675657791714,0.1787826294725524,0.3290723373753061
xgb_nowww,targeted_ablation,mendeley_phishurl,kaggle_malicious,44,cross,raw,60000,10831,0.7495229255137756,0.31762057167672136,0.0004616378912381128,0.013110516111162405
xgb_nowww,targeted_ablation,mendeley_phishurl,kaggle_malicious,44,cross,url_dedup,55381,10809,0.7409966358665534,0.326263347698595,0.0004625774817281895,0.011656952539550375
xgb_nowww,targeted_ablation,mendeley_phishurl,kaggle_malicious,44,cross,domain_dedup,27817,8445,0.5967038850577158,0.3342082968157891,0.0005920663114268798,0.002486678507992895
xgb_nowww,targeted_ablation,mendeley_phishurl,hannousse,44,cross,raw,11430,5715,0.877936850194688,0.8938272742495859,0.18722659667541558,0.4272965879265092
xgb_nowww,targeted_ablation,mendeley_phishurl,hannousse,44,cross,url_dedup,11261,5550,0.8775681039120016,0.8916423534840039,0.19027027027027027,0.4306306306306306
xgb_nowww,targeted_ablation,mendeley_phishurl,hannousse,44,cross,domain_dedup,7961,3946,0.8564167001721245,0.8755929124504049,0.14597060314242272,0.4062341611758743
xgb_nowww,targeted_ablation,mendeley_phishurl,ebbu2017,44,cross,raw,60000,30360,0.9082854486601626,0.9116203438208863,0.1756916996047431,0.377536231884058
xgb_nowww,targeted_ablation,mendeley_phishurl,ebbu2017,44,cross,url_dedup,56886,27260,0.9063239188931972,0.9024355796358536,0.18026412325752017,0.38290535583272195
xgb_nowww,targeted_ablation,mendeley_phishurl,ebbu2017,44,cross,domain_dedup,36481,18306,0.8833837208236384,0.8864852792319989,0.15727084016169562,0.3260679558614662
xgb_nowww,targeted_ablation,mendeley_phishurl,mendeley_phishurl,45,within,raw,13399,3390,0.9103333401118935,0.8240308466675959,0.2168141592920354,0.4218289085545723
xgb_nowww,targeted_ablation,mendeley_phishurl,phiusiil,45,cross,raw,60000,25603,0.9004218284060758,0.893817413861472,0.3185954770925282,0.4794360035933289
xgb_nowww,targeted_ablation,mendeley_phishurl,phiusiil,45,cross,url_dedup,59773,25423,0.8998560656458372,0.8927354272817294,0.31758643747787435,0.47763835896629037
xgb_nowww,targeted_ablation,mendeley_phishurl,phiusiil,45,cross,domain_dedup,50234,16741,0.8617772108087535,0.7958970519386562,0.184039185233857,0.3313422137267786
xgb_nowww,targeted_ablation,mendeley_phishurl,kaggle_malicious,45,cross,raw,60000,10831,0.7464835682607863,0.315950532475362,0.0004616378912381128,0.013849136737143384
xgb_nowww,targeted_ablation,mendeley_phishurl,kaggle_malicious,45,cross,url_dedup,55381,10809,0.7380140011904386,0.32463050922541037,0.0004625774817281895,0.011101859561476548
xgb_nowww,targeted_ablation,mendeley_phishurl,kaggle_malicious,45,cross,domain_dedup,27817,8445,0.5925874165798372,0.332629259593701,0.00047365304914150384,0.0020130254588513912
xgb_nowww,targeted_ablation,mendeley_phishurl,hannousse,45,cross,raw,11430,5715,0.8776299878525683,0.8932814246454743,0.16850393700787403,0.4272965879265092
xgb_nowww,targeted_ablation,mendeley_phishurl,hannousse,45,cross,url_dedup,11261,5550,0.8771982786498634,0.8910373309966984,0.170990990990991,0.43135135135135133
xgb_nowww,targeted_ablation,mendeley_phishurl,hannousse,45,cross,domain_dedup,7961,3946,0.85682028051169,0.8753955355551908,0.1383679675620882,0.4042067916877851
xgb_nowww,targeted_ablation,mendeley_phishurl,ebbu2017,45,cross,raw,60000,30360,0.9078250068009792,0.9112277705087672,0.17444005270092228,0.3700592885375494
xgb_nowww,targeted_ablation,mendeley_phishurl,ebbu2017,45,cross,url_dedup,56886,27260,0.9057193546011295,0.9019020950644474,0.17923697725605284,0.37527512839325017
xgb_nowww,targeted_ablation,mendeley_phishurl,ebbu2017,45,cross,domain_dedup,36481,18306,0.8827764545595127,0.8857623399529595,0.15246367311264067,0.32055063913470994
xgb_nowww,targeted_ablation,mendeley_phishurl,mendeley_phishurl,46,within,raw,10950,3747,0.9155244228702412,0.8749166333969843,0.30531091539898586,0.44435548438751
xgb_nowww,targeted_ablation,mendeley_phishurl,phiusiil,46,cross,raw,60000,25603,0.9018781630784408,0.8961713091972939,0.3292582900441354,0.4885755575518494
xgb_nowww,targeted_ablation,mendeley_phishurl,phiusiil,46,cross,url_dedup,59773,25423,0.9013224085446587,0.8951172985517171,0.3280100696219958,0.4869606262046179
xgb_nowww,targeted_ablation,mendeley_phishurl,phiusiil,46,cross,domain_dedup,50234,16741,0.8640781890037325,0.8018811787501048,0.19449256316826952,0.3444238695418434
xgb_nowww,targeted_ablation,mendeley_phishurl,kaggle_malicious,46,cross,raw,60000,10831,0.7472662655457234,0.31678324686371107,0.0004616378912381128,0.012002585172190933
xgb_nowww,targeted_ablation,mendeley_phishurl,kaggle_malicious,46,cross,url_dedup,55381,10809,0.7389258170433038,0.325524582562948,0.0004625774817281895,0.009159034138218152
xgb_nowww,targeted_ablation,mendeley_phishurl,kaggle_malicious,46,cross,domain_dedup,27817,8445,0.5943997623666123,0.3333142523227104,0.00047365304914150384,0.0010657193605683837
xgb_nowww,targeted_ablation,mendeley_phishurl,hannousse,46,cross,raw,11430,5715,0.8781940665115897,0.8938640950399587,0.1837270341207349,0.44636920384951884
xgb_nowww,targeted_ablation,mendeley_phishurl,hannousse,46,cross,url_dedup,11261,5550,0.8778638189932186,0.8917171099021769,0.18666666666666668,0.44954954954954957
xgb_nowww,targeted_ablation,mendeley_phishurl,hannousse,46,cross,domain_dedup,7961,3946,0.8578059405965592,0.8765315461491106,0.18474404460212873,0.4196654840344653
xgb_nowww,targeted_ablation,mendeley_phishurl,ebbu2017,46,cross,raw,60000,30360,0.9074261949276252,0.9107198270504938,0.19815546772068512,0.3756587615283267
xgb_nowww,targeted_ablation,mendeley_phishurl,ebbu2017,46,cross,url_dedup,56886,27260,0.905466375037215,0.9014719908042974,0.2024578136463683,0.3808143800440205
xgb_nowww,targeted_ablation,mendeley_phishurl,ebbu2017,46,cross,domain_dedup,36481,18306,0.8828858481167846,0.8859926355549803,0.16262427619359773,0.32694198623402165
xgb_nowww,targeted_ablation,kaggle_malicious,kaggle_malicious,42,within,raw,12523,2109,0.7997204723954141,0.4630023281475687,0.027501185395922237,0.10146989094357516
xgb_nowww,targeted_ablation,kaggle_malicious,phiusiil,42,cross,raw,60000,25603,0.5132038046629623,0.4786688436613811,0.011483029332500097,0.036284810373784324
xgb_nowww,targeted_ablation,kaggle_malicious,phiusiil,42,cross,url_dedup,59966,25601,0.5131344409679818,0.47879759452270065,0.011483926409124644,0.036287645013866644
xgb_nowww,targeted_ablation,kaggle_malicious,phiusiil,42,cross,domain_dedup,52752,19367,0.5143975059858232,0.41728307504631323,0.009862136624154489,0.032116486807455984
xgb_nowww,targeted_ablation,kaggle_malicious,mendeley_phishurl,42,cross,raw,60000,18933,0.8322269883797465,0.7026081809799689,0.06105741298262293,0.16188665293403054
xgb_nowww,targeted_ablation,kaggle_malicious,mendeley_phishurl,42,cross,url_dedup,55379,18909,0.8303442477292604,0.7194063165919606,0.058437780950869954,0.15410651012745252
xgb_nowww,targeted_ablation,kaggle_malicious,mendeley_phishurl,42,cross,domain_dedup,28121,15987,0.7061610286848257,0.76734123324387,0.03240132607743792,0.09376368299243135
xgb_nowww,targeted_ablation,kaggle_malicious,hannousse,42,cross,raw,11430,5715,0.7082752254393396,0.6948610592974968,0.01504811898512686,0.07489063867016622
xgb_nowww,targeted_ablation,kaggle_malicious,hannousse,42,cross,url_dedup,11033,5320,0.6987015993072127,0.6686846222244688,0.013909774436090226,0.06804511278195488
xgb_nowww,targeted_ablation,kaggle_malicious,hannousse,42,cross,domain_dedup,7697,3663,0.6281946073716029,0.5852889637680774,0.006279006279006279,0.03822003822003822
xgb_nowww,targeted_ablation,kaggle_malicious,ebbu2017,42,cross,raw,60000,30360,0.776195970553093,0.7493051868316983,0.010111989459815547,0.07374835309617918
xgb_nowww,targeted_ablation,kaggle_malicious,ebbu2017,42,cross,url_dedup,59950,30325,0.7760914520263948,0.7491065014327143,0.01012366034624897,0.073800494641385
xgb_nowww,targeted_ablation,kaggle_malicious,ebbu2017,42,cross,domain_dedup,46489,28616,0.7615319211022021,0.811664361150102,0.024636566955549343,0.07328068213586805
xgb_nowww,targeted_ablation,kaggle_malicious,kaggle_malicious,43,within,raw,13894,1917,0.8166316774164915,0.4407693627617063,0.037037037037037035,0.1189358372456964
xgb_nowww,targeted_ablation,kaggle_malicious,phiusiil,43,cross,raw,60000,25603,0.5144995450382754,0.48819105756302855,0.017302659844549467,0.04354958403312112
xgb_nowww,targeted_ablation,kaggle_malicious,phiusiil,43,cross,url_dedup,59966,25601,0.5144392968790497,0.4883243714665277,0.017304011562048357,0.043552986211476116
xgb_nowww,targeted_ablation,kaggle_malicious,phiusiil,43,cross,domain_dedup,52752,19367,0.5180482845177006,0.42919958487611465,0.012288945112820778,0.041049207414674445
xgb_nowww,targeted_ablation,kaggle_malicious,mendeley_phishurl,43,cross,raw,60000,18933,0.8313908018681171,0.6991378192190172,0.05720171129773412,0.17123540907410342
xgb_nowww,targeted_ablation,kaggle_malicious,mendeley_phishurl,43,cross,url_dedup,55379,18909,0.8295670830360463,0.7163590501931357,0.05616373155640171,0.16589983605690412
xgb_nowww,targeted_ablation,kaggle_malicious,mendeley_phishurl,43,cross,domain_dedup,28121,15987,0.701885903691178,0.7643926575501294,0.037905798461249765,0.10471007693751173
xgb_nowww,targeted_ablation,kaggle_malicious,hannousse,43,cross,raw,11430,5715,0.6995240380604218,0.6842434562019521,0.01942257217847769,0.07384076990376202
xgb_nowww,targeted_ablation,kaggle_malicious,hannousse,43,cross,url_dedup,11033,5320,0.6896176968765341,0.6570254170170287,0.017105263157894738,0.0674812030075188
xgb_nowww,targeted_ablation,kaggle_malicious,hannousse,43,cross,domain_dedup,7697,3663,0.6144261289278643,0.5640194685840911,0.006279006279006279,0.03467103467103467
xgb_nowww,targeted_ablation,kaggle_malicious,ebbu2017,43,cross,raw,60000,30360,0.7780757329055383,0.7513262462581709,0.00849802371541502,0.0772068511198946
xgb_nowww,targeted_ablation,kaggle_malicious,ebbu2017,43,cross,url_dedup,59950,30325,0.7780050688567246,0.7511722109455857,0.008507831821929102,0.07716405605935697
xgb_nowww,targeted_ablation,kaggle_malicious,ebbu2017,43,cross,domain_dedup,46489,28616,0.7637059465363055,0.8140939646064739,0.02355325691920604,0.07789348616158792
xgb_nowww,targeted_ablation,kaggle_malicious,kaggle_malicious,44,within,raw,9851,1934,0.8104888045425791,0.5178806533251203,0.04395036194415719,0.11995863495346432
xgb_nowww,targeted_ablation,kaggle_malicious,phiusiil,44,cross,raw,60000,25603,0.5143139049347463,0.4822867755618874,0.010936218411904855,0.03476155138069757
xgb_nowww,targeted_ablation,kaggle_malicious,phiusiil,44,cross,url_dedup,59966,25601,0.5142377631666357,0.4824108130097017,0.0109370727705949,0.0347642670208195
xgb_nowww,targeted_ablation,kaggle_malicious,phiusiil,44,cross,domain_dedup,52752,19367,0.5127008395931936,0.41450494177958686,0.005783032994268601,0.03154851035266174
xgb_nowww,targeted_ablation,kaggle_malicious,mendeley_phishurl,44,cross,raw,60000,18933,0.832924020541986,0.6996043985070591,0.06089895948872339,0.16458036233032272
xgb_nowww,targeted_ablation,kaggle_malicious,mendeley_phishurl,44,cross,url_dedup,55379,18909,0.8310379784563543,0.7165634625897354,0.05738008355809403,0.15616902004336558
xgb_nowww,targeted_ablation,kaggle_malicious,mendeley_phishurl,44,cross,domain_dedup,28121,15987,0.7036105748274191,0.7638622227024094,0.03302683430287108,0.09257521736410834
xgb_nowww,targeted_ablation,kaggle_malicious,hannousse,44,cross,raw,11430,5715,0.7031530660592185,0.687793168941885,0.012248468941382326,0.0815398075240595
xgb_nowww,targeted_ablation,kaggle_malicious,hannousse,44,cross,url_dedup,11033,5320,0.6931792383549455,0.660438669124688,0.009962406015037594,0.07406015037593985
xgb_nowww,targeted_ablation,kaggle_malicious,hannousse,44,cross,domain_dedup,7697,3663,0.6153867393331944,0.5672360213764953,0.005733005733005733,0.037128037128037125
xgb_nowww,targeted_ablation,kaggle_malicious,ebbu2017,44,cross,raw,60000,30360,0.7781760462395474,0.7490190767505613,0.004841897233201581,0.0725296442687747
xgb_nowww,targeted_ablation,kaggle_malicious,ebbu2017,44,cross,url_dedup,59950,30325,0.7780910593743586,0.7488100152564747,0.004847485572959605,0.07234954657873043
xgb_nowww,targeted_ablation,kaggle_malicious,ebbu2017,44,cross,domain_dedup,46489,28616,0.7628690791070679,0.8119596757078524,0.022330164942689405,0.07216242661448141
xgb_nowww,targeted_ablation,kaggle_malicious,kaggle_malicious,45,within,raw,12371,1941,0.7903401790993463,0.45184671130788495,0.029881504379185988,0.13086038124678
xgb_nowww,targeted_ablation,kaggle_malicious,phiusiil,45,cross,raw,60000,25603,0.5147979372588547,0.48638197779699627,0.015232589930867476,0.03956567589735578
xgb_nowww,targeted_ablation,kaggle_malicious,phiusiil,45,cross,url_dedup,59966,25601,0.5147422129435975,0.4865235562960066,0.015233779930471467,0.039568766845045115
xgb_nowww,targeted_ablation,kaggle_malicious,phiusiil,45,cross,domain_dedup,52752,19367,0.5156693689556321,0.4255559065961029,0.009913770847317602,0.036143956214178756
xgb_nowww,targeted_ablation,kaggle_malicious,mendeley_phishurl,45,cross,raw,60000,18933,0.8323190636458158,0.7002979080672638,0.05308192045634606,0.16796070353351292
xgb_nowww,targeted_ablation,kaggle_malicious,mendeley_phishurl,45,cross,url_dedup,55379,18909,0.8304415728554767,0.7174042699839372,0.0505579353746893,0.1618805859643556
xgb_nowww,targeted_ablation,kaggle_malicious,mendeley_phishurl,45,cross,domain_dedup,28121,15987,0.7025670962733865,0.7650207276923741,0.029211234127728778,0.10865077875774067
xgb_nowww,targeted_ablation,kaggle_malicious,hannousse,45,cross,raw,11430,5715,0.6977430730170102,0.6823739051763555,0.015923009623797026,0.0778652668416448
xgb_nowww,targeted_ablation,kaggle_malicious,hannousse,45,cross,url_dedup,11033,5320,0.687448902976854,0.6547338418116053,0.014097744360902255,0.07086466165413534
xgb_nowww,targeted_ablation,kaggle_malicious,hannousse,45,cross,domain_dedup,7697,3663,0.6092028161933962,0.5609021190441703,0.006006006006006006,0.03521703521703522
xgb_nowww,targeted_ablation,kaggle_malicious,ebbu2017,45,cross,raw,60000,30360,0.7803408074096004,0.7507751041456295,0.002766798418972332,0.07266139657444005
xgb_nowww,targeted_ablation,kaggle_malicious,ebbu2017,45,cross,url_dedup,59950,30325,0.7802479100879709,0.7505976972833529,0.0027699917559769168,0.07248145094806266
xgb_nowww,targeted_ablation,kaggle_malicious,ebbu2017,45,cross,domain_dedup,46489,28616,0.7671924053553947,0.8149976503509824,0.024182275649986023,0.07191780821917808
xgb_nowww,targeted_ablation,kaggle_malicious,kaggle_malicious,46,within,raw,10545,2082,0.7880991370811952,0.48559144780783814,0.026416906820365033,0.10134486071085495
xgb_nowww,targeted_ablation,kaggle_malicious,phiusiil,46,cross,raw,60000,25603,0.5114046801406777,0.47909009145951786,0.015584111236964418,0.03933132835995782
xgb_nowww,targeted_ablation,kaggle_malicious,phiusiil,46,cross,url_dedup,59966,25601,0.5113506081727754,0.47922587818978424,0.015585328698097731,0.03933440099996094
xgb_nowww,targeted_ablation,kaggle_malicious,phiusiil,46,cross,domain_dedup,52752,19367,0.5130360993591548,0.4197705989321759,0.011566065988537202,0.03805442247121392
xgb_nowww,targeted_ablation,kaggle_malicious,mendeley_phishurl,46,cross,raw,60000,18933,0.8303338851289992,0.6933058253037014,0.050071304072254796,0.15760840859874292
xgb_nowww,targeted_ablation,kaggle_malicious,mendeley_phishurl,46,cross,url_dedup,55379,18909,0.8284356172680076,0.7105726876545351,0.04421175101803374,0.15125072716695753
xgb_nowww,targeted_ablation,kaggle_malicious,mendeley_phishurl,46,cross,domain_dedup,28121,15987,0.7017827185470014,0.7612707221243676,0.033277037593044345,0.10302120472884219
xgb_nowww,targeted_ablation,kaggle_malicious,hannousse,46,cross,raw,11430,5715,0.7024704676569846,0.6874608772078837,0.014698162729658792,0.08241469816272966
xgb_nowww,targeted_ablation,kaggle_malicious,hannousse,46,cross,url_dedup,11033,5320,0.6926303484073391,0.6603394264433676,0.012969924812030076,0.0755639097744361
xgb_nowww,targeted_ablation,kaggle_malicious,hannousse,46,cross,domain_dedup,7697,3663,0.6179761137619343,0.5688150451089226,0.004914004914004914,0.03849303849303849
xgb_nowww,targeted_ablation,kaggle_malicious,ebbu2017,46,cross,raw,60000,30360,0.776055243621748,0.747804235975468,0.009288537549407115,0.06637022397891963
xgb_nowww,targeted_ablation,kaggle_malicious,ebbu2017,46,cross,url_dedup,59950,30325,0.7759579837276203,0.7475989711161688,0.009299258037922507,0.06618301731244848
xgb_nowww,targeted_ablation,kaggle_malicious,ebbu2017,46,cross,domain_dedup,46489,28616,0.7620226526515687,0.8111701410613761,0.021631255241822755,0.06863293262510484
xgb_nowww,targeted_ablation,hannousse,hannousse,42,within,raw,1939,907,0.9078597343657855,0.9070544911481503,0.2624035281146637,0.44652701212789414
xgb_nowww,targeted_ablation,hannousse,phiusiil,42,cross,raw,60000,25603,0.8042545176451499,0.8377297905780456,0.30472991446314884,0.4677576846463305
xgb_nowww,targeted_ablation,hannousse,phiusiil,42,cross,url_dedup,59936,25585,0.8041310940367558,0.8376837493520692,0.30486613249951144,0.46765683017393006
xgb_nowww,targeted_ablation,hannousse,phiusiil,42,cross,domain_dedup,53925,19850,0.7527566499294969,0.761589347418776,0.23934508816120906,0.3788413098236776
xgb_nowww,targeted_ablation,hannousse,mendeley_phishurl,42,cross,raw,60000,18933,0.8780118104025035,0.8073702344241982,0.15391116040775366,0.3435799926055036
xgb_nowww,targeted_ablation,hannousse,mendeley_phishurl,42,cross,url_dedup,59839,18776,0.877538969939474,0.8059477848103352,0.15434597358329782,0.34389646357051556
xgb_nowww,targeted_ablation,hannousse,mendeley_phishurl,42,cross,domain_dedup,46321,16337,0.8540786575022787,0.7984782132749147,0.12578808838832098,0.30440105282487606
xgb_nowww,targeted_ablation,hannousse,kaggle_malicious,42,cross,raw,60000,10831,0.6584991952268304,0.25923751613897145,0.00018465515649524513,0.008678792355276521
xgb_nowww,targeted_ablation,hannousse,kaggle_malicious,42,cross,url_dedup,59648,10482,0.6512379912316179,0.24695055509859398,0.00019080328181644724,0.008776950963556573
xgb_nowww,targeted_ablation,hannousse,kaggle_malicious,42,cross,domain_dedup,45927,8736,0.6176559533092363,0.24188444042881155,0.00022893772893772894,0.008127289377289378
xgb_nowww,targeted_ablation,hannousse,ebbu2017,42,cross,raw,60000,30360,0.9212098431062962,0.9227043527084012,0.20243741765480897,0.38106060606060604
xgb_nowww,targeted_ablation,hannousse,ebbu2017,42,cross,url_dedup,54857,29276,0.9122441888681653,0.9216114055326091,0.19572345948900122,0.36746823336521384
xgb_nowww,targeted_ablation,hannousse,ebbu2017,42,cross,domain_dedup,42403,27806,0.882653566923187,0.9323802557373791,0.14813349636769044,0.3168021290368985
xgb_nowww,targeted_ablation,hannousse,hannousse,43,within,raw,2229,1037,0.8928075631176665,0.8928678297740975,0.19382835101253615,0.4127290260366442
xgb_nowww,targeted_ablation,hannousse,phiusiil,43,cross,raw,60000,25603,0.8005641145217725,0.8351741859311114,0.2804358864195602,0.4671718158028356
xgb_nowww,targeted_ablation,hannousse,phiusiil,43,cross,url_dedup,59936,25585,0.8004357445970685,0.8351185497033333,0.28059409810435804,0.46714871995309754
xgb_nowww,targeted_ablation,hannousse,phiusiil,43,cross,domain_dedup,53925,19850,0.7485538767461759,0.7585917714360491,0.21430730478589421,0.3814609571788413
xgb_nowww,targeted_ablation,hannousse,mendeley_phishurl,43,cross,raw,60000,18933,0.8763334311145509,0.805988466330153,0.13949189246289548,0.33993556224581417
xgb_nowww,targeted_ablation,hannousse,mendeley_phishurl,43,cross,url_dedup,59839,18776,0.8758545297668446,0.8045469823186332,0.1398061354921176,0.3401682999573924
xgb_nowww,targeted_ablation,hannousse,mendeley_phishurl,43,cross,domain_dedup,46321,16337,0.8530065150251483,0.7982426042104432,0.12554324539389117,0.2984023994613454
xgb_nowww,targeted_ablation,hannousse,kaggle_malicious,43,cross,raw,60000,10831,0.6573109712730352,0.25929538227938564,0.0002769827347428677,0.011910257593943312
xgb_nowww,targeted_ablation,hannousse,kaggle_malicious,43,cross,url_dedup,59648,10482,0.6499851349938847,0.24702659706502011,0.00028620492272467084,0.012211410036252623
xgb_nowww,targeted_ablation,hannousse,kaggle_malicious,43,cross,domain_dedup,45927,8736,0.6166411813317315,0.24194728866580198,0.00011446886446886447,0.008814102564102564
xgb_nowww,targeted_ablation,hannousse,ebbu2017,43,cross,raw,60000,30360,0.9218313531592993,0.9234122674848396,0.1927536231884058,0.3848814229249012
xgb_nowww,targeted_ablation,hannousse,ebbu2017,43,cross,url_dedup,54857,29276,0.9129607395370821,0.9223416751666755,0.1819579177483263,0.36900532859680285
xgb_nowww,targeted_ablation,hannousse,ebbu2017,43,cross,domain_dedup,42403,27806,0.8844424934992909,0.9334651605259936,0.15935409623822197,0.3214773789829533
xgb_nowww,targeted_ablation,hannousse,hannousse,44,within,raw,2670,1384,0.903912128390223,0.9174407138052922,0.26372832369942195,0.46170520231213874
xgb_nowww,targeted_ablation,hannousse,phiusiil,44,cross,raw,60000,25603,0.7997728960682002,0.8339969231687177,0.2810217552630551,0.4623676912861774
xgb_nowww,targeted_ablation,hannousse,phiusiil,44,cross,url_dedup,59936,25585,0.7996405840686385,0.8339380880838037,0.28114129372679303,0.4623021301543873
xgb_nowww,targeted_ablation,hannousse,phiusiil,44,cross,domain_dedup,53925,19850,0.747711511316532,0.7569244385126942,0.2124433249370277,0.3717380352644836
xgb_nowww,targeted_ablation,hannousse,mendeley_phishurl,44,cross,raw,60000,18933,0.876311345551956,0.8040808838129667,0.14767865631437174,0.3309037130935404
xgb_nowww,targeted_ablation,hannousse,mendeley_phishurl,44,cross,url_dedup,59839,18776,0.8758208131163997,0.802606149254897,0.1480080954409885,0.3311674478057094
xgb_nowww,targeted_ablation,hannousse,mendeley_phishurl,44,cross,domain_dedup,46321,16337,0.8517053272916517,0.7943586905215725,0.12462508416477934,0.29405643631021605
xgb_nowww,targeted_ablation,hannousse,kaggle_malicious,44,cross,raw,60000,10831,0.6601827910290974,0.26072530762385704,0.00036931031299049027,0.011633274859200442
xgb_nowww,targeted_ablation,hannousse,kaggle_malicious,44,cross,url_dedup,59648,10482,0.6529442090055253,0.24842224297285828,0.00038160656363289447,0.01182980347261973
xgb_nowww,targeted_ablation,hannousse,kaggle_malicious,44,cross,domain_dedup,45927,8736,0.6163073007294392,0.2417154949063726,0.0004578754578754579,0.009615384615384616
xgb_nowww,targeted_ablation,hannousse,ebbu2017,44,cross,raw,60000,30360,0.9221400531676561,0.9236305958783134,0.1956521739130435,0.39193017127799734
xgb_nowww,targeted_ablation,hannousse,ebbu2017,44,cross,url_dedup,54857,29276,0.9132948894552201,0.9225742426556297,0.1843831124470556,0.37501707883590657
xgb_nowww,targeted_ablation,hannousse,ebbu2017,44,cross,domain_dedup,42403,27806,0.8839333248517677,0.9332465740250633,0.14489678486657556,0.32813061929080056
xgb_nowww,targeted_ablation,hannousse,hannousse,45,within,raw,2161,824,0.8967311979435193,0.8655029186153211,0.25,0.41019417475728154
xgb_nowww,targeted_ablation,hannousse,phiusiil,45,cross,raw,60000,25603,0.802286934326758,0.8362323764417868,0.2904347146818732,0.46881224856462134
xgb_nowww,targeted_ablation,hannousse,phiusiil,45,cross,url_dedup,59936,25585,0.8021605610342964,0.8361823037545117,0.2905608755129959,0.4687121360171976
xgb_nowww,targeted_ablation,hannousse,phiusiil,45,cross,domain_dedup,53925,19850,0.7505821082920141,0.7599308341036903,0.21707808564231737,0.37662468513853903
xgb_nowww,targeted_ablation,hannousse,mendeley_phishurl,45,cross,raw,60000,18933,0.876532353585263,0.8050050975883964,0.15084772619236253,0.340358104896213
xgb_nowww,targeted_ablation,hannousse,mendeley_phishurl,45,cross,url_dedup,59839,18776,0.8760541597564535,0.8035511941129196,0.15131018321261183,0.34048785683851723
xgb_nowww,targeted_ablation,hannousse,mendeley_phishurl,45,cross,domain_dedup,46321,16337,0.851627235817316,0.7954136416933615,0.13527575442247658,0.3058089000428475
xgb_nowww,targeted_ablation,hannousse,kaggle_malicious,45,cross,raw,60000,10831,0.6603155326955474,0.2600105507093552,9.232757824762257e-05,0.008863447511771766
xgb_nowww,targeted_ablation,hannousse,kaggle_malicious,45,cross,url_dedup,59648,10482,0.6530590573218836,0.2476781581272101,9.540164090822362e-05,0.009063155886281244
xgb_nowww,targeted_ablation,hannousse,kaggle_malicious,45,cross,domain_dedup,45927,8736,0.6179061206096476,0.2415051853014604,0.00011446886446886447,0.007211538461538462
xgb_nowww,targeted_ablation,hannousse,ebbu2017,45,cross,raw,60000,30360,0.9212258665247797,0.9231499425641863,0.20899209486166007,0.3917325428194993
xgb_nowww,targeted_ablation,hannousse,ebbu2017,45,cross,url_dedup,54857,29276,0.9122381901448697,0.9220239804165506,0.1945279409755431,0.3720453613881678
xgb_nowww,targeted_ablation,hannousse,ebbu2017,45,cross,domain_dedup,42403,27806,0.8828512144383099,0.9328060870619375,0.16201539236136087,0.3290656692800115
xgb_nowww,targeted_ablation,hannousse,hannousse,46,within,raw,1923,910,0.9169944566785634,0.9195066346908877,0.31868131868131866,0.4747252747252747
xgb_nowww,targeted_ablation,hannousse,phiusiil,46,cross,raw,60000,25603,0.7987802029111385,0.8345517417427866,0.2955903605046284,0.47607702222395815
xgb_nowww,targeted_ablation,hannousse,phiusiil,46,cross,url_dedup,59936,25585,0.7986522010667251,0.8345012309654887,0.2956810631229236,0.47598202071526285
xgb_nowww,targeted_ablation,hannousse,phiusiil,46,cross,domain_dedup,53925,19850,0.7460951538593745,0.7575321679385327,0.22468513853904282,0.38191435768261967
xgb_nowww,targeted_ablation,hannousse,mendeley_phishurl,46,cross,raw,60000,18933,0.8764511204629553,0.8045405089483613,0.1250726245180373,0.3366080388739238
xgb_nowww,targeted_ablation,hannousse,mendeley_phishurl,46,cross,url_dedup,59839,18776,0.8759524079884276,0.8030661537432682,0.12553259480187473,0.3370259906263315
xgb_nowww,targeted_ablation,hannousse,mendeley_phishurl,46,cross,domain_dedup,46321,16337,0.8516706461682952,0.7948545481932048,0.11121993021974659,0.29968782518210196
xgb_nowww,targeted_ablation,hannousse,kaggle_malicious,46,cross,raw,60000,10831,0.6582581293452456,0.259065319857683,0.0004616378912381128,0.007847844151047919
xgb_nowww,targeted_ablation,hannousse,kaggle_malicious,46,cross,url_dedup,59648,10482,0.6510244949873798,0.24685093084885,0.0004770082045411181,0.008109139477199007
xgb_nowww,targeted_ablation,hannousse,kaggle_malicious,46,cross,domain_dedup,45927,8736,0.6152949494924872,0.24126774363432876,0.0004578754578754579,0.007554945054945055
xgb_nowww,targeted_ablation,hannousse,ebbu2017,46,cross,raw,60000,30360,0.9215392405395266,0.9231021781959277,0.1907114624505929,0.3803030303030303
xgb_nowww,targeted_ablation,hannousse,ebbu2017,46,cross,url_dedup,54857,29276,0.9126811442852371,0.9220595285353332,0.18373411668260692,0.36620439950812955
xgb_nowww,targeted_ablation,hannousse,ebbu2017,46,cross,domain_dedup,42403,27806,0.8841602627421435,0.9332723677891807,0.16960368265841905,0.3220168308998058
xgb_nowww,targeted_ablation,ebbu2017,ebbu2017,42,within,raw,11279,5871,0.9195863966049148,0.9275181929291794,0.24850962357349685,0.44234372338613526
xgb_nowww,targeted_ablation,ebbu2017,phiusiil,42,cross,raw,60000,25603,0.6502108583362529,0.6627498638367137,0.10119907823301957,0.1815412256376206
xgb_nowww,targeted_ablation,ebbu2017,phiusiil,42,cross,url_dedup,59970,25601,0.6501482111606419,0.6628237524542389,0.10120698410218351,0.1815554079918753
xgb_nowww,targeted_ablation,ebbu2017,phiusiil,42,cross,domain_dedup,57759,24235,0.6435939214981414,0.6518271161244613,0.10030946977511863,0.18048277284918507
xgb_nowww,targeted_ablation,ebbu2017,mendeley_phishurl,42,cross,raw,60000,18933,0.8573622022915325,0.7703164992205627,0.12375217873554112,0.2987376538319337
xgb_nowww,targeted_ablation,ebbu2017,mendeley_phishurl,42,cross,url_dedup,58479,17422,0.8490479300867639,0.744739953588446,0.11594535644587303,0.28108139134427734
xgb_nowww,targeted_ablation,ebbu2017,mendeley_phishurl,42,cross,domain_dedup,40743,14899,0.8139062448854013,0.7468950133510227,0.09215383582790791,0.24726491710853077
xgb_nowww,targeted_ablation,ebbu2017,kaggle_malicious,42,cross,raw,60000,10831,0.689377680482356,0.2738557930362944,9.232757824762257e-05,0.008678792355276521
xgb_nowww,targeted_ablation,ebbu2017,kaggle_malicious,42,cross,url_dedup,59967,10805,0.68922247746832,0.2732716852070987,9.254974548819991e-05,0.008699676075890792
xgb_nowww,targeted_ablation,ebbu2017,kaggle_malicious,42,cross,domain_dedup,40491,8094,0.6729143833378185,0.2776706978218855,0.0,0.00605386706202125
xgb_nowww,targeted_ablation,ebbu2017,hannousse,42,cross,raw,11430,5715,0.8779601959203919,0.8926472510059347,0.268416447944007,0.4040244969378828
xgb_nowww,targeted_ablation,ebbu2017,hannousse,42,cross,url_dedup,7982,5177,0.8080748972987267,0.8995473400898981,0.23720301332818233,0.3507823063550319
xgb_nowww,targeted_ablation,ebbu2017,hannousse,42,cross,domain_dedup,6546,4429,0.8071721646514742,0.9108031006962345,0.26507112214946943,0.3750282230751863
xgb_nowww,targeted_ablation,ebbu2017,ebbu2017,43,within,raw,11844,5990,0.9256361530691455,0.9297334623507971,0.21552587646076796,0.4550918196994992
xgb_nowww,targeted_ablation,ebbu2017,phiusiil,43,cross,raw,60000,25603,0.6645873743806808,0.6709782320980424,0.0917470608913018,0.16244190133968675
xgb_nowww,targeted_ablation,ebbu2017,phiusiil,43,cross,url_dedup,59970,25601,0.6645343631780183,0.6710578518147006,0.09175422835045506,0.16245459161751494
xgb_nowww,targeted_ablation,ebbu2017,phiusiil,43,cross,domain_dedup,57759,24235,0.658117083383931,0.6594459811204472,0.09156179079843202,0.160016505054673
xgb_nowww,targeted_ablation,ebbu2017,mendeley_phishurl,43,cross,raw,60000,18933,0.8604553720186399,0.7748980666207127,0.13283684571911478,0.29688902973643905
xgb_nowww,targeted_ablation,ebbu2017,mendeley_phishurl,43,cross,url_dedup,58479,17422,0.8523272747248718,0.7497328067924086,0.12466995752496843,0.27958902537022157
xgb_nowww,targeted_ablation,ebbu2017,mendeley_phishurl,43,cross,domain_dedup,40743,14899,0.8182726494183259,0.7527684183367357,0.11074568763004229,0.2429693268004564
xgb_nowww,targeted_ablation,ebbu2017,kaggle_malicious,43,cross,raw,60000,10831,0.6874762288501819,0.2733490544297197,0.0,0.008032499307543163
xgb_nowww,targeted_ablation,ebbu2017,kaggle_malicious,43,cross,url_dedup,59967,10805,0.6873312788979107,0.2727772587637941,0.0,0.008051827857473392
xgb_nowww,targeted_ablation,ebbu2017,kaggle_malicious,43,cross,domain_dedup,40491,8094,0.6713227087814424,0.27713076444862844,0.0,0.005559673832468495
xgb_nowww,targeted_ablation,ebbu2017,hannousse,43,cross,raw,11430,5715,0.8799529717577954,0.894762084241464,0.2600174978127734,0.39072615923009624
xgb_nowww,targeted_ablation,ebbu2017,hannousse,43,cross,url_dedup,7982,5177,0.8126673683855336,0.9018629013103072,0.23662352713926985,0.34595325478076105
xgb_nowww,targeted_ablation,ebbu2017,hannousse,43,cross,domain_dedup,6546,4429,0.8144479854456921,0.9140386658423754,0.26529690675095957,0.36035222397832467
xgb_nowww,targeted_ablation,ebbu2017,ebbu2017,44,within,raw,13276,6081,0.9335373774406868,0.9256666336526702,0.24255878967275118,0.47294852820259825
xgb_nowww,targeted_ablation,ebbu2017,phiusiil,44,cross,raw,60000,25603,0.6556646238586843,0.6659920565205326,0.10635472405577472,0.1716205132211069
xgb_nowww,targeted_ablation,ebbu2017,phiusiil,44,cross,url_dedup,59970,25601,0.6555988076152622,0.6660674728983955,0.1063630326940354,0.17163392054997853
xgb_nowww,targeted_ablation,ebbu2017,phiusiil,44,cross,domain_dedup,57759,24235,0.6483672432267993,0.6538300000054464,0.10517846090365174,0.16831029502785227
xgb_nowww,targeted_ablation,ebbu2017,mendeley_phishurl,44,cross,raw,60000,18933,0.8590165822434719,0.7726684213887092,0.13627000475360482,0.2935615063645487
xgb_nowww,targeted_ablation,ebbu2017,mendeley_phishurl,44,cross,url_dedup,58479,17422,0.8508842219675128,0.7474400146867598,0.12863046722534727,0.2767190908047297
xgb_nowww,targeted_ablation,ebbu2017,mendeley_phishurl,44,cross,domain_dedup,40743,14899,0.8168986542611912,0.750458058313913,0.10933619706020538,0.24303644539902006
xgb_nowww,targeted_ablation,ebbu2017,kaggle_malicious,44,cross,raw,60000,10831,0.6887563034312013,0.27449555566811495,0.0,0.007478533838057428
xgb_nowww,targeted_ablation,ebbu2017,kaggle_malicious,44,cross,url_dedup,59967,10805,0.6885964008988708,0.27390791616790466,0.0,0.0074965293845441925
xgb_nowww,targeted_ablation,ebbu2017,kaggle_malicious,44,cross,domain_dedup,40491,8094,0.6733804552839598,0.27879431134490507,0.0,0.005683222139856684
xgb_nowww,targeted_ablation,ebbu2017,hannousse,44,cross,raw,11430,5715,0.8770152527959377,0.892215699508837,0.2715660542432196,0.39877515310586176
xgb_nowww,targeted_ablation,ebbu2017,hannousse,44,cross,url_dedup,7982,5177,0.8073280384203132,0.8992673186238695,0.2346919065095615,0.34228317558431526
xgb_nowww,targeted_ablation,ebbu2017,hannousse,44,cross,domain_dedup,6546,4429,0.8086238732500493,0.911542624734086,0.2623617069315873,0.36057800857981487
xgb_nowww,targeted_ablation,ebbu2017,ebbu2017,45,within,raw,12228,6433,0.9323307734184997,0.942450681617849,0.2563345251049277,0.48018032022384577
xgb_nowww,targeted_ablation,ebbu2017,phiusiil,45,cross,raw,60000,25603,0.6533652060306683,0.6646013264904249,0.09850408155294302,0.17290942467679568
xgb_nowww,targeted_ablation,ebbu2017,phiusiil,45,cross,url_dedup,59970,25601,0.6533042444526936,0.6646789509359282,0.09851177688371549,0.17292293269794148
xgb_nowww,targeted_ablation,ebbu2017,phiusiil,45,cross,domain_dedup,57759,24235,0.6470894178716352,0.6539875585431874,0.09853517639777182,0.17194140705591088
xgb_nowww,targeted_ablation,ebbu2017,mendeley_phishurl,45,cross,raw,60000,18933,0.8583802191422587,0.7710148597408377,0.11915702741245444,0.29308614588285004
xgb_nowww,targeted_ablation,ebbu2017,mendeley_phishurl,45,cross,url_dedup,58479,17422,0.8501168798798936,0.7453672824529549,0.11175525198025485,0.2756859143611526
xgb_nowww,targeted_ablation,ebbu2017,mendeley_phishurl,45,cross,domain_dedup,40743,14899,0.8150699048878244,0.7473310262185692,0.09470434257332706,0.23833814349956373
xgb_nowww,targeted_ablation,ebbu2017,kaggle_malicious,45,cross,raw,60000,10831,0.6898265430338759,0.2752864932852089,0.0,0.008401809620533654
xgb_nowww,targeted_ablation,ebbu2017,kaggle_malicious,45,cross,url_dedup,59967,10805,0.6896638272909775,0.2746996465210144,0.0,0.008422026839426191
xgb_nowww,targeted_ablation,ebbu2017,kaggle_malicious,45,cross,domain_dedup,40491,8094,0.6735585834405728,0.2786680185514364,0.0,0.006548060291574005
xgb_nowww,targeted_ablation,ebbu2017,hannousse,45,cross,raw,11430,5715,0.8759370323678919,0.8911964988333718,0.2773403324584427,0.39335083114610675
xgb_nowww,targeted_ablation,ebbu2017,hannousse,45,cross,url_dedup,7982,5177,0.806275425688213,0.8986434308456668,0.2321807996909407,0.34537376859184854
xgb_nowww,targeted_ablation,ebbu2017,hannousse,45,cross,domain_dedup,6546,4429,0.8073528883204516,0.9105431578829848,0.26010386091668547,0.3578685933619327
xgb_nowww,targeted_ablation,ebbu2017,ebbu2017,46,within,raw,13622,6468,0.9428038904330889,0.9410135206769592,0.28308596165739025,0.524582560296846
xgb_nowww,targeted_ablation,ebbu2017,phiusiil,46,cross,raw,60000,25603,0.6567572209077297,0.6645740103935639,0.10424559621919306,0.1756434792797719
xgb_nowww,targeted_ablation,ebbu2017,phiusiil,46,cross,url_dedup,59970,25601,0.6566974036228765,0.6646501104904324,0.1042537400882778,0.1756572008905902
xgb_nowww,targeted_ablation,ebbu2017,phiusiil,46,cross,domain_dedup,57759,24235,0.6497708461427742,0.652632171788158,0.10315659170621003,0.17293171033629048
xgb_nowww,targeted_ablation,ebbu2017,mendeley_phishurl,46,cross,raw,60000,18933,0.8582464299177441,0.7713481487938261,0.13563619077800665,0.29577985527914225
xgb_nowww,targeted_ablation,ebbu2017,mendeley_phishurl,46,cross,url_dedup,58479,17422,0.8499593980136761,0.7457287110176026,0.12696590517736195,0.27838365285271494
xgb_nowww,targeted_ablation,ebbu2017,mendeley_phishurl,46,cross,domain_dedup,40743,14899,0.8146377568409626,0.7473387180100717,0.10839653668031411,0.23793543190818175
xgb_nowww,targeted_ablation,ebbu2017,kaggle_malicious,46,cross,raw,60000,10831,0.6873319859041294,0.2743938093124474,9.232757824762257e-05,0.0077555165728002955
xgb_nowww,targeted_ablation,ebbu2017,kaggle_malicious,46,cross,url_dedup,59967,10805,0.687161895845448,0.2738047241740986,9.254974548819991e-05,0.007774178621008793
xgb_nowww,targeted_ablation,ebbu2017,kaggle_malicious,46,cross,domain_dedup,40491,8094,0.671849111444097,0.2785085750780898,0.00012354830738818879,0.005806770447244872
xgb_nowww,targeted_ablation,ebbu2017,hannousse,46,cross,raw,11430,5715,0.8804860962808345,0.8953486838419096,0.26544181977252845,0.4047244094488189
xgb_nowww,targeted_ablation,ebbu2017,hannousse,46,cross,url_dedup,7982,5177,0.8139642743149202,0.9029406480941566,0.22194321035348658,0.34344214796214023
xgb_nowww,targeted_ablation,ebbu2017,hannousse,46,cross,domain_dedup,6546,4429,0.8161617940245044,0.91490054231963,0.24881463084217656,0.36148114698577555
xgb_nowww,full,phiusiil,phiusiil,42,within,raw,14924,8036,0.9983515942920043,0.9990496243795116,0.9936535589845694,0.995395719263315
xgb_nowww,full,phiusiil,mendeley_phishurl,42,cross,raw,60000,18933,0.747534721261236,0.6747914069156227,0.1632070987165267,0.25489885385306077
xgb_nowww,full,phiusiil,mendeley_phishurl,42,cross,url_dedup,59776,18757,0.7494213684964848,0.6756283640993342,0.16447193047928774,0.2565442234898971
xgb_nowww,full,phiusiil,mendeley_phishurl,42,cross,domain_dedup,51556,13187,0.8104815495097661,0.7051175338623988,0.21119284143474634,0.3078031394555244
xgb_nowww,full,phiusiil,kaggle_malicious,42,cross,raw,60000,10831,0.30318220089233816,0.12688168625855692,0.0,0.005078016803619241
xgb_nowww,full,phiusiil,kaggle_malicious,42,cross,url_dedup,59966,10829,0.3028782586689026,0.1268752126004757,0.0,0.005078954658786591
xgb_nowww,full,phiusiil,kaggle_malicious,42,cross,domain_dedup,55591,9508,0.29606001945913635,0.11892628293025276,0.0,0.005363904080774085
xgb_nowww,full,phiusiil,hannousse,42,cross,raw,11430,5715,0.6421579564146782,0.6197693276302688,0.004549431321084864,0.02957130358705162
xgb_nowww,full,phiusiil,hannousse,42,cross,url_dedup,11367,5698,0.6401996262641879,0.6192798213795909,0.0043875043875043875,0.029484029484029485
xgb_nowww,full,phiusiil,hannousse,42,cross,domain_dedup,9512,4332,0.6651605676709555,0.585493873746904,0.002077562326869806,0.02100646352723915
xgb_nowww,full,phiusiil,ebbu2017,42,cross,raw,60000,30360,0.599663572665575,0.5655644711915574,0.0036231884057971015,0.0036231884057971015
xgb_nowww,full,phiusiil,ebbu2017,42,cross,url_dedup,59963,30360,0.5992715308738471,0.5656037469817788,0.0036231884057971015,0.0036231884057971015
xgb_nowww,full,phiusiil,ebbu2017,42,cross,domain_dedup,57229,29934,0.5997589855525474,0.5814595047968497,0.0036079374624173183,0.017839246341952296
xgb_nowww,full,phiusiil,phiusiil,43,within,raw,11624,4673,0.9959410009653649,0.99678231546113,0.986946287181682,0.9903702118553391
xgb_nowww,full,phiusiil,mendeley_phishurl,43,cross,raw,60000,18933,0.7226460445799807,0.608492155953467,0.08049437490096657,0.1440342259546823
xgb_nowww,full,phiusiil,mendeley_phishurl,43,cross,url_dedup,59776,18757,0.7243743562322787,0.6088648707694458,0.08124966679106467,0.14517246894492722
xgb_nowww,full,phiusiil,mendeley_phishurl,43,cross,domain_dedup,51556,13187,0.7741778036679234,0.6154388147319345,0.1024493819670888,0.18525820884204142
xgb_nowww,full,phiusiil,kaggle_malicious,43,cross,raw,60000,10831,0.2965025140135393,0.12344022842526309,0.0,0.00360077555165728
xgb_nowww,full,phiusiil,kaggle_malicious,43,cross,url_dedup,59966,10829,0.2962235498397041,0.12344538414932382,0.0,0.003601440576230492
xgb_nowww,full,phiusiil,kaggle_malicious,43,cross,domain_dedup,55591,9508,0.28957135458362604,0.11573702438480035,0.0,0.0039966344131257886
xgb_nowww,full,phiusiil,hannousse,43,cross,raw,11430,5715,0.6429482819459467,0.6205309736392733,0.009273840769903762,0.009273840769903762
xgb_nowww,full,phiusiil,hannousse,43,cross,url_dedup,11367,5698,0.6409852132201753,0.62016494472724,0.009301509301509301,0.009301509301509301
xgb_nowww,full,phiusiil,hannousse,43,cross,domain_dedup,9512,4332,0.6679236319818038,0.5886608589528304,0.007386888273314866,0.007386888273314866
xgb_nowww,full,phiusiil,ebbu2017,43,cross,raw,60000,30360,0.604425673408082,0.5704387312408492,0.0,0.006521739130434782
xgb_nowww,full,phiusiil,ebbu2017,43,cross,url_dedup,59963,30360,0.6040294333974359,0.5704732013647548,0.0,0.006521739130434782
xgb_nowww,full,phiusiil,ebbu2017,43,cross,domain_dedup,57229,29934,0.6030738853419145,0.5850259050661769,0.0,0.00661455201443175
xgb_nowww,full,phiusiil,phiusiil,44,within,raw,13064,6168,0.9974763914154636,0.9982581659190901,0.9915693904020753,0.993514915693904
xgb_nowww,full,phiusiil,mendeley_phishurl,44,cross,raw,60000,18933,0.74172250586132,0.674329431210635,0.15945703269423758,0.28695927745206784
xgb_nowww,full,phiusiil,mendeley_phishurl,44,cross,url_dedup,59776,18757,0.7435153338198127,0.6752008833248503,0.16052673668497094,0.28901210214853124
xgb_nowww,full,phiusiil,mendeley_phishurl,44,cross,domain_dedup,51556,13187,0.8063053055921752,0.7111380806844319,0.20831121559111246,0.3782513081064685
xgb_nowww,full,phiusiil,kaggle_malicious,44,cross,raw,60000,10831,0.28037995736204313,0.12092085525661327,0.0002769827347428677,0.0002769827347428677
xgb_nowww,full,phiusiil,kaggle_malicious,44,cross,url_dedup,59966,10829,0.28007915466646444,0.1209245868930431,0.00027703389047926865,0.00027703389047926865
xgb_nowww,full,phiusiil,kaggle_malicious,44,cross,domain_dedup,55591,9508,0.27409454498842795,0.11339869803952335,0.0003155237694572991,0.0003155237694572991
xgb_nowww,full,phiusiil,hannousse,44,cross,raw,11430,5715,0.6479811764561801,0.6169374135033177,0.0006999125109361329,0.0006999125109361329
xgb_nowww,full,phiusiil,hannousse,44,cross,url_dedup,11367,5698,0.6459376523320781,0.6164657716578259,0.000702000702000702,0.000702000702000702
xgb_nowww,full,phiusiil,hannousse,44,cross,domain_dedup,9512,4332,0.6749120088628399,0.5912273972086546,0.0009233610341643582,0.0009233610341643582
xgb_nowww,full,phiusiil,ebbu2017,44,cross,raw,60000,30360,0.6265753068441855,0.592845499511068,0.001251646903820817,0.001251646903820817
xgb_nowww,full,phiusiil,ebbu2017,44,cross,url_dedup,59963,30360,0.6261815621142269,0.5928697963979661,0.001251646903820817,0.001251646903820817
xgb_nowww,full,phiusiil,ebbu2017,44,cross,domain_dedup,57229,29934,0.6264916785297929,0.6082691067136062,0.0012694594775172045,0.0012694594775172045
xgb_nowww,full,phiusiil,phiusiil,45,within,raw,12349,5519,0.9975538516351208,0.9980980824946047,0.9902156187715165,0.9922087334662076
xgb_nowww,full,phiusiil,mendeley_phishurl,45,cross,raw,60000,18933,0.6940802689894968,0.5663596112601932,0.06443775418581313,0.1306184968045212
xgb_nowww,full,phiusiil,mendeley_phishurl,45,cross,url_dedup,59776,18757,0.6958242608124952,0.5665464121638542,0.0647225035986565,0.1314176040944714
xgb_nowww,full,phiusiil,mendeley_phishurl,45,cross,domain_dedup,51556,13187,0.7515490486535872,0.5758338604416762,0.08197467202547964,0.1683476150754531
xgb_nowww,full,phiusiil,kaggle_malicious,45,cross,raw,60000,10831,0.28270920871254546,0.12015422845977584,0.0,0.0008309482042286031
xgb_nowww,full,phiusiil,kaggle_malicious,45,cross,url_dedup,59966,10829,0.28238586665933424,0.12015409517618855,0.0,0.0008311016714378059
xgb_nowww,full,phiusiil,kaggle_malicious,45,cross,domain_dedup,55591,9508,0.27697848048879553,0.11277071990661652,0.0,0.0008413967185527977
xgb_nowww,full,phiusiil,hannousse,45,cross,raw,11430,5715,0.6418667548446209,0.6120462110152384,0.0010498687664041995,0.0010498687664041995
xgb_nowww,full,phiusiil,hannousse,45,cross,url_dedup,11367,5698,0.6398917502286703,0.6116637681766655,0.001053001053001053,0.001053001053001053
xgb_nowww,full,phiusiil,hannousse,45,cross,domain_dedup,9512,4332,0.6658237209310617,0.586110386582633,0.0009233610341643582,0.0009233610341643582
xgb_nowww,full,phiusiil,ebbu2017,45,cross,raw,60000,30360,0.5954807153341192,0.5709719690336298,0.0028326745718050064,0.0028326745718050064
xgb_nowww,full,phiusiil,ebbu2017,45,cross,url_dedup,59963,30360,0.595056566970988,0.5709991510361703,0.0028326745718050064,0.0028326745718050064
xgb_nowww,full,phiusiil,ebbu2017,45,cross,domain_dedup,57229,29934,0.5951409544791666,0.5867209603827878,0.002872987238591568,0.002872987238591568
xgb_nowww,full,phiusiil,phiusiil,46,within,raw,12031,5169,0.9964764692817343,0.9973219614686002,0.9881988779260978,0.9905204101373574
xgb_nowww,full,phiusiil,mendeley_phishurl,46,cross,raw,60000,18933,0.7530738528981997,0.6950011257502813,0.17514392859029207,0.27729361432419586
xgb_nowww,full,phiusiil,mendeley_phishurl,46,cross,url_dedup,59776,18757,0.7554780751214234,0.6964018708295775,0.1763075118622381,0.2792557445220451
xgb_nowww,full,phiusiil,mendeley_phishurl,46,cross,domain_dedup,51556,13187,0.8335635133946333,0.7488261322956784,0.23288086752104345,0.3610373853037082
xgb_nowww,full,phiusiil,kaggle_malicious,46,cross,raw,60000,10831,0.2801400754080975,0.12088711278118625,0.0,0.0
xgb_nowww,full,phiusiil,kaggle_malicious,46,cross,url_dedup,59966,10829,0.27985205738872687,0.12089260034812638,0.0,0.0
xgb_nowww,full,phiusiil,kaggle_malicious,46,cross,domain_dedup,55591,9508,0.2768539852060938,0.11385454900019058,0.0,0.0
xgb_nowww,full,phiusiil,hannousse,46,cross,raw,11430,5715,0.6240965548597764,0.5823583720926351,0.0,0.0015748031496062992
xgb_nowww,full,phiusiil,hannousse,46,cross,url_dedup,11367,5698,0.6219448837194471,0.5819237944500657,0.0,0.0015795015795015794
xgb_nowww,full,phiusiil,hannousse,46,cross,domain_dedup,9512,4332,0.6545021871891679,0.558254355628481,0.0,0.002077562326869806
xgb_nowww,full,phiusiil,ebbu2017,46,cross,raw,60000,30360,0.6244848474847045,0.5755373792106286,0.0,0.0015810276679841897
xgb_nowww,full,phiusiil,ebbu2017,46,cross,url_dedup,59963,30360,0.6240849550242767,0.5755615134559344,0.0,0.0015810276679841897
xgb_nowww,full,phiusiil,ebbu2017,46,cross,domain_dedup,57229,29934,0.6232804188510076,0.5906069310062312,0.0,0.0016035277610743637
xgb_nowww,full,mendeley_phishurl,mendeley_phishurl,42,within,raw,11979,3514,0.9816217704492132,0.9720133759044813,0.8147410358565738,0.8856004553215708
xgb_nowww,full,mendeley_phishurl,phiusiil,42,cross,raw,60000,25603,0.9253870811109448,0.9433389204777348,0.6399640667109323,0.8053353122680936
xgb_nowww,full,mendeley_phishurl,phiusiil,42,cross,url_dedup,59773,25423,0.9249498525702036,0.9428696898234485,0.6414270542422216,0.8054517562836802
xgb_nowww,full,mendeley_phishurl,phiusiil,42,cross,domain_dedup,50234,16741,0.9051321239538104,0.9159666475306953,0.7246878920016725,0.8104653246520519
xgb_nowww,full,mendeley_phishurl,kaggle_malicious,42,cross,raw,60000,10831,0.5725219541541944,0.22875149528405397,0.0002769827347428677,0.010709999076724217
xgb_nowww,full,mendeley_phishurl,kaggle_malicious,42,cross,url_dedup,55381,10809,0.5669682715020878,0.23906803652657915,0.0002775464890369137,0.008974003145526877
xgb_nowww,full,mendeley_phishurl,kaggle_malicious,42,cross,domain_dedup,27817,8445,0.4918389044169271,0.28930187439835964,0.0,0.002486678507992895
xgb_nowww,full,mendeley_phishurl,hannousse,42,cross,raw,11430,5715,0.7561214712552882,0.7911665314326362,0.14068241469816273,0.2503937007874016
xgb_nowww,full,mendeley_phishurl,hannousse,42,cross,url_dedup,11261,5550,0.7528672657949492,0.7846409771615639,0.14036036036036037,0.2499099099099099
xgb_nowww,full,mendeley_phishurl,hannousse,42,cross,domain_dedup,7961,3946,0.7676302878397596,0.805517716731895,0.1594019260010137,0.27927014698428787
xgb_nowww,full,mendeley_phishurl,ebbu2017,42,cross,raw,60000,30360,0.9043995685378694,0.9094475802666608,0.17859025032938075,0.3581357048748353
xgb_nowww,full,mendeley_phishurl,ebbu2017,42,cross,url_dedup,56886,27260,0.9041674890573949,0.9016636313462373,0.1814013206162876,0.3616654438738078
xgb_nowww,full,mendeley_phishurl,ebbu2017,42,cross,domain_dedup,36481,18306,0.8801208343984452,0.8861751633611014,0.133016497323282,0.30536436141155904
xgb_nowww,full,mendeley_phishurl,mendeley_phishurl,43,within,raw,12746,3709,0.9872701821721926,0.9806564531875471,0.7870045834456727,0.9218118091129684
xgb_nowww,full,mendeley_phishurl,phiusiil,43,cross,raw,60000,25603,0.9262932216292561,0.9437577747097833,0.6549623091044018,0.8007655352888333
xgb_nowww,full,mendeley_phishurl,phiusiil,43,cross,url_dedup,59773,25423,0.9258714074597261,0.94330049014257,0.6561774770876765,0.8010462966605043
xgb_nowww,full,mendeley_phishurl,phiusiil,43,cross,domain_dedup,50234,16741,0.9075868100668237,0.9176228244614074,0.7255838958246222,0.8067618421838599
xgb_nowww,full,mendeley_phishurl,kaggle_malicious,43,cross,raw,60000,10831,0.5871111433092694,0.2418136244550829,0.00360077555165728,0.017357584710553042
xgb_nowww,full,mendeley_phishurl,kaggle_malicious,43,cross,url_dedup,55381,10809,0.5816584400273297,0.2521262123480292,0.0021278564159496714,0.016190211860486633
xgb_nowww,full,mendeley_phishurl,kaggle_malicious,43,cross,domain_dedup,27817,8445,0.5018954710166853,0.2949301290682764,0.00023682652457075192,0.0040260509177027825
xgb_nowww,full,mendeley_phishurl,hannousse,43,cross,raw,11430,5715,0.7587106117422111,0.7922958927562503,0.09921259842519685,0.24759405074365703
xgb_nowww,full,mendeley_phishurl,hannousse,43,cross,url_dedup,11261,5550,0.755471959439741,0.7858069734422684,0.1,0.24684684684684685
xgb_nowww,full,mendeley_phishurl,hannousse,43,cross,domain_dedup,7961,3946,0.7698707141680432,0.8070411601691919,0.11302584896097313,0.2772427774961987
xgb_nowww,full,mendeley_phishurl,ebbu2017,43,cross,raw,60000,30360,0.9058119752577705,0.9097814011031864,0.1471014492753623,0.35596179183135707
xgb_nowww,full,mendeley_phishurl,ebbu2017,43,cross,url_dedup,56886,27260,0.9058882200000902,0.9023015869448338,0.15058694057226707,0.35964783565663977
xgb_nowww,full,mendeley_phishurl,ebbu2017,43,cross,domain_dedup,36481,18306,0.8823555238764629,0.8870746274171627,0.11542663607560363,0.3041079427510106
xgb_nowww,full,mendeley_phishurl,mendeley_phishurl,44,within,raw,10675,3893,0.9626826628835656,0.9539773783472709,0.6994605702543026,0.7618802979707167
xgb_nowww,full,mendeley_phishurl,phiusiil,44,cross,raw,60000,25603,0.9248248545912774,0.943224052285581,0.6567199156348865,0.8012342303636293
xgb_nowww,full,mendeley_phishurl,phiusiil,44,cross,url_dedup,59773,25423,0.9243974364237451,0.9427661127772473,0.6581442001337372,0.8014789757306376
xgb_nowww,full,mendeley_phishurl,phiusiil,44,cross,domain_dedup,50234,16741,0.9045334201543046,0.9159106895863119,0.7416522310495192,0.8069410429484499
xgb_nowww,full,mendeley_phishurl,kaggle_malicious,44,cross,raw,60000,10831,0.608973485370623,0.2475555187258749,0.0005539654694857353,0.009602068137752747
xgb_nowww,full,mendeley_phishurl,kaggle_malicious,44,cross,url_dedup,55381,10809,0.6028749622222855,0.25771946851544886,0.0005550929780738274,0.008881487649181239
xgb_nowww,full,mendeley_phishurl,kaggle_malicious,44,cross,domain_dedup,27817,8445,0.5185562054063002,0.3010218187893373,0.00011841326228537596,0.002486678507992895
xgb_nowww,full,mendeley_phishurl,hannousse,44,cross,raw,11430,5715,0.7638305513648064,0.7997940891596635,0.15065616797900264,0.2673665791776028
xgb_nowww,full,mendeley_phishurl,hannousse,44,cross,url_dedup,11261,5550,0.7605973299512085,0.7934116602158207,0.150990990990991,0.2663063063063063
xgb_nowww,full,mendeley_phishurl,hannousse,44,cross,domain_dedup,7961,3946,0.7765560786685004,0.8149760433056017,0.16877850988342624,0.28560567663456665
xgb_nowww,full,mendeley_phishurl,ebbu2017,44,cross,raw,60000,30360,0.9132189902012556,0.9181871916236554,0.19545454545454546,0.3848814229249012
xgb_nowww,full,mendeley_phishurl,ebbu2017,44,cross,url_dedup,56886,27260,0.9133092095692948,0.911394301068112,0.20058694057226706,0.3882978723404255
xgb_nowww,full,mendeley_phishurl,ebbu2017,44,cross,domain_dedup,36481,18306,0.894006502028559,0.9000302110299156,0.16202338031246585,0.33743035070468697
xgb_nowww,full,mendeley_phishurl,mendeley_phishurl,45,within,raw,13399,3390,0.9795777900184819,0.9671159806261806,0.8147492625368732,0.8775811209439528
xgb_nowww,full,mendeley_phishurl,phiusiil,45,cross,raw,60000,25603,0.9263753134414777,0.9441121211100973,0.6693746826543764,0.8035386478147092
xgb_nowww,full,mendeley_phishurl,phiusiil,45,cross,url_dedup,59773,25423,0.9259553902553941,0.943658147811702,0.6706918931676041,0.8037997089249892
xgb_nowww,full,mendeley_phishurl,phiusiil,45,cross,domain_dedup,50234,16741,0.9064304988483338,0.9170135771610324,0.731975389761663,0.8089122513589392
xgb_nowww,full,mendeley_phishurl,kaggle_malicious,45,cross,raw,60000,10831,0.5984826265116017,0.2422793167459502,0.0010156033607238483,0.010617671498476595
xgb_nowww,full,mendeley_phishurl,kaggle_malicious,45,cross,url_dedup,55381,10809,0.5926301278029806,0.2524147874203101,0.0010176704598020168,0.009991673605328892
xgb_nowww,full,mendeley_phishurl,kaggle_malicious,45,cross,domain_dedup,27817,8445,0.5129733306095594,0.29759460129646587,0.0007104795737122557,0.003552397868561279
xgb_nowww,full,mendeley_phishurl,hannousse,45,cross,raw,11430,5715,0.7625300949367331,0.7977252644983713,0.1195100612423447,0.27296587926509186
xgb_nowww,full,mendeley_phishurl,hannousse,45,cross,url_dedup,11261,5550,0.7593676814618856,0.7912478695863998,0.12,0.27207207207207207
xgb_nowww,full,mendeley_phishurl,hannousse,45,cross,domain_dedup,7961,3946,0.7770840973314086,0.8146517496110441,0.1368474404460213,0.3008109477952357
xgb_nowww,full,mendeley_phishurl,ebbu2017,45,cross,raw,60000,30360,0.910912144126532,0.9171969590338833,0.19897891963109354,0.39057971014492754
xgb_nowww,full,mendeley_phishurl,ebbu2017,45,cross,url_dedup,56886,27260,0.9110005140385751,0.9103321608909286,0.20139398385913426,0.39479090242112985
xgb_nowww,full,mendeley_phishurl,ebbu2017,45,cross,domain_dedup,36481,18306,0.8888291524595404,0.8960339151398442,0.15093411996066863,0.33092974980880585
xgb_nowww,full,mendeley_phishurl,mendeley_phishurl,46,within,raw,10950,3747,0.9866211447569828,0.9830135993756605,0.8318654923939152,0.9052575393648252
xgb_nowww,full,mendeley_phishurl,phiusiil,46,cross,raw,60000,25603,0.9280369347034614,0.9451692781383911,0.6625395461469359,0.8037729953521072
xgb_nowww,full,mendeley_phishurl,phiusiil,46,cross,url_dedup,59773,25423,0.9276050466285128,0.944703683269137,0.663847696967313,0.8039963812295953
xgb_nowww,full,mendeley_phishurl,phiusiil,46,cross,domain_dedup,50234,16741,0.9080856166497273,0.9184582095198617,0.7352607371124783,0.811779463592378
xgb_nowww,full,mendeley_phishurl,kaggle_malicious,46,cross,raw,60000,10831,0.6184037985626345,0.2552940466081202,0.0017542239867048288,0.018280860493029266
xgb_nowww,full,mendeley_phishurl,kaggle_malicious,46,cross,url_dedup,55381,10809,0.6123091963367384,0.2652807402361187,0.00175779443056712,0.01406235544453696
xgb_nowww,full,mendeley_phishurl,kaggle_malicious,46,cross,domain_dedup,27817,8445,0.5244767584937922,0.3051249686040549,0.00011841326228537596,0.002368265245707519
xgb_nowww,full,mendeley_phishurl,hannousse,46,cross,raw,11430,5715,0.7668786458560573,0.8022583650094499,0.07664041994750656,0.2622922134733158
xgb_nowww,full,mendeley_phishurl,hannousse,46,cross,url_dedup,11261,5550,0.763624047791444,0.7959055501894604,0.07585585585585586,0.2610810810810811
xgb_nowww,full,mendeley_phishurl,hannousse,46,cross,domain_dedup,7961,3946,0.7783026650567215,0.8176139325202513,0.13558033451596554,0.2997972630511911
xgb_nowww,full,mendeley_phishurl,ebbu2017,46,cross,raw,60000,30360,0.9178129195048532,0.9238071472327896,0.1965415019762846,0.4192028985507246
xgb_nowww,full,mendeley_phishurl,ebbu2017,46,cross,url_dedup,56886,27260,0.9179613800196027,0.9174734508608334,0.20099046221570066,0.42208363903154805
xgb_nowww,full,mendeley_phishurl,ebbu2017,46,cross,domain_dedup,36481,18306,0.8946061039960891,0.9018289706225409,0.1579263629411122,0.3623948432208019
xgb_nowww,full,kaggle_malicious,kaggle_malicious,42,within,raw,12523,2109,0.891398792685522,0.7312318573628722,0.28686581318160265,0.40730203888098626
xgb_nowww,full,kaggle_malicious,phiusiil,42,cross,raw,60000,25603,0.04771143582791727,0.25581157550986855,3.905792289966019e-05,0.00019528961449830098
xgb_nowww,full,kaggle_malicious,phiusiil,42,cross,url_dedup,59966,25601,0.04768124981113851,0.25595787861282626,3.906097418069607e-05,0.00019530487090348034
xgb_nowww,full,kaggle_malicious,phiusiil,42,cross,domain_dedup,52752,19367,0.04259574094294392,0.21352353234628496,0.0,0.00025817111581556256
xgb_nowww,full,kaggle_malicious,mendeley_phishurl,42,cross,raw,60000,18933,0.3149543884452092,0.2866353157280909,0.0005281783129984683,0.02794063275761897
xgb_nowww,full,kaggle_malicious,mendeley_phishurl,42,cross,url_dedup,55379,18909,0.3145082244382824,0.30754702515852944,0.00047596382674916705,0.023639536728541966
xgb_nowww,full,kaggle_malicious,mendeley_phishurl,42,cross,domain_dedup,28121,15987,0.241602119053196,0.46261727866346064,6.255082254331645e-05,0.0046913116907487335
xgb_nowww,full,kaggle_malicious,hannousse,42,cross,raw,11430,5715,0.5689553744539588,0.5564001943494491,0.0026246719160104987,0.03237095363079615
xgb_nowww,full,kaggle_malicious,hannousse,42,cross,url_dedup,11033,5320,0.5647136395162596,0.5361364268093827,0.002631578947368421,0.03101503759398496
xgb_nowww,full,kaggle_malicious,hannousse,42,cross,domain_dedup,7697,3663,0.5334141100130193,0.4872127449572781,0.001911001911001911,0.015834015834015835
xgb_nowww,full,kaggle_malicious,ebbu2017,42,cross,raw,60000,30360,0.5448258399209486,0.47761197273554157,0.00026350461133069827,0.001976284584980237
xgb_nowww,full,kaggle_malicious,ebbu2017,42,cross,url_dedup,59950,30325,0.5449372807246392,0.4775217386561335,0.0002638087386644683,0.001978565539983512
xgb_nowww,full,kaggle_malicious,ebbu2017,42,cross,domain_dedup,46489,28616,0.6153549376138334,0.6234449403317686,0.0003844003354766564,0.003669275929549902
xgb_nowww,full,kaggle_malicious,kaggle_malicious,43,within,raw,13894,1917,0.8982019484484891,0.7219073797737818,0.34220135628586335,0.44966092853416795
xgb_nowww,full,kaggle_malicious,phiusiil,43,cross,raw,60000,25603,0.05552055920344529,0.25716269434699723,0.0,0.00011717376869898059
xgb_nowww,full,kaggle_malicious,phiusiil,43,cross,url_dedup,59966,25601,0.05549697451357536,0.2573111336949738,0.0,0.0001171829225420882
xgb_nowww,full,kaggle_malicious,phiusiil,43,cross,domain_dedup,52752,19367,0.05259075391371287,0.21487152685524102,0.0,0.00015490266948933753
xgb_nowww,full,kaggle_malicious,mendeley_phishurl,43,cross,raw,60000,18933,0.305427381931302,0.26301543805552063,0.0006866318068980087,0.01647916336555221
xgb_nowww,full,kaggle_malicious,mendeley_phishurl,43,cross,url_dedup,55379,18909,0.305033246050822,0.28421549763007875,0.00042307895711037074,0.014543339150668994
xgb_nowww,full,kaggle_malicious,mendeley_phishurl,43,cross,domain_dedup,28121,15987,0.2305471864919421,0.4437278246007704,0.0002502032901732658,0.005066616626008632
xgb_nowww,full,kaggle_malicious,hannousse,43,cross,raw,11430,5715,0.5717332096392588,0.5583572621370161,0.0010498687664041995,0.022222222222222223
xgb_nowww,full,kaggle_malicious,hannousse,43,cross,url_dedup,11033,5320,0.5680226570715253,0.5388639447661489,0.0011278195488721805,0.02048872180451128
xgb_nowww,full,kaggle_malicious,hannousse,43,cross,domain_dedup,7697,3663,0.5422055105991646,0.5049099132104613,0.001638001638001638,0.015015015015015015
xgb_nowww,full,kaggle_malicious,ebbu2017,43,cross,raw,60000,30360,0.5468444017049566,0.4786474698903075,0.00013175230566534913,0.001613965744400527
xgb_nowww,full,kaggle_malicious,ebbu2017,43,cross,url_dedup,59950,30325,0.5469498575558037,0.4785567474367132,0.00013190436933223414,0.001615828524319868
xgb_nowww,full,kaggle_malicious,ebbu2017,43,cross,domain_dedup,46489,28616,0.6179945417862285,0.625571663276552,0.0005940732457366508,0.0033547665641599105
xgb_nowww,full,kaggle_malicious,kaggle_malicious,44,within,raw,9851,1934,0.8984085011257568,0.7701511984569926,0.34488107549120994,0.44415718717683556
xgb_nowww,full,kaggle_malicious,phiusiil,44,cross,raw,60000,25603,0.049666974290154334,0.25676248678142083,3.905792289966019e-05,0.00023434753739796118
xgb_nowww,full,kaggle_malicious,phiusiil,44,cross,url_dedup,59966,25601,0.049625306482729885,0.2569076099155501,3.906097418069607e-05,0.0002343658450841764
xgb_nowww,full,kaggle_malicious,phiusiil,44,cross,domain_dedup,52752,19367,0.04583498149252971,0.2144276728781701,0.0,0.00025817111581556256
xgb_nowww,full,kaggle_malicious,mendeley_phishurl,44,cross,raw,60000,18933,0.30812576901168204,0.27570554051640817,0.0008979031320973961,0.02397929541013046
xgb_nowww,full,kaggle_malicious,mendeley_phishurl,44,cross,url_dedup,55379,18909,0.3077100419318868,0.2967815165227041,0.0007403881749431488,0.022740493944682427
xgb_nowww,full,kaggle_malicious,mendeley_phishurl,44,cross,domain_dedup,28121,15987,0.23799084005218557,0.4560825243389412,6.255082254331645e-05,0.007193344592481391
xgb_nowww,full,kaggle_malicious,hannousse,44,cross,raw,11430,5715,0.5698686133174735,0.5546064515393535,0.004899387576552931,0.021697287839020123
xgb_nowww,full,kaggle_malicious,hannousse,44,cross,url_dedup,11033,5320,0.5659340292355254,0.5344018002542875,0.004511278195488722,0.019548872180451128
xgb_nowww,full,kaggle_malicious,hannousse,44,cross,domain_dedup,7697,3663,0.5376118106658513,0.4939593973454638,0.00273000273000273,0.014742014742014743
xgb_nowww,full,kaggle_malicious,ebbu2017,44,cross,raw,60000,30360,0.542803910985404,0.4761126097365401,0.0003952569169960474,0.0017457180500658762
xgb_nowww,full,kaggle_malicious,ebbu2017,44,cross,url_dedup,59950,30325,0.5429109090339883,0.4760216811378682,0.0003957131079967024,0.0017477328936521023
xgb_nowww,full,kaggle_malicious,ebbu2017,44,cross,domain_dedup,46489,28616,0.6139649371006296,0.6218982381268936,0.0006290187307799833,0.003284875594073246
xgb_nowww,full,kaggle_malicious,kaggle_malicious,45,within,raw,12371,1941,0.8666855358680301,0.6859058173630004,0.3049974240082432,0.3956723338485317
xgb_nowww,full,kaggle_malicious,phiusiil,45,cross,raw,60000,25603,0.0528292279295123,0.257027867958911,0.0,3.905792289966019e-05
xgb_nowww,full,kaggle_malicious,phiusiil,45,cross,url_dedup,59966,25601,0.0527886645632619,0.2571730882083041,0.0,7.812194836139214e-05
xgb_nowww,full,kaggle_malicious,phiusiil,45,cross,domain_dedup,52752,19367,0.05003021688562209,0.21480200847831873,0.0,5.163422316311251e-05
xgb_nowww,full,kaggle_malicious,mendeley_phishurl,45,cross,raw,60000,18933,0.3048118285437379,0.2761574584615357,0.0005809961442983151,0.02429620239792954
xgb_nowww,full,kaggle_malicious,mendeley_phishurl,45,cross,url_dedup,55379,18909,0.30433504251373633,0.29705413232414024,0.00042307895711037074,0.022634724205404834
xgb_nowww,full,kaggle_malicious,mendeley_phishurl,45,cross,domain_dedup,28121,15987,0.24050904162500003,0.458090696266544,0.0001251016450866329,0.005191718271095265
xgb_nowww,full,kaggle_malicious,hannousse,45,cross,raw,11430,5715,0.576035268119919,0.5650501720756378,0.0017497812773403325,0.02589676290463692
xgb_nowww,full,kaggle_malicious,hannousse,45,cross,url_dedup,11033,5320,0.5720870584039304,0.5453916369172525,0.0018796992481203006,0.02424812030075188
xgb_nowww,full,kaggle_malicious,hannousse,45,cross,domain_dedup,7697,3663,0.5446542567266415,0.507075561449083,0.001911001911001911,0.015834015834015835
xgb_nowww,full,kaggle_malicious,ebbu2017,45,cross,raw,60000,30360,0.5432678805748028,0.4768323139987346,0.0001976284584980237,0.0018115942028985507
xgb_nowww,full,kaggle_malicious,ebbu2017,45,cross,url_dedup,59950,30325,0.5433819072564795,0.47674359423514134,0.0001978565539983512,0.0018136850783182193
xgb_nowww,full,kaggle_malicious,ebbu2017,45,cross,domain_dedup,46489,28616,0.6151632937036061,0.6234104060724099,0.0004193458205199888,0.0028305842885099244
xgb_nowww,full,kaggle_malicious,kaggle_malicious,46,within,raw,10545,2082,0.888937044486919,0.7345034392640474,0.28338136407300674,0.39385206532180594
xgb_nowww,full,kaggle_malicious,phiusiil,46,cross,raw,60000,25603,0.044020961167802755,0.256184195928177,0.0,0.00023434753739796118
xgb_nowww,full,kaggle_malicious,phiusiil,46,cross,url_dedup,59966,25601,0.04397639739640563,0.25632879946628495,0.0,0.0002343658450841764
xgb_nowww,full,kaggle_malicious,phiusiil,46,cross,domain_dedup,52752,19367,0.041537275713891465,0.21405420794678548,0.0,0.00030980533897867506
xgb_nowww,full,kaggle_malicious,mendeley_phishurl,46,cross,raw,60000,18933,0.31133573357818006,0.27669359505436897,0.00047536048169862145,0.02033486505044103
xgb_nowww,full,kaggle_malicious,mendeley_phishurl,46,cross,url_dedup,55379,18909,0.31097039051988756,0.2975951457766619,0.0002644243481939817,0.016817388545137237
xgb_nowww,full,kaggle_malicious,mendeley_phishurl,46,cross,domain_dedup,28121,15987,0.2446366510147332,0.45817611338812514,0.0,0.0034402952398824046
xgb_nowww,full,kaggle_malicious,hannousse,46,cross,raw,11430,5715,0.5669379975796989,0.5486641195754739,0.00034995625546806647,0.020647419072615924
xgb_nowww,full,kaggle_malicious,hannousse,46,cross,url_dedup,11033,5320,0.5622877153938584,0.5277667519046398,0.00037593984962406017,0.019172932330827067
xgb_nowww,full,kaggle_malicious,hannousse,46,cross,domain_dedup,7697,3663,0.5322993363399908,0.48890852655025907,0.000546000546000546,0.012558012558012558
xgb_nowww,full,kaggle_malicious,ebbu2017,46,cross,raw,60000,30360,0.548990681880413,0.47976235660477123,0.00016469038208168644,0.0018774703557312253
xgb_nowww,full,kaggle_malicious,ebbu2017,46,cross,url_dedup,59950,30325,0.5491047152333546,0.47967634766369754,0.00016488046166529267,0.0018796372629843363
xgb_nowww,full,kaggle_malicious,ebbu2017,46,cross,domain_dedup,46489,28616,0.6202555682413118,0.6263611950224564,0.0007338551859099804,0.003319821079116578
xgb_nowww,full,hannousse,hannousse,42,within,raw,1939,907,0.9315637205883609,0.9290245337018922,0.25027563395810365,0.4487320837927233
xgb_nowww,full,hannousse,phiusiil,42,cross,raw,60000,25603,0.7923330606583805,0.8255740853776451,0.25258758739210246,0.46143030113658556
xgb_nowww,full,hannousse,phiusiil,42,cross,url_dedup,59936,25585,0.7922250311247563,0.8255377398145267,0.25268712136017196,0.4612859097127223
xgb_nowww,full,hannousse,phiusiil,42,cross,domain_dedup,53925,19850,0.7401026702469549,0.7462166447852423,0.1910831234256927,0.38297229219143575
xgb_nowww,full,hannousse,mendeley_phishurl,42,cross,raw,60000,18933,0.9124481226089189,0.8540667221998999,0.17762636666138487,0.40484867691332593
xgb_nowww,full,hannousse,mendeley_phishurl,42,cross,url_dedup,59839,18776,0.9120218523583654,0.8527562450971568,0.17809970174691095,0.40466553046442266
xgb_nowww,full,hannousse,mendeley_phishurl,42,cross,domain_dedup,46321,16337,0.8975473540592362,0.850167202078301,0.15914794637938423,0.3599192018118382
xgb_nowww,full,hannousse,kaggle_malicious,42,cross,raw,60000,10831,0.6737672387257928,0.2661547284699036,0.0002769827347428677,0.008586464777028898
xgb_nowww,full,hannousse,kaggle_malicious,42,cross,url_dedup,59648,10482,0.6664548585692698,0.2532131951594739,0.00028620492272467084,0.008395344399923678
xgb_nowww,full,hannousse,kaggle_malicious,42,cross,domain_dedup,45927,8736,0.6316479044961743,0.24697135051311278,0.00034340659340659343,0.006181318681318681
xgb_nowww,full,hannousse,ebbu2017,42,cross,raw,60000,30360,0.9615680808036356,0.9622104224999792,0.2909090909090909,0.5381422924901186
xgb_nowww,full,hannousse,ebbu2017,42,cross,url_dedup,54857,29276,0.9562504003488508,0.961073330299181,0.29071594480120233,0.5113745047137587
xgb_nowww,full,hannousse,ebbu2017,42,cross,domain_dedup,42403,27806,0.9395574905651287,0.9658677663869434,0.2510968855642667,0.451952815939006
xgb_nowww,full,hannousse,hannousse,43,within,raw,2229,1037,0.9157223016833537,0.9121258588372634,0.29026036644165865,0.4136933461909354
xgb_nowww,full,hannousse,phiusiil,43,cross,raw,60000,25603,0.7760370311440669,0.8182906413673647,0.23958129906651565,0.4776002812170449
xgb_nowww,full,hannousse,phiusiil,43,cross,url_dedup,59936,25585,0.775910334941502,0.8182436683615677,0.239593511823334,0.4774672659761579
xgb_nowww,full,hannousse,phiusiil,43,cross,domain_dedup,53925,19850,0.7188736388652235,0.7357912980899405,0.18649874055415616,0.39178841309823675
xgb_nowww,full,hannousse,mendeley_phishurl,43,cross,raw,60000,18933,0.910755534710859,0.8514627038297323,0.19040828183594782,0.3995140759520414
xgb_nowww,full,hannousse,mendeley_phishurl,43,cross,url_dedup,59839,18776,0.9103091086429687,0.8501035237447199,0.19066893907115467,0.39939284192586283
xgb_nowww,full,hannousse,mendeley_phishurl,43,cross,domain_dedup,46321,16337,0.894787679992754,0.8460468525025242,0.16900287690518456,0.3480443165819918
xgb_nowww,full,hannousse,kaggle_malicious,43,cross,raw,60000,10831,0.672690982780286,0.26659442728370963,9.232757824762257e-05,0.014310774628381498
xgb_nowww,full,hannousse,kaggle_malicious,43,cross,url_dedup,59648,10482,0.665349451285915,0.25359212284866317,9.540164090822362e-05,0.01421484449532532
xgb_nowww,full,hannousse,kaggle_malicious,43,cross,domain_dedup,45927,8736,0.6358737834309041,0.2497711985342615,0.00011446886446886447,0.009157509157509158
xgb_nowww,full,hannousse,ebbu2017,43,cross,raw,60000,30360,0.9618552338203368,0.9624654304228772,0.31021080368906456,0.5388339920948617
xgb_nowww,full,hannousse,ebbu2017,43,cross,url_dedup,54857,29276,0.9566021118048365,0.961369306681223,0.3013731384068862,0.5210411258368629
xgb_nowww,full,hannousse,ebbu2017,43,cross,domain_dedup,42403,27806,0.9400340304466459,0.9660939020314494,0.2463856721570884,0.4535711716895634
xgb_nowww,full,hannousse,hannousse,44,within,raw,2670,1384,0.9126854677765891,0.9197634463786952,0.18063583815028902,0.41690751445086704
xgb_nowww,full,hannousse,phiusiil,44,cross,raw,60000,25603,0.7970983140425079,0.8302404176605683,0.23848767722532516,0.469085654024919
xgb_nowww,full,hannousse,phiusiil,44,cross,url_dedup,59936,25585,0.7969981066660988,0.8302049306261403,0.23849912057846395,0.4689466484268126
xgb_nowww,full,hannousse,phiusiil,44,cross,domain_dedup,53925,19850,0.74598583506896,0.7526470537724117,0.18272040302267004,0.38685138539042824
xgb_nowww,full,hannousse,mendeley_phishurl,44,cross,raw,60000,18933,0.9099585683359954,0.8501368635589158,0.1697565097977077,0.4080705646226166
xgb_nowww,full,hannousse,mendeley_phishurl,44,cross,url_dedup,59839,18776,0.9095089122878216,0.8487567826063397,0.17011077971878993,0.4081806561567959
xgb_nowww,full,hannousse,mendeley_phishurl,44,cross,domain_dedup,46321,16337,0.8941808465851555,0.8449438718776386,0.1453143171940993,0.3637142682255004
xgb_nowww,full,hannousse,kaggle_malicious,44,cross,raw,60000,10831,0.6752185255799321,0.2691608376333284,0.0002769827347428677,0.010709999076724217
xgb_nowww,full,hannousse,kaggle_malicious,44,cross,url_dedup,59648,10482,0.6679510388595646,0.2561018754384304,0.00028620492272467084,0.010684983781721046
xgb_nowww,full,hannousse,kaggle_malicious,44,cross,domain_dedup,45927,8736,0.634814319319643,0.2498257476009103,0.00022893772893772894,0.00538003663003663
xgb_nowww,full,hannousse,ebbu2017,44,cross,raw,60000,30360,0.9612925516829979,0.961903766429607,0.29548748353096177,0.5363636363636364
xgb_nowww,full,hannousse,ebbu2017,44,cross,url_dedup,54857,29276,0.9559566551869862,0.960774179202478,0.2876075966662112,0.5073780571116273
xgb_nowww,full,hannousse,ebbu2017,44,cross,domain_dedup,42403,27806,0.9390741396273481,0.9655631782135287,0.23743077033733725,0.4489678486657556
xgb_nowww,full,hannousse,hannousse,45,within,raw,2161,824,0.9251557609776997,0.8991897371306646,0.20752427184466019,0.45995145631067963
xgb_nowww,full,hannousse,phiusiil,45,cross,raw,60000,25603,0.7902642397988366,0.8260930309688106,0.247470999492247,0.4706479709409054
xgb_nowww,full,hannousse,phiusiil,45,cross,url_dedup,59936,25585,0.7901512883581399,0.826052430402223,0.24748876294703928,0.4704709790893101
xgb_nowww,full,hannousse,phiusiil,45,cross,domain_dedup,53925,19850,0.736932852594015,0.7466821786961835,0.183727959697733,0.3861460957178841
xgb_nowww,full,hannousse,mendeley_phishurl,45,cross,raw,60000,18933,0.9114856669219534,0.8516827820773796,0.18602440183806052,0.3895843236676702
xgb_nowww,full,hannousse,mendeley_phishurl,45,cross,url_dedup,59839,18776,0.9110504294268191,0.8503328549984099,0.18646144013634428,0.3896463570515552
xgb_nowww,full,hannousse,mendeley_phishurl,45,cross,domain_dedup,46321,16337,0.8959949642237219,0.8469681778523596,0.16857440166493237,0.3470649446042725
xgb_nowww,full,hannousse,kaggle_malicious,45,cross,raw,60000,10831,0.6754196834296168,0.26805245220219454,0.0010156033607238483,0.00969439571600037
xgb_nowww,full,hannousse,kaggle_malicious,45,cross,url_dedup,59648,10482,0.6681415714557669,0.25496594621684443,0.0010494180499904598,0.009349360809005915
xgb_nowww,full,hannousse,kaggle_malicious,45,cross,domain_dedup,45927,8736,0.6354248707149106,0.25015079298655224,0.0010302197802197802,0.007211538461538462
xgb_nowww,full,hannousse,ebbu2017,45,cross,raw,60000,30360,0.9620195874872647,0.9625135230803871,0.3019762845849802,0.541798418972332
xgb_nowww,full,hannousse,ebbu2017,45,cross,url_dedup,54857,29276,0.9567624135810635,0.9614071946857126,0.28285968028419184,0.5256182538598169
xgb_nowww,full,hannousse,ebbu2017,45,cross,domain_dedup,42403,27806,0.9400147133597829,0.9660655141470137,0.24048766453283463,0.4589297273969647
xgb_nowww,full,hannousse,hannousse,46,within,raw,1923,910,0.9461370317737544,0.9449618682791954,0.34835164835164834,0.4978021978021978
xgb_nowww,full,hannousse,phiusiil,46,cross,raw,60000,25603,0.7800030221659725,0.8169540070998278,0.2686013357809632,0.4455727844393235
xgb_nowww,full,hannousse,phiusiil,46,cross,url_dedup,59936,25585,0.77988819818341,0.8169160360331278,0.2686730506155951,0.4454172366621067
xgb_nowww,full,hannousse,phiusiil,46,cross,domain_dedup,53925,19850,0.7250217304767415,0.7343157771283455,0.21269521410579345,0.36307304785894207
xgb_nowww,full,hannousse,mendeley_phishurl,46,cross,raw,60000,18933,0.9113898579971248,0.8511473035749002,0.17804890931178366,0.39592246342365184
xgb_nowww,full,hannousse,mendeley_phishurl,46,cross,url_dedup,59839,18776,0.9109690330707714,0.849797439162317,0.17852577758841073,0.39587771623348955
xgb_nowww,full,hannousse,mendeley_phishurl,46,cross,domain_dedup,46321,16337,0.8964204620134391,0.8470242446101826,0.1516190243006672,0.3602864663034829
xgb_nowww,full,hannousse,kaggle_malicious,46,cross,raw,60000,10831,0.675248722776328,0.2682319674325083,0.0002769827347428677,0.00969439571600037
xgb_nowww,full,hannousse,kaggle_malicious,46,cross,url_dedup,59648,10482,0.6679997894356982,0.25524233934515816,0.00028620492272467084,0.009444762449914138
xgb_nowww,full,hannousse,kaggle_malicious,46,cross,domain_dedup,45927,8736,0.6360855712979714,0.24970018604115432,0.00034340659340659343,0.006181318681318681
xgb_nowww,full,hannousse,ebbu2017,46,cross,raw,60000,30360,0.9613795447655573,0.9621447927150351,0.30447957839262185,0.535836627140975
xgb_nowww,full,hannousse,ebbu2017,46,cross,url_dedup,54857,29276,0.9561264400868295,0.9610656664475776,0.294029238967072,0.5140388031151797
xgb_nowww,full,hannousse,ebbu2017,46,cross,domain_dedup,42403,27806,0.9395410302045227,0.9658923511079515,0.23825792994317774,0.4537150255340574
xgb_nowww,full,ebbu2017,ebbu2017,42,within,raw,11279,5871,0.9704000596150572,0.9734075922215241,0.4150911258729348,0.6300459887583035
xgb_nowww,full,ebbu2017,phiusiil,42,cross,raw,60000,25603,0.6571293317357901,0.7440490781425859,0.3955786431277585,0.4549857438581416
xgb_nowww,full,ebbu2017,phiusiil,42,cross,url_dedup,59970,25601,0.6570752104936617,0.744089845411437,0.39553142455372836,0.4549431662825671
xgb_nowww,full,ebbu2017,phiusiil,42,cross,domain_dedup,57759,24235,0.6672013155105592,0.7496551453760594,0.4098205075304312,0.47022900763358777
xgb_nowww,full,ebbu2017,mendeley_phishurl,42,cross,raw,60000,18933,0.9354431648644123,0.8990258982362465,0.3641789468124439,0.5574393915385835
xgb_nowww,full,ebbu2017,mendeley_phishurl,42,cross,url_dedup,58479,17422,0.9301297964797616,0.8832636233528812,0.33331420043623006,0.5234760647457238
xgb_nowww,full,ebbu2017,mendeley_phishurl,42,cross,domain_dedup,40743,14899,0.9202975290289497,0.8925417884733186,0.3040472514933888,0.48781797436069535
xgb_nowww,full,ebbu2017,kaggle_malicious,42,cross,raw,60000,10831,0.7521892610612626,0.3556434430797701,0.0005539654694857353,0.009879050872495614
xgb_nowww,full,ebbu2017,kaggle_malicious,42,cross,url_dedup,59967,10805,0.7520996905827932,0.35504046204633527,0.0005552984729291995,0.00990282276723739
xgb_nowww,full,ebbu2017,kaggle_malicious,42,cross,domain_dedup,40491,8094,0.759025608665425,0.37177100155875065,0.0004941932295527551,0.007289350135903138
xgb_nowww,full,ebbu2017,hannousse,42,cross,raw,11430,5715,0.8812328380212315,0.8727222589320093,0.12563429571303586,0.1968503937007874
xgb_nowww,full,ebbu2017,hannousse,42,cross,url_dedup,7982,5177,0.8132285368886171,0.8763644358750369,0.12149893760865366,0.1632219432103535
xgb_nowww,full,ebbu2017,hannousse,42,cross,domain_dedup,6546,4429,0.8212635448097112,0.894639449769951,0.14043802212689094,0.18333709641002482
xgb_nowww,full,ebbu2017,ebbu2017,43,within,raw,11844,5990,0.974578816305276,0.9746495234215148,0.3398998330550918,0.6156928213689482
xgb_nowww,full,ebbu2017,phiusiil,43,cross,raw,60000,25603,0.6598712633283628,0.7426880588093063,0.3932742256766785,0.45268132640706166
xgb_nowww,full,ebbu2017,phiusiil,43,cross,url_dedup,59970,25601,0.6598154783628416,0.7427278877308019,0.3932268270770673,0.452638568805906
xgb_nowww,full,ebbu2017,phiusiil,43,cross,domain_dedup,57759,24235,0.6677626930425882,0.7467576346426137,0.40808747678976687,0.4683309263461935
xgb_nowww,full,ebbu2017,mendeley_phishurl,43,cross,raw,60000,18933,0.9341542320364176,0.8964557478302498,0.3660275709079385,0.5442349337136217
xgb_nowww,full,ebbu2017,mendeley_phishurl,43,cross,url_dedup,58479,17422,0.9287297378684238,0.8802187227346259,0.3353231546320744,0.5094133853748134
xgb_nowww,full,ebbu2017,mendeley_phishurl,43,cross,domain_dedup,40743,14899,0.9185249204520988,0.8896311288639932,0.2988120008054232,0.4666756158131418
xgb_nowww,full,ebbu2017,kaggle_malicious,43,cross,raw,60000,10831,0.7497753574762474,0.35313471501026383,0.0017542239867048288,0.010156033607238482
xgb_nowww,full,ebbu2017,kaggle_malicious,43,cross,url_dedup,59967,10805,0.7496850575196048,0.3525276339536636,0.0017584451642757982,0.01018047200370199
xgb_nowww,full,ebbu2017,kaggle_malicious,43,cross,domain_dedup,40491,8094,0.7561557066081105,0.3693019583136242,0.0019767729182110206,0.008277736595008649
xgb_nowww,full,ebbu2017,hannousse,43,cross,raw,11430,5715,0.8792659185318372,0.8700231109521391,0.1121609798775153,0.17182852143482064
xgb_nowww,full,ebbu2017,hannousse,43,cross,url_dedup,7982,5177,0.810608315885049,0.8736315910758654,0.09716051767432876,0.14564419548000773
xgb_nowww,full,ebbu2017,hannousse,43,cross,domain_dedup,6546,4429,0.8178169967277764,0.8908433739025294,0.1117633777376383,0.15579137502822307
xgb_nowww,full,ebbu2017,ebbu2017,44,within,raw,13276,6081,0.9792049856472026,0.9759225374719741,0.41424107876993915,0.6525242558789672
xgb_nowww,full,ebbu2017,phiusiil,44,cross,raw,60000,25603,0.6549630539948696,0.7389815948753563,0.38112721165488417,0.4454946685935242
xgb_nowww,full,ebbu2017,phiusiil,44,cross,url_dedup,59970,25601,0.6549042265748167,0.7390213284623871,0.3810788641068708,0.44545134955665794
xgb_nowww,full,ebbu2017,phiusiil,44,cross,domain_dedup,57759,24235,0.6645075720827763,0.7442703456063782,0.394800907778007,0.46077986383329894
xgb_nowww,full,ebbu2017,mendeley_phishurl,44,cross,raw,60000,18933,0.9310797183847946,0.8925464026712147,0.36370358633074523,0.549305445518407
xgb_nowww,full,ebbu2017,mendeley_phishurl,44,cross,url_dedup,58479,17422,0.9253941779667332,0.8757273497244102,0.33451957295373663,0.5149236597405579
xgb_nowww,full,ebbu2017,mendeley_phishurl,44,cross,domain_dedup,40743,14899,0.9154087945974443,0.8851397883120045,0.2984092892140412,0.4805020471172562
xgb_nowww,full,ebbu2017,kaggle_malicious,44,cross,raw,60000,10831,0.7545488006795178,0.35735715957431125,0.0016618964084572062,0.012094912750438556
xgb_nowww,full,ebbu2017,kaggle_malicious,44,cross,url_dedup,59967,10805,0.7544757135608532,0.35677831229902157,0.0016658954187875983,0.012124016658954188
xgb_nowww,full,ebbu2017,kaggle_malicious,44,cross,domain_dedup,40491,8094,0.757440295147933,0.37108857423887237,0.0016061279960464542,0.009883864591055103
xgb_nowww,full,ebbu2017,hannousse,44,cross,raw,11430,5715,0.8804629036418565,0.8713356029918905,0.09116360454943132,0.19160104986876642
xgb_nowww,full,ebbu2017,hannousse,44,cross,url_dedup,7982,5177,0.8118345678833812,0.8747957221014341,0.0867297662739038,0.16496040177709098
xgb_nowww,full,ebbu2017,hannousse,44,cross,domain_dedup,6546,4429,0.820015810254759,0.8932486112922366,0.09979679385865883,0.17566041995935877
xgb_nowww,full,ebbu2017,ebbu2017,45,within,raw,12228,6433,0.9732590542697563,0.9764148880977963,0.37431991294885747,0.6449556971863827
xgb_nowww,full,ebbu2017,phiusiil,45,cross,raw,60000,25603,0.598605047140944,0.7077769026320095,0.39362574698277547,0.44397140960043746
xgb_nowww,full,ebbu2017,phiusiil,45,cross,url_dedup,59970,25601,0.5985548957940686,0.7078265630313643,0.3935783758446936,0.4439279715636108
xgb_nowww,full,ebbu2017,phiusiil,45,cross,domain_dedup,57759,24235,0.6062178648015751,0.711794561289648,0.4075510625128946,0.4583453682690324
xgb_nowww,full,ebbu2017,mendeley_phishurl,45,cross,raw,60000,18933,0.9330980233162964,0.8944395927041089,0.3601647916336555,0.5394285110653356
xgb_nowww,full,ebbu2017,mendeley_phishurl,45,cross,url_dedup,58479,17422,0.9276060533196416,0.8778557040529265,0.33073125932728736,0.5045918953047871
xgb_nowww,full,ebbu2017,mendeley_phishurl,45,cross,domain_dedup,40743,14899,0.9169659414094006,0.8865533398128954,0.2982079334183502,0.46540036244043226
xgb_nowww,full,ebbu2017,kaggle_malicious,45,cross,raw,60000,10831,0.7488961085920889,0.34976269769073565,0.0007386206259809805,0.009048102668267012
xgb_nowww,full,ebbu2017,kaggle_malicious,45,cross,url_dedup,59967,10805,0.7488089383151861,0.3491671156640278,0.0007403979639055993,0.00906987505784359
xgb_nowww,full,ebbu2017,kaggle_malicious,45,cross,domain_dedup,40491,8094,0.755565409445467,0.3648830601272498,0.0009883864591055103,0.007783543365455893
xgb_nowww,full,ebbu2017,hannousse,45,cross,raw,11430,5715,0.8790067580135159,0.871334713762966,0.12458442694663167,0.21084864391951005
xgb_nowww,full,ebbu2017,hannousse,45,cross,url_dedup,7982,5177,0.8098328786622029,0.8747869412863172,0.11551091365655786,0.17674328761831176
xgb_nowww,full,ebbu2017,hannousse,45,cross,domain_dedup,6546,4429,0.8200671103933121,0.8946170329760593,0.13321291487920525,0.18762700383833822
xgb_nowww,full,ebbu2017,ebbu2017,46,within,raw,13622,6468,0.9807403480872868,0.98011937034915,0.4836116264687693,0.717377860235003
xgb_nowww,full,ebbu2017,phiusiil,46,cross,raw,60000,25603,0.6104751986612375,0.7139695128872916,0.3862437995547397,0.4386985900089833
xgb_nowww,full,ebbu2017,phiusiil,46,cross,url_dedup,59970,25601,0.6104224190630083,0.7140159504366306,0.386195851724542,0.43865474004921684
xgb_nowww,full,ebbu2017,phiusiil,46,cross,domain_dedup,57759,24235,0.6193915326716164,0.7191338695248477,0.40292964720445634,0.45401279141737155
xgb_nowww,full,ebbu2017,mendeley_phishurl,46,cross,raw,60000,18933,0.9336665677150635,0.8950863970630912,0.34997095019278507,0.5354143558865473
xgb_nowww,full,ebbu2017,mendeley_phishurl,46,cross,url_dedup,58479,17422,0.9282367923377253,0.8786049267377655,0.320916083113305,0.5004017908391689
xgb_nowww,full,ebbu2017,mendeley_phishurl,46,cross,domain_dedup,40743,14899,0.9194310864593822,0.888839174811005,0.2827035371501443,0.46821934358010603
xgb_nowww,full,ebbu2017,kaggle_malicious,46,cross,raw,60000,10831,0.7493488797009136,0.35515267648907317,0.001477241251961961,0.012094912750438556
xgb_nowww,full,ebbu2017,kaggle_malicious,46,cross,url_dedup,59967,10805,0.7492570813064819,0.35454787961465634,0.0014807959278111986,0.012124016658954188
xgb_nowww,full,ebbu2017,kaggle_malicious,46,cross,domain_dedup,40491,8094,0.7574568079167385,0.3706583306984465,0.0009883864591055103,0.009760316283666914
xgb_nowww,full,ebbu2017,hannousse,46,cross,raw,11430,5715,0.8805648287839786,0.8714245522364763,0.12178477690288714,0.18722659667541558
xgb_nowww,full,ebbu2017,hannousse,46,cross,url_dedup,7982,5177,0.81291779043259,0.8752774715445029,0.11029553795634538,0.15723391925825767
xgb_nowww,full,ebbu2017,hannousse,46,cross,domain_dedup,6546,4429,0.8222979198487061,0.893660428289105,0.12711673063897042,0.17566041995935877
