model,featset,train,test,seed,kind,variant,n_test,n_pos,roc_auc,pr_auc,tpr_at_fpr_0.001,tpr_at_fpr_0.01
xgb,full,phiusiil,phiusiil,42,within,raw,14924,8036,0.99913592954816,0.9995314522518376,0.9977600796416128,0.998133399701344
xgb,full,phiusiil,mendeley_phishurl,42,cross,raw,60000,18933,0.9362071032141512,0.9300652823328912,0.5775101674325253,0.7532350921671156
xgb,full,phiusiil,mendeley_phishurl,42,cross,url_dedup,59776,18757,0.9367342011570172,0.9305617004543733,0.5802633683424855,0.756304313056459
xgb,full,phiusiil,mendeley_phishurl,42,cross,domain_dedup,51556,13187,0.9571402491216496,0.9454561855306264,0.7114582543413969,0.8374914688708577
xgb,full,phiusiil,kaggle_malicious,42,cross,raw,60000,10831,0.2346468259071811,0.1161066721423929,0.0,0.0056319822731049
xgb,full,phiusiil,kaggle_malicious,42,cross,url_dedup,59966,10829,0.2344435254458901,0.1161151437932741,0.0,0.0056330224397451
xgb,full,phiusiil,kaggle_malicious,42,cross,domain_dedup,55591,9508,0.2255831471467164,0.1077488385471861,0.0,0.0049432057214976
xgb,full,phiusiil,hannousse,42,cross,raw,11430,5715,0.6948243674265127,0.6665702742482346,0.0006999125109361,0.0281714785651793
xgb,full,phiusiil,hannousse,42,cross,url_dedup,11367,5698,0.6931821355000046,0.666341974418143,0.0007020007020007,0.028080028080028
xgb,full,phiusiil,hannousse,42,cross,domain_dedup,9512,4332,0.7137294026317571,0.6463888238354824,0.000230840258541,0.0251615881809787
xgb,full,phiusiil,ebbu2017,42,cross,raw,60000,30360,0.7326092179496071,0.6883241018649345,0.000197628458498,0.0052042160737812
xgb,full,phiusiil,ebbu2017,42,cross,url_dedup,59963,30360,0.7323656778946087,0.6883693014183412,0.000197628458498,0.0052042160737812
xgb,full,phiusiil,ebbu2017,42,cross,domain_dedup,57229,29934,0.7334513936399836,0.703701819754518,0.0002004409701342,0.0048439901115788
xgb,full,phiusiil,phiusiil,43,within,raw,11624,4673,0.9978244273763368,0.9983020872197764,0.9950781082816178,0.9950781082816178
xgb,full,phiusiil,mendeley_phishurl,43,cross,raw,60000,18933,0.9285392909213028,0.9234294410816934,0.6123699360904241,0.7366502931389637
xgb,full,phiusiil,mendeley_phishurl,43,cross,url_dedup,59776,18757,0.929291774270432,0.9241397899795968,0.6156634856320307,0.7392973289971744
xgb,full,phiusiil,mendeley_phishurl,43,cross,domain_dedup,51556,13187,0.9546067126959196,0.9442391621696,0.7418669902176386,0.8378706301660727
xgb,full,phiusiil,kaggle_malicious,43,cross,raw,60000,10831,0.2135921590934208,0.1114841329599982,0.0001846551564952,0.0001846551564952
xgb,full,phiusiil,kaggle_malicious,43,cross,url_dedup,59966,10829,0.2134232635132793,0.1115095276070407,0.0001846892603195,0.0001846892603195
xgb,full,phiusiil,kaggle_malicious,43,cross,domain_dedup,55591,9508,0.2041756653783709,0.1039856446055268,0.000105174589819,0.000105174589819
xgb,full,phiusiil,hannousse,43,cross,raw,11430,5715,0.6696084730441065,0.6341705529375647,0.000174978127734,0.010673665791776
xgb,full,phiusiil,hannousse,43,cross,url_dedup,11367,5698,0.667766589534097,0.6339729854110814,0.0001755001755001,0.0107055107055107
xgb,full,phiusiil,hannousse,43,cross,domain_dedup,9512,4332,0.6914225241268177,0.6181194980083733,0.000230840258541,0.0113111726685133
xgb,full,phiusiil,ebbu2017,43,cross,raw,60000,30360,0.7080013494165383,0.6682608938491029,0.0003293807641633,0.0172595520421607
xgb,full,phiusiil,ebbu2017,43,cross,url_dedup,59963,30360,0.7077089162837669,0.6682877724274274,0.0003293807641633,0.0172595520421607
xgb,full,phiusiil,ebbu2017,43,cross,domain_dedup,57229,29934,0.7086673395030769,0.6846778525741266,0.0003340682835571,0.0172713302599051
xgb,full,phiusiil,phiusiil,44,within,raw,13064,6168,0.9986073314367094,0.9990411656349628,0.9952983138780804,0.99594682230869
xgb,full,phiusiil,mendeley_phishurl,44,cross,raw,60000,18933,0.9251259532033704,0.9170975000495636,0.5871758305603972,0.7211746685681086
xgb,full,phiusiil,mendeley_phishurl,44,cross,url_dedup,59776,18757,0.9258262973649722,0.9177176315028572,0.5906594871248068,0.7242096284053953
xgb,full,phiusiil,mendeley_phishurl,44,cross,domain_dedup,51556,13187,0.9524846328305638,0.9408743030334288,0.7483885644953363,0.8319557139607189
xgb,full,phiusiil,kaggle_malicious,44,cross,raw,60000,10831,0.225759008826972,0.113256580376561,0.0,0.0033237928169144
xgb,full,phiusiil,kaggle_malicious,44,cross,url_dedup,59966,10829,0.2256307605535275,0.1132874342156548,0.0,0.0033244066857512
xgb,full,phiusiil,kaggle_malicious,44,cross,domain_dedup,55591,9508,0.219980127952444,0.1060501458197429,0.0,0.0
xgb,full,phiusiil,hannousse,44,cross,raw,11430,5715,0.6749537257099206,0.654014950287572,0.000174978127734,0.0295713035870516
xgb,full,phiusiil,hannousse,44,cross,url_dedup,11367,5698,0.6732985135701663,0.653975642269715,0.0001755001755001,0.0296595296595296
xgb,full,phiusiil,hannousse,44,cross,domain_dedup,9512,4332,0.7004081594455556,0.6398043322230209,0.0,0.0300092336103416
xgb,full,phiusiil,ebbu2017,44,cross,raw,60000,30360,0.7218218429009333,0.6858911105912269,3.293807641633728e-05,0.0045783926218708
xgb,full,phiusiil,ebbu2017,44,cross,url_dedup,59963,30360,0.7215875182593083,0.6859471407629116,3.293807641633728e-05,0.0045783926218708
xgb,full,phiusiil,ebbu2017,44,cross,domain_dedup,57229,29934,0.7197115476114986,0.6982606639647772,3.340682835571591e-05,0.0046101423130887
xgb,full,phiusiil,phiusiil,45,within,raw,12349,5519,0.9987396925355956,0.9991240090130654,0.995832578365646,0.9967385395905056
xgb,full,phiusiil,mendeley_phishurl,45,cross,raw,60000,18933,0.9366059069714922,0.933279593000359,0.6405746580045424,0.7698727090265673
xgb,full,phiusiil,mendeley_phishurl,45,cross,url_dedup,59776,18757,0.9371389726391758,0.9337731116323438,0.6438129764887776,0.7727781628192142
xgb,full,phiusiil,mendeley_phishurl,45,cross,domain_dedup,51556,13187,0.959853136379959,0.9521086217223772,0.7841055585045879,0.8644877530901646
xgb,full,phiusiil,kaggle_malicious,45,cross,raw,60000,10831,0.2382275516771317,0.1158962324157774,9.232757824762255e-05,9.232757824762255e-05
xgb,full,phiusiil,kaggle_malicious,45,cross,url_dedup,59966,10829,0.2380652411720581,0.1159222547757447,9.23446301597562e-05,9.23446301597562e-05
xgb,full,phiusiil,kaggle_malicious,45,cross,domain_dedup,55591,9508,0.231934817799761,0.1081969517849806,0.0,0.0
xgb,full,phiusiil,hannousse,45,cross,raw,11430,5715,0.6834417570069707,0.6637315507799689,0.0,0.0307961504811898
xgb,full,phiusiil,hannousse,45,cross,url_dedup,11367,5698,0.6817861249418844,0.6636754616333914,0.0,0.0308880308880308
xgb,full,phiusiil,hannousse,45,cross,domain_dedup,9512,4332,0.7101675329860926,0.6512885110221531,0.0066943674976915,0.028393351800554
xgb,full,phiusiil,ebbu2017,45,cross,raw,60000,30360,0.7257213266488152,0.6964347091616078,0.0,0.00566534914361
xgb,full,phiusiil,ebbu2017,45,cross,url_dedup,59963,30360,0.7254565021785662,0.6964676740683167,0.0,0.00566534914361
xgb,full,phiusiil,ebbu2017,45,cross,domain_dedup,57229,29934,0.7258610391233431,0.7112490507053062,0.0,0.0054787198503374
xgb,full,phiusiil,phiusiil,46,within,raw,12031,5169,0.9978521795433272,0.9984430202894576,0.9941961694718514,0.9945830915070614
xgb,full,phiusiil,mendeley_phishurl,46,cross,raw,60000,18933,0.926963666346718,0.9204350597840472,0.6550995616120002,0.7592035071039983
xgb,full,phiusiil,mendeley_phishurl,46,cross,url_dedup,59776,18757,0.9277152647412358,0.9211615688176517,0.658527483072986,0.7622221037479341
xgb,full,phiusiil,mendeley_phishurl,46,cross,domain_dedup,51556,13187,0.9579162139925752,0.948141315733571,0.805641920072799,0.8588003336619398
xgb,full,phiusiil,kaggle_malicious,46,cross,raw,60000,10831,0.216717933675262,0.1116621250449488,9.232757824762255e-05,9.232757824762255e-05
xgb,full,phiusiil,kaggle_malicious,46,cross,url_dedup,59966,10829,0.2165292056228955,0.1116829340912073,9.23446301597562e-05,9.23446301597562e-05
xgb,full,phiusiil,kaggle_malicious,46,cross,domain_dedup,55591,9508,0.2089074401166244,0.1044055254873611,0.0,0.0
xgb,full,phiusiil,hannousse,46,cross,raw,11430,5715,0.6674636973965307,0.6444289273485522,0.0,0.0250218722659667
xgb,full,phiusiil,hannousse,46,cross,url_dedup,11367,5698,0.6656455728602492,0.6441320618436581,0.0,0.025096525096525
xgb,full,phiusiil,hannousse,46,cross,domain_dedup,9512,4332,0.6943241148746688,0.6320951013847763,0.0,0.0267774699907663
xgb,full,phiusiil,ebbu2017,46,cross,raw,60000,30360,0.727014187820824,0.6939937472915823,6.587615283267457e-05,0.0049407114624505
xgb,full,phiusiil,ebbu2017,46,cross,url_dedup,59963,30360,0.7267664947517826,0.6940326924352539,6.587615283267457e-05,0.0049407114624505
xgb,full,phiusiil,ebbu2017,46,cross,domain_dedup,57229,29934,0.7265448895673309,0.7070841306425125,6.681365671143182e-05,0.0049442105966459
xgb,full,mendeley_phishurl,mendeley_phishurl,42,within,raw,11979,3514,0.9968307178004714,0.9956787231467054,0.9641434262948207,0.9857712009106432
xgb,full,mendeley_phishurl,phiusiil,42,cross,raw,60000,25603,0.9784869438715756,0.9841148229678158,0.9269226262547358,0.9468031090106628
xgb,full,mendeley_phishurl,phiusiil,42,cross,url_dedup,59773,25423,0.978331565572808,0.9839475822989696,0.9266412303819376,0.9464264642253076
xgb,full,mendeley_phishurl,phiusiil,42,cross,domain_dedup,50234,16741,0.9700464644135368,0.9728910561913574,0.9055014634729108,0.9290962308105848
xgb,full,mendeley_phishurl,kaggle_malicious,42,cross,raw,60000,10831,0.2366559539273122,0.1177184459926295,0.0008309482042286,0.0081248268857907
xgb,full,mendeley_phishurl,kaggle_malicious,42,cross,url_dedup,55381,10809,0.2359512649154877,0.1275467942314785,0.0008326394671107,0.0081413636784161
xgb,full,mendeley_phishurl,kaggle_malicious,42,cross,domain_dedup,27817,8445,0.2344347013696011,0.2022145894250707,0.0005920663114268,0.0035523978685612
xgb,full,mendeley_phishurl,hannousse,42,cross,raw,11430,5715,0.7868239173515384,0.781157852669528,0.04251968503937,0.1198600174978127
xgb,full,mendeley_phishurl,hannousse,42,cross,url_dedup,11261,5550,0.7850665461469175,0.7756161226076478,0.0423423423423423,0.1201801801801801
xgb,full,mendeley_phishurl,hannousse,42,cross,domain_dedup,7961,3946,0.7987823790537133,0.8009465302355903,0.040547389761784,0.1662442980233147
xgb,full,mendeley_phishurl,ebbu2017,42,cross,raw,60000,30360,0.8744634782964302,0.8581950875676868,0.0307312252964426,0.1748353096179183
xgb,full,mendeley_phishurl,ebbu2017,42,cross,url_dedup,56886,27260,0.8776791446845856,0.8498012857970835,0.0319882611885546,0.1804475421863536
xgb,full,mendeley_phishurl,ebbu2017,42,cross,domain_dedup,36481,18306,0.8617388726060157,0.8459845276307847,0.0176991150442477,0.1668305473615208
xgb,full,mendeley_phishurl,mendeley_phishurl,43,within,raw,12746,3709,0.9978690553287818,0.9972699801164896,0.9851712051765976,0.9902938797519548
xgb,full,mendeley_phishurl,phiusiil,43,cross,raw,60000,25603,0.9787061176722026,0.9844052493902508,0.9300863180096084,0.9491075264617428
xgb,full,mendeley_phishurl,phiusiil,43,cross,url_dedup,59773,25423,0.9785526905143432,0.9842420882121904,0.9298666561774772,0.9487471974196594
xgb,full,mendeley_phishurl,phiusiil,43,cross,domain_dedup,50234,16741,0.9702510510167914,0.9733802628664978,0.9101009497640524,0.931903709455827
xgb,full,mendeley_phishurl,kaggle_malicious,43,cross,raw,60000,10831,0.2428596756065684,0.1169967893088995,0.0006462930477333,0.0056319822731049
xgb,full,mendeley_phishurl,kaggle_malicious,43,cross,url_dedup,55381,10809,0.2420965806071628,0.1269172317121314,0.0006476084744194,0.0056434452770839
xgb,full,mendeley_phishurl,kaggle_malicious,43,cross,domain_dedup,27817,8445,0.2435000459056163,0.2042948114956046,0.0007104795737122,0.003789224393132
xgb,full,mendeley_phishurl,hannousse,43,cross,raw,11430,5715,0.784464269175452,0.7776962801509553,0.0178477690288713,0.1224846894138232
xgb,full,mendeley_phishurl,hannousse,43,cross,url_dedup,11261,5550,0.7827476294364755,0.7721728194036888,0.0178378378378378,0.123063063063063
xgb,full,mendeley_phishurl,hannousse,43,cross,domain_dedup,7961,3946,0.7970771037903351,0.7979876153914589,0.02204764318297,0.1454637607704004
xgb,full,mendeley_phishurl,ebbu2017,43,cross,raw,60000,30360,0.8722695779303331,0.8547177231027479,0.0341567852437417,0.1778985507246376
xgb,full,mendeley_phishurl,ebbu2017,43,cross,url_dedup,56886,27260,0.8755275327995837,0.8460961713701549,0.0349963316214233,0.1834189288334556
xgb,full,mendeley_phishurl,ebbu2017,43,cross,domain_dedup,36481,18306,0.8610930609412267,0.8422377772573668,0.0217415055173167,0.1468917294875996
xgb,full,mendeley_phishurl,mendeley_phishurl,44,within,raw,10675,3893,0.9926632600476184,0.9903953848563688,0.8995633187772926,0.9216542512201388
xgb,full,mendeley_phishurl,phiusiil,44,cross,raw,60000,25603,0.9793400592029632,0.9847855307669392,0.9286411748623208,0.949654337382338
xgb,full,mendeley_phishurl,phiusiil,44,cross,url_dedup,59773,25423,0.9791913687940084,0.9846260184767824,0.9284112811233922,0.9492978798725564
xgb,full,mendeley_phishurl,phiusiil,44,cross,domain_dedup,50234,16741,0.9711634190214656,0.9740217989142668,0.9148796368197838,0.9336359835135296
xgb,full,mendeley_phishurl,kaggle_malicious,44,cross,raw,60000,10831,0.2389130110415908,0.1170721809156334,0.0008309482042286,0.0063706028990859
xgb,full,mendeley_phishurl,kaggle_malicious,44,cross,url_dedup,55381,10809,0.2381178320468382,0.1269021291848379,0.0008326394671107,0.006383569247849
xgb,full,mendeley_phishurl,kaggle_malicious,44,cross,domain_dedup,27817,8445,0.2354268280979536,0.2017632240157995,0.0004736530491415,0.0029603315571343
xgb,full,mendeley_phishurl,hannousse,44,cross,raw,11430,5715,0.7894923720711639,0.786356943909916,0.052843394575678,0.1254593175853018
xgb,full,mendeley_phishurl,hannousse,44,cross,url_dedup,11261,5550,0.7879085879786282,0.7811803047613874,0.0527927927927927,0.1259459459459459
xgb,full,mendeley_phishurl,hannousse,44,cross,domain_dedup,7961,3946,0.8005982381073509,0.8044447560751155,0.0625950329447541,0.1490116573745565
xgb,full,mendeley_phishurl,ebbu2017,44,cross,raw,60000,30360,0.874235604371474,0.8582544937062511,0.0347167325428195,0.1962121212121212
xgb,full,mendeley_phishurl,ebbu2017,44,cross,url_dedup,56886,27260,0.8776328999100995,0.85018158338218,0.0356933235509904,0.2028980190755686
xgb,full,mendeley_phishurl,ebbu2017,44,cross,domain_dedup,36481,18306,0.8608556435747421,0.8421328571918075,0.0199388178739211,0.1631705451764449
xgb,full,mendeley_phishurl,mendeley_phishurl,45,within,raw,13399,3390,0.994831465840036,0.9930843014229004,0.9297935103244838,0.983480825958702
xgb,full,mendeley_phishurl,phiusiil,45,cross,raw,60000,25603,0.9795439008640446,0.9848093079820336,0.9284068273249227,0.948716947232746
xgb,full,mendeley_phishurl,phiusiil,45,cross,url_dedup,59773,25423,0.979396868163884,0.9846496144391476,0.928175274357865,0.9483538528104472
xgb,full,mendeley_phishurl,phiusiil,45,cross,domain_dedup,50234,16741,0.9715229227319222,0.9740786826800132,0.9075324054715966,0.9315453079266472
xgb,full,mendeley_phishurl,kaggle_malicious,45,cross,raw,60000,10831,0.2306540022474796,0.1167868676097224,0.0018465515649524,0.0078478441510479
xgb,full,mendeley_phishurl,kaggle_malicious,45,cross,url_dedup,55381,10809,0.2301705356667164,0.1267469667286515,0.0018503099269127,0.0078638171893792
xgb,full,mendeley_phishurl,kaggle_malicious,45,cross,domain_dedup,27817,8445,0.2342296206264509,0.2022877162975405,0.0013025458851391,0.0035523978685612
xgb,full,mendeley_phishurl,hannousse,45,cross,raw,11430,5715,0.7862217354064338,0.7790910327414802,0.0398950131233595,0.1156605424321959
xgb,full,mendeley_phishurl,hannousse,45,cross,url_dedup,11261,5550,0.7845059557894438,0.7735648369360936,0.0407207207207207,0.1163963963963964
xgb,full,mendeley_phishurl,hannousse,45,cross,domain_dedup,7961,3946,0.799451530910126,0.798816706604439,0.0377597567156614,0.138114546376077
xgb,full,mendeley_phishurl,ebbu2017,45,cross,raw,60000,30360,0.8696469047098337,0.8502682337560825,0.0124835309617918,0.1762187088274044
xgb,full,mendeley_phishurl,ebbu2017,45,cross,url_dedup,56886,27260,0.8730777212110539,0.8415346431254442,0.0131327953044754,0.1824651504035216
xgb,full,mendeley_phishurl,ebbu2017,45,cross,domain_dedup,36481,18306,0.8571681190508715,0.8344826200367494,0.0035507483885065,0.1359117229323719
xgb,full,mendeley_phishurl,mendeley_phishurl,46,within,raw,10950,3747,0.996788527124166,0.9959095720970644,0.9039231385108086,0.9695756605284228
xgb,full,mendeley_phishurl,phiusiil,46,cross,raw,60000,25603,0.9788732030765098,0.9844953742295603,0.9263758153341404,0.9483263680037496
xgb,full,mendeley_phishurl,phiusiil,46,cross,url_dedup,59773,25423,0.9787218407199384,0.9843331206445716,0.926129882389962,0.9479605082012352
xgb,full,mendeley_phishurl,phiusiil,46,cross,domain_dedup,50234,16741,0.9706141947790052,0.973624661401976,0.9047249268263544,0.931246639985664
xgb,full,mendeley_phishurl,kaggle_malicious,46,cross,raw,60000,10831,0.2315744435513338,0.1162241119002321,0.001200258517219,0.0058166374296002
xgb,full,mendeley_phishurl,kaggle_malicious,46,cross,url_dedup,55381,10809,0.2307906408524271,0.1260140270187388,0.0012027014524932,0.0058284762697751
xgb,full,mendeley_phishurl,kaggle_malicious,46,cross,domain_dedup,27817,8445,0.2343311845103814,0.2021817377478374,0.0,0.0033155713439905
xgb,full,mendeley_phishurl,hannousse,46,cross,raw,11430,5715,0.7879364292061918,0.7850873432027426,0.0433945756780402,0.1230096237970253
xgb,full,mendeley_phishurl,hannousse,46,cross,url_dedup,11261,5550,0.7861821583446518,0.7796370612137604,0.0434234234234234,0.1232432432432432
xgb,full,mendeley_phishurl,hannousse,46,cross,domain_dedup,7961,3946,0.800530543406978,0.8065731595542533,0.0524581855043081,0.1634566649771921
xgb,full,mendeley_phishurl,ebbu2017,46,cross,raw,60000,30360,0.8748472830087533,0.8590310761184864,0.0248682476943346,0.1903491436100131
xgb,full,mendeley_phishurl,ebbu2017,46,cross,url_dedup,56886,27260,0.8781465100577168,0.8508515018554115,0.0256786500366837,0.1963683052090975
xgb,full,mendeley_phishurl,ebbu2017,46,cross,domain_dedup,36481,18306,0.863568012592289,0.847661207562964,0.0269856877526494,0.1613678575330492
xgb,full,kaggle_malicious,kaggle_malicious,42,within,raw,12523,2109,0.944030667583476,0.8520795838776605,0.3594120436225699,0.5699383594120436
xgb,full,kaggle_malicious,phiusiil,42,cross,raw,60000,25603,0.4071463026911401,0.4840547283973402,0.0170292543842518,0.0789360621802132
xgb,full,kaggle_malicious,phiusiil,42,cross,url_dedup,59966,25601,0.4071886843909829,0.4842513285537066,0.0170305847427834,0.0789422288191867
xgb,full,kaggle_malicious,phiusiil,42,cross,domain_dedup,52752,19367,0.3280846149200912,0.3944757452016925,0.0264367222595136,0.0834409046315898
xgb,full,kaggle_malicious,mendeley_phishurl,42,cross,raw,60000,18933,0.1695252641055226,0.2022157663564267,0.0031690698779908,0.0076585855384777
xgb,full,kaggle_malicious,mendeley_phishurl,42,cross,url_dedup,55379,18909,0.1696535227536825,0.2212509163139929,0.0031730921783277,0.0076683060976254
xgb,full,kaggle_malicious,mendeley_phishurl,42,cross,domain_dedup,28121,15987,0.1571688856434356,0.4108455194989785,0.0041283542878588,0.008506911865891
xgb,full,kaggle_malicious,hannousse,42,cross,raw,11430,5715,0.4482114495093188,0.4858896163395548,0.0047244094488188,0.021172353455818
xgb,full,kaggle_malicious,hannousse,42,cross,url_dedup,11033,5320,0.4429855599088742,0.4657554499504306,0.0045112781954887,0.0204887218045112
xgb,full,kaggle_malicious,hannousse,42,cross,domain_dedup,7697,3663,0.406370346999995,0.4322591716394048,0.0032760032760032,0.0169260169260169
xgb,full,kaggle_malicious,ebbu2017,42,cross,raw,60000,30360,0.2945674871625958,0.3745429087947029,0.0,0.0009222661396574
xgb,full,kaggle_malicious,ebbu2017,42,cross,url_dedup,59950,30325,0.2946054519081261,0.374413795203897,0.0,0.0009233305853256
xgb,full,kaggle_malicious,ebbu2017,42,cross,domain_dedup,46489,28616,0.3440797370369554,0.4953101613927335,0.0001048364551299,0.0018521107072966
xgb,full,kaggle_malicious,kaggle_malicious,43,within,raw,13894,1917,0.9597196792025612,0.8832469604856281,0.398017736045905,0.7052686489306208
xgb,full,kaggle_malicious,phiusiil,43,cross,raw,60000,25603,0.3977417085285363,0.4710506597438538,0.0158184587743623,0.0794438151779088
xgb,full,kaggle_malicious,phiusiil,43,cross,url_dedup,59966,25601,0.3977945621565722,0.471253364860813,0.0158196945431819,0.0794500214835358
xgb,full,kaggle_malicious,phiusiil,43,cross,domain_dedup,52752,19367,0.3167195079052057,0.3769552283894136,0.0228739608612588,0.078948727216399
xgb,full,kaggle_malicious,mendeley_phishurl,43,cross,raw,60000,18933,0.196332683199552,0.2190672053543611,0.0028521628901917,0.0134685469814609
xgb,full,kaggle_malicious,mendeley_phishurl,43,cross,url_dedup,55379,18909,0.1965917564886523,0.2394024507759586,0.002855782960495,0.0135914114971706
xgb,full,kaggle_malicious,mendeley_phishurl,43,cross,domain_dedup,28121,15987,0.1765111578161376,0.4309923707281525,0.0026896853693626,0.0130105710890098
xgb,full,kaggle_malicious,hannousse,43,cross,raw,11430,5715,0.4517038782225713,0.4960812582171998,0.0050743657042869,0.0278215223097112
xgb,full,kaggle_malicious,hannousse,43,cross,url_dedup,11033,5320,0.4463360506113876,0.4760381419719754,0.0050751879699248,0.0270676691729323
xgb,full,kaggle_malicious,hannousse,43,cross,domain_dedup,7697,3663,0.4085445024959155,0.4365822873166802,0.003003003003003,0.018018018018018
xgb,full,kaggle_malicious,ebbu2017,43,cross,raw,60000,30360,0.2941426587650844,0.3745227375807919,3.293807641633728e-05,0.0010210803689064
xgb,full,kaggle_malicious,ebbu2017,43,cross,url_dedup,59950,30325,0.2941898006476949,0.3743963080766028,3.2976092333058534e-05,0.0010222588623248
xgb,full,kaggle_malicious,ebbu2017,43,cross,domain_dedup,46489,28616,0.3441599495655685,0.4961412572897086,0.0002446183953033,0.0019220016773832
xgb,full,kaggle_malicious,kaggle_malicious,44,within,raw,9851,1934,0.9478306731721132,0.8816221842058496,0.3738366080661841,0.6122026887280249
xgb,full,kaggle_malicious,phiusiil,44,cross,raw,60000,25603,0.4231046907295909,0.5006755153301199,0.0137093309377807,0.0792875834863102
xgb,full,kaggle_malicious,phiusiil,44,cross,url_dedup,59966,25601,0.4231476117283243,0.5008883429653691,0.0137104019374243,0.079293777586813
xgb,full,kaggle_malicious,phiusiil,44,cross,domain_dedup,52752,19367,0.3433595748142504,0.4084556288231882,0.0171425620901533,0.0852997366654618
xgb,full,kaggle_malicious,mendeley_phishurl,44,cross,raw,60000,18933,0.1998583393533918,0.2223456554501422,0.0030634342153911,0.0128875508371626
xgb,full,kaggle_malicious,mendeley_phishurl,44,cross,url_dedup,55379,18909,0.2001121385450756,0.2431418943966751,0.0031202073086889,0.0133798720186154
xgb,full,kaggle_malicious,mendeley_phishurl,44,cross,domain_dedup,28121,15987,0.1823741117785776,0.4414871358499844,0.0034402952398824,0.0168261712641521
xgb,full,kaggle_malicious,hannousse,44,cross,raw,11430,5715,0.4531770164774897,0.4966827650922027,0.0059492563429571,0.0246719160104986
xgb,full,kaggle_malicious,hannousse,44,cross,url_dedup,11033,5320,0.4481343664166543,0.4769694481739512,0.0058270676691729,0.0240601503759398
xgb,full,kaggle_malicious,hannousse,44,cross,domain_dedup,7697,3663,0.4107028220811067,0.4383403066834583,0.0054600054600054,0.0155610155610155
xgb,full,kaggle_malicious,ebbu2017,44,cross,raw,60000,30360,0.295734695240559,0.3753677847997749,3.293807641633728e-05,0.0019762845849802
xgb,full,kaggle_malicious,ebbu2017,44,cross,url_dedup,59950,30325,0.2957718905945088,0.3752366905880477,3.2976092333058534e-05,0.0019785655399835
xgb,full,kaggle_malicious,ebbu2017,44,cross,domain_dedup,46489,28616,0.3450248117049751,0.4976292813867981,0.0007338551859099,0.0036692759295499
xgb,full,kaggle_malicious,kaggle_malicious,45,within,raw,12371,1941,0.9341399422958088,0.8373286661573588,0.3554868624420402,0.5847501287995879
xgb,full,kaggle_malicious,phiusiil,45,cross,raw,60000,25603,0.3689659856680054,0.4374248578831214,0.0120298402530953,0.0539780494473303
xgb,full,kaggle_malicious,phiusiil,45,cross,url_dedup,59966,25601,0.3689939624737192,0.4376275139740643,0.0120307800476543,0.0539822663177219
xgb,full,kaggle_malicious,phiusiil,45,cross,domain_dedup,52752,19367,0.2984036216988055,0.3528451784297995,0.0143543140393452,0.0554035214540197
xgb,full,kaggle_malicious,mendeley_phishurl,45,cross,raw,60000,18933,0.2093468504693242,0.2193091286075234,0.0021127132519938,0.0057571436116833
xgb,full,kaggle_malicious,mendeley_phishurl,45,cross,url_dedup,55379,18909,0.2095314355597138,0.239715365339883,0.002062509915913,0.0057644507906288
xgb,full,kaggle_malicious,mendeley_phishurl,45,cross,domain_dedup,28121,15987,0.1848046396152453,0.4454547875123448,0.0039407018202289,0.0192031025207981
xgb,full,kaggle_malicious,hannousse,45,cross,raw,11430,5715,0.4497185117827025,0.49264879774877,0.0034995625546806,0.0250218722659667
xgb,full,kaggle_malicious,hannousse,45,cross,url_dedup,11033,5320,0.4443166982307861,0.4716059319418123,0.0030075187969924,0.0234962406015037
xgb,full,kaggle_malicious,hannousse,45,cross,domain_dedup,7697,3663,0.4059009882014344,0.4372870069806639,0.0032760032760032,0.0182910182910182
xgb,full,kaggle_malicious,ebbu2017,45,cross,raw,60000,30360,0.2948941975422238,0.3750578043310151,0.000197628458498,0.0015151515151515
xgb,full,kaggle_malicious,ebbu2017,45,cross,url_dedup,59950,30325,0.2949246326539841,0.3749210137581277,0.0001978565539983,0.0015169002473206
xgb,full,kaggle_malicious,ebbu2017,45,cross,domain_dedup,46489,28616,0.3447879779820099,0.4983342481165742,0.0008037461559966,0.0040536762650265
xgb,full,kaggle_malicious,kaggle_malicious,46,within,raw,10545,2082,0.9618483372782898,0.900524364214425,0.3102785782901057,0.6248799231508165
xgb,full,kaggle_malicious,phiusiil,46,cross,raw,60000,25603,0.3728325718518308,0.46097286619472,0.0240987384290903,0.0605397804944733
xgb,full,kaggle_malicious,phiusiil,46,cross,url_dedup,59966,25601,0.3728725512589753,0.4611616981459135,0.0241006210694894,0.0605445099800789
xgb,full,kaggle_malicious,phiusiil,46,cross,domain_dedup,52752,19367,0.300110108414933,0.3723786695957869,0.026178551143698,0.0608251148861465
xgb,full,kaggle_malicious,mendeley_phishurl,46,cross,raw,60000,18933,0.1911204704920376,0.2127914416363037,0.0026408915649923,0.0096656631278719
xgb,full,kaggle_malicious,mendeley_phishurl,46,cross,url_dedup,55379,18909,0.1913354992783398,0.2327807492416283,0.0026971283515786,0.0097837008831773
xgb,full,kaggle_malicious,mendeley_phishurl,46,cross,domain_dedup,28121,15987,0.1732715236973125,0.4269110843214048,0.0031900919497091,0.0121348595734033
xgb,full,kaggle_malicious,hannousse,46,cross,raw,11430,5715,0.4517716956421567,0.4919761541875347,0.0017497812773403,0.0260717410323709
xgb,full,kaggle_malicious,hannousse,46,cross,url_dedup,11033,5320,0.4463636555066995,0.4716202025188214,0.0015037593984962,0.025563909774436
xgb,full,kaggle_malicious,hannousse,46,cross,domain_dedup,7697,3663,0.4096458427147569,0.4386272813716673,0.0032760032760032,0.018018018018018
xgb,full,kaggle_malicious,ebbu2017,46,cross,raw,60000,30360,0.2935950421305112,0.3743919725315698,0.0,0.0010210803689064
xgb,full,kaggle_malicious,ebbu2017,46,cross,url_dedup,59950,30325,0.2936270359432449,0.3742602896445048,0.0,0.0010222588623248
xgb,full,kaggle_malicious,ebbu2017,46,cross,domain_dedup,46489,28616,0.3427096092876961,0.4959983002457208,0.0002446183953033,0.0030752026838132
xgb,full,hannousse,hannousse,42,within,raw,1939,907,0.9455136834098272,0.9417133313123156,0.2767364939360529,0.4862183020948181
xgb,full,hannousse,phiusiil,42,cross,raw,60000,25603,0.8668037730305527,0.8767812911279037,0.1862672343084794,0.5017771354919346
xgb,full,hannousse,phiusiil,42,cross,url_dedup,59936,25585,0.8667106632971062,0.8767367810431843,0.1862810240375219,0.5016611295681063
xgb,full,hannousse,phiusiil,42,cross,domain_dedup,53925,19850,0.8350724453947527,0.8201454935013415,0.1585894206549118,0.4283123425692695
xgb,full,hannousse,mendeley_phishurl,42,cross,raw,60000,18933,0.9374970340852732,0.8747217294384928,0.1493688269159668,0.3630169545238472
xgb,full,hannousse,mendeley_phishurl,42,cross,url_dedup,59839,18776,0.9372668855262992,0.873669890651541,0.1496058798466127,0.3630166169578185
xgb,full,hannousse,mendeley_phishurl,42,cross,domain_dedup,46321,16337,0.9341660832074876,0.8860906920204069,0.1495378588480137,0.3405766052518822
xgb,full,hannousse,kaggle_malicious,42,cross,raw,60000,10831,0.5436123743621106,0.2056409380656413,0.0009232757824762,0.0101560336072384
xgb,full,hannousse,kaggle_malicious,42,cross,url_dedup,59648,10482,0.5334758102101651,0.1943199575501966,0.0007632131272657,0.0099217706544552
xgb,full,hannousse,kaggle_malicious,42,cross,domain_dedup,45927,8736,0.4940700536031059,0.1926117572242875,0.000801282051282,0.0085851648351648
xgb,full,hannousse,ebbu2017,42,cross,raw,60000,30360,0.9699353079065608,0.9704614120391194,0.3552371541501976,0.5965415019762846
xgb,full,hannousse,ebbu2017,42,cross,url_dedup,54857,29276,0.9658744208558132,0.9697679134943612,0.3550348408252493,0.5786992758573576
xgb,full,hannousse,ebbu2017,42,cross,domain_dedup,42403,27806,0.9504505795202436,0.9724130619739376,0.2750485506725167,0.513486297921312
xgb,full,hannousse,hannousse,43,within,raw,2229,1037,0.9286791402665148,0.9256016535647108,0.2439729990356798,0.4021215043394407
xgb,full,hannousse,phiusiil,43,cross,raw,60000,25603,0.8626023494974047,0.8741927171207695,0.2266531265867281,0.4993164863492559
xgb,full,hannousse,phiusiil,43,cross,url_dedup,59936,25585,0.8625003658816178,0.8741387384562018,0.2266953292945085,0.4991987492671487
xgb,full,hannousse,phiusiil,43,cross,domain_dedup,53925,19850,0.8292230259595534,0.8159067863183627,0.1838790931989924,0.4235768261964736
xgb,full,hannousse,mendeley_phishurl,43,cross,raw,60000,18933,0.9407795889263828,0.8831656751363672,0.1576612264300428,0.3856229863201817
xgb,full,hannousse,mendeley_phishurl,43,cross,url_dedup,59839,18776,0.9405557456523854,0.882163346270241,0.1579143587558585,0.3856518960374946
xgb,full,hannousse,mendeley_phishurl,43,cross,domain_dedup,46321,16337,0.9360789874899472,0.8904356362554277,0.1413968292832221,0.3559405031523535
xgb,full,hannousse,kaggle_malicious,43,cross,raw,60000,10831,0.5392244690731895,0.204528433208849,0.0018465515649524,0.0108946542332194
xgb,full,hannousse,kaggle_malicious,43,cross,url_dedup,59648,10482,0.528884767779646,0.1930349178338085,0.0018126311772562,0.0105895821408128
xgb,full,hannousse,kaggle_malicious,43,cross,domain_dedup,45927,8736,0.4898328942944071,0.1922274504483684,0.0018315018315018,0.0083562271062271
xgb,full,hannousse,ebbu2017,43,cross,raw,60000,30360,0.9702829996408372,0.9707107782836304,0.3376482213438735,0.5972002635046113
xgb,full,hannousse,ebbu2017,43,cross,url_dedup,54857,29276,0.9662836232479916,0.9700320870776564,0.3330373001776199,0.5732682060390764
xgb,full,hannousse,ebbu2017,43,cross,domain_dedup,42403,27806,0.9510638320465516,0.972655633625363,0.3008343522980651,0.5151046536718694
xgb,full,hannousse,hannousse,44,within,raw,2670,1384,0.9261376405756974,0.933024647535851,0.3049132947976878,0.4479768786127168
xgb,full,hannousse,phiusiil,44,cross,raw,60000,25603,0.869720520537044,0.8788379033090552,0.1905245479045424,0.4959184470569855
xgb,full,hannousse,phiusiil,44,cross,url_dedup,59936,25585,0.869621568806279,0.8787841649486167,0.1905413328121946,0.4957201485245261
xgb,full,hannousse,phiusiil,44,cross,domain_dedup,53925,19850,0.8385927900190534,0.823346958269013,0.1468513853904282,0.4239798488664987
xgb,full,hannousse,mendeley_phishurl,44,cross,raw,60000,18933,0.9388256886438734,0.878091140444368,0.1351080124650082,0.3625415940421486
xgb,full,hannousse,mendeley_phishurl,44,cross,url_dedup,59839,18776,0.938602448412351,0.8770621919780137,0.1350660417554324,0.3624307626757563
xgb,full,hannousse,mendeley_phishurl,44,cross,domain_dedup,46321,16337,0.9342537409027404,0.8860073792968672,0.121625757483014,0.3320683111954459
xgb,full,hannousse,kaggle_malicious,44,cross,raw,60000,10831,0.5383814806722573,0.2045328677471279,0.0010156033607238,0.0094174129812575
xgb,full,hannousse,kaggle_malicious,44,cross,url_dedup,59648,10482,0.5280839070374247,0.1931877473810594,0.000858614768174,0.0091585575271894
xgb,full,hannousse,kaggle_malicious,44,cross,domain_dedup,45927,8736,0.4901336278332729,0.1919049988626844,0.000801282051282,0.0065247252747252
xgb,full,hannousse,ebbu2017,44,cross,raw,60000,30360,0.969712822535334,0.9702330813306934,0.3571146245059288,0.5943017127799737
xgb,full,hannousse,ebbu2017,44,cross,url_dedup,54857,29276,0.965594999857366,0.9695162221874498,0.3546249487634922,0.57695723459489
xgb,full,hannousse,ebbu2017,44,cross,domain_dedup,42403,27806,0.9499459023017556,0.97208084542089,0.2992879234697547,0.5096382075810976
xgb,full,hannousse,hannousse,45,within,raw,2161,824,0.9427523945073378,0.9194905346569916,0.345873786407767,0.4563106796116505
xgb,full,hannousse,phiusiil,45,cross,raw,60000,25603,0.856816128912543,0.8710596264010777,0.2215365386868726,0.5058782173963988
xgb,full,hannousse,phiusiil,45,cross,url_dedup,59936,25585,0.8567150494390051,0.8710109184476565,0.2216142270861833,0.5057650967363689
xgb,full,hannousse,phiusiil,45,cross,domain_dedup,53925,19850,0.8218701826427479,0.8117558548760475,0.1870025188916876,0.4326952141057934
xgb,full,hannousse,mendeley_phishurl,45,cross,raw,60000,18933,0.9369666429717596,0.8748713589855823,0.1442983151111815,0.3667670205461363
xgb,full,hannousse,mendeley_phishurl,45,cross,url_dedup,59839,18776,0.9367416337959752,0.8738379706496399,0.1444929697486152,0.3667447805709416
xgb,full,hannousse,mendeley_phishurl,45,cross,domain_dedup,46321,16337,0.9327278286355772,0.8836942535121286,0.127134724857685,0.3430250351961804
xgb,full,hannousse,kaggle_malicious,45,cross,raw,60000,10831,0.5358231416707961,0.2046774234545712,0.0020312067214476,0.0096020681377527
xgb,full,hannousse,kaggle_malicious,45,cross,url_dedup,59648,10482,0.5254301557263846,0.1930320410756309,0.0018126311772562,0.0090631558862812
xgb,full,hannousse,kaggle_malicious,45,cross,domain_dedup,45927,8736,0.4881312137162847,0.1917491153776991,0.0016025641025641,0.0078983516483516
xgb,full,hannousse,ebbu2017,45,cross,raw,60000,30360,0.9697819141511932,0.9702014039591332,0.3472332015810276,0.5936100131752305
xgb,full,hannousse,ebbu2017,45,cross,url_dedup,54857,29276,0.9656938188925496,0.9695049188811572,0.3387416313704058,0.5732682060390764
xgb,full,hannousse,ebbu2017,45,cross,domain_dedup,42403,27806,0.9500917480937948,0.9721350084579854,0.2954398331295403,0.5008990865280875
xgb,full,hannousse,hannousse,46,within,raw,1923,910,0.9592592994369894,0.956110271059554,0.4087912087912088,0.5604395604395604
xgb,full,hannousse,phiusiil,46,cross,raw,60000,25603,0.8618098700669048,0.8748020691528202,0.2452056399640667,0.5021677147209311
xgb,full,hannousse,phiusiil,46,cross,url_dedup,59936,25585,0.8617120550553115,0.8747509862481383,0.2452608950556967,0.5020519835841313
xgb,full,hannousse,phiusiil,46,cross,domain_dedup,53925,19850,0.82781547298059,0.8166439803460357,0.2058438287153652,0.4317884130982368
xgb,full,hannousse,mendeley_phishurl,46,cross,raw,60000,18933,0.9387749459963172,0.8795180305687554,0.1452490360745787,0.3811334706596947
xgb,full,hannousse,mendeley_phishurl,46,cross,url_dedup,59839,18776,0.9385568173478352,0.878536038672548,0.1452918619514273,0.3813378781423093
xgb,full,hannousse,mendeley_phishurl,46,cross,domain_dedup,46321,16337,0.935244905299394,0.8894315667898678,0.1224214972149109,0.361510681275632
xgb,full,hannousse,kaggle_malicious,46,cross,raw,60000,10831,0.5376210010428721,0.2037726084168313,0.0015695688302095,0.0099713784507432
xgb,full,hannousse,kaggle_malicious,46,cross,url_dedup,59648,10482,0.5272614040586605,0.1922660449702063,0.0011448196908986,0.0097309673726388
xgb,full,hannousse,kaggle_malicious,46,cross,domain_dedup,45927,8736,0.4898519493545004,0.1909200471876593,0.0010302197802197,0.0073260073260073
xgb,full,hannousse,ebbu2017,46,cross,raw,60000,30360,0.9700907947411096,0.9705417308369296,0.3485507246376811,0.5986824769433465
xgb,full,hannousse,ebbu2017,46,cross,url_dedup,54857,29276,0.9659957966929178,0.9698122079177184,0.3384683699959011,0.581910097007788
xgb,full,hannousse,ebbu2017,46,cross,domain_dedup,42403,27806,0.95041665358617,0.972352166020258,0.278896641012731,0.5190606343954542
xgb,full,ebbu2017,ebbu2017,42,within,raw,11279,5871,0.9733034590339236,0.9770227088933834,0.4961676034747062,0.7143587123147676
xgb,full,ebbu2017,phiusiil,42,cross,raw,60000,25603,0.7560450958551453,0.8002788790558253,0.1583017615123227,0.315509901183455
xgb,full,ebbu2017,phiusiil,42,cross,url_dedup,59970,25601,0.7559888850122147,0.8003023068670216,0.1583141283543611,0.3154954884574821
xgb,full,ebbu2017,phiusiil,42,cross,domain_dedup,57759,24235,0.7643208347735172,0.8038096578060743,0.1614194347018774,0.3232514957705797
xgb,full,ebbu2017,mendeley_phishurl,42,cross,raw,60000,18933,0.9601007495469794,0.9306756683652916,0.3508688533248825,0.5842180320076058
xgb,full,ebbu2017,mendeley_phishurl,42,cross,url_dedup,58479,17422,0.9568008441730398,0.9192630306955782,0.3207438870393755,0.5516588221788543
xgb,full,ebbu2017,mendeley_phishurl,42,cross,domain_dedup,40743,14899,0.9555859334189528,0.9343486918633408,0.3241157124639237,0.5311094704342574
xgb,full,ebbu2017,kaggle_malicious,42,cross,raw,60000,10831,0.661906567138455,0.2918577689541143,0.0012925860954667,0.0123718954851814
xgb,full,ebbu2017,kaggle_malicious,42,cross,url_dedup,59967,10805,0.6617073790227217,0.2912472045058024,0.0012956964368347,0.0124016658954187
xgb,full,ebbu2017,kaggle_malicious,42,cross,domain_dedup,40491,8094,0.6772428834332989,0.313394992806089,0.0012354830738818,0.0106251544353842
xgb,full,ebbu2017,hannousse,42,cross,raw,11430,5715,0.8903901338666876,0.8836012064697205,0.1209098862642169,0.2020997375328084
xgb,full,ebbu2017,hannousse,42,cross,url_dedup,7982,5177,0.8286208331999103,0.887007639518412,0.0900135213444079,0.1695962912883909
xgb,full,ebbu2017,hannousse,42,cross,domain_dedup,6546,4429,0.8375770955226711,0.9038607203066668,0.103860916685482,0.1824339580040641
xgb,full,ebbu2017,ebbu2017,43,within,raw,11844,5990,0.9795323945557824,0.9802732338104534,0.4986644407345576,0.689983305509182
xgb,full,ebbu2017,phiusiil,43,cross,raw,60000,25603,0.7550641046321024,0.7905347445082422,0.1139710190212084,0.2764129203608952
xgb,full,ebbu2017,phiusiil,43,cross,url_dedup,59970,25601,0.7549977564062432,0.79055636748314,0.1139799226592711,0.2763954533026053
xgb,full,ebbu2017,phiusiil,43,cross,domain_dedup,57759,24235,0.76279092380525,0.7933215932579275,0.1167732618114297,0.2827315865483804
xgb,full,ebbu2017,mendeley_phishurl,43,cross,raw,60000,18933,0.9582211854714848,0.9284038625595818,0.3633866793429461,0.5802566946601172
xgb,full,ebbu2017,mendeley_phishurl,43,cross,url_dedup,58479,17422,0.9547686974499896,0.9167022057008088,0.33331420043623,0.5481001033176444
xgb,full,ebbu2017,mendeley_phishurl,43,cross,domain_dedup,40743,14899,0.9541865090806604,0.9326564660160676,0.3342506208470367,0.5273508289146923
xgb,full,ebbu2017,kaggle_malicious,43,cross,raw,60000,10831,0.6651086285342984,0.2935213148098218,0.0018465515649524,0.0112639645462099
xgb,full,ebbu2017,kaggle_malicious,43,cross,url_dedup,59967,10805,0.6649204395422016,0.2929259072110068,0.0018509949097639,0.0112910689495603
xgb,full,ebbu2017,kaggle_malicious,43,cross,domain_dedup,40491,8094,0.6771465869147985,0.3129353713948996,0.0017296763034346,0.0103780578206078
xgb,full,ebbu2017,hannousse,43,cross,raw,11430,5715,0.89017079120578,0.8835179314649315,0.1149606299212598,0.2022747156605424
xgb,full,ebbu2017,hannousse,43,cross,url_dedup,7982,5177,0.8280872100890508,0.8864297996338386,0.0971605176743287,0.1506664091172493
xgb,full,ebbu2017,hannousse,43,cross,domain_dedup,6546,4429,0.8372308995772592,0.9033042843969092,0.1119891623391284,0.1673063897042221
xgb,full,ebbu2017,ebbu2017,44,within,raw,13276,6081,0.9834116311883618,0.9815807122547552,0.5022200296003947,0.7405032067094228
xgb,full,ebbu2017,phiusiil,44,cross,raw,60000,25603,0.7255641847242925,0.7652801377256528,0.0839354763113697,0.2367300706948404
xgb,full,ebbu2017,phiusiil,44,cross,url_dedup,59970,25601,0.7254968729746154,0.7653059322251433,0.0839420335143158,0.2367485645091988
xgb,full,ebbu2017,phiusiil,44,cross,domain_dedup,57759,24235,0.7342870878841237,0.768925563290197,0.0854961832061068,0.2430781926965133
xgb,full,ebbu2017,mendeley_phishurl,44,cross,raw,60000,18933,0.9596245601493076,0.930126371502373,0.3576823535625627,0.5925632493529815
xgb,full,ebbu2017,mendeley_phishurl,44,cross,url_dedup,58479,17422,0.9563095147586468,0.918764913284447,0.3286649064401332,0.5617609918493859
xgb,full,ebbu2017,mendeley_phishurl,44,cross,domain_dedup,40743,14899,0.955829270802083,0.9344017345409024,0.3146519900664474,0.5384253976776965
xgb,full,ebbu2017,kaggle_malicious,44,cross,raw,60000,10831,0.6677388510027141,0.2994099634038761,0.0016618964084572,0.0120025851721909
xgb,full,ebbu2017,kaggle_malicious,44,cross,url_dedup,59967,10805,0.6675676499162521,0.2988050082175623,0.0016658954187875,0.0120314669134659
xgb,full,ebbu2017,kaggle_malicious,44,cross,domain_dedup,40491,8094,0.6812625985656895,0.3205957198435367,0.0011119347664936,0.0107487027427724
xgb,full,ebbu2017,hannousse,44,cross,raw,11430,5715,0.889140303218878,0.8812324743735669,0.1130358705161854,0.1965004374453193
xgb,full,ebbu2017,hannousse,44,cross,url_dedup,7982,5177,0.8257730183930914,0.8842735532965074,0.1004442727448329,0.1699826154143326
xgb,full,ebbu2017,hannousse,44,cross,domain_dedup,6546,4429,0.835024300374363,0.9011251533938625,0.1158275005644615,0.1887559268457891
xgb,full,ebbu2017,ebbu2017,45,within,raw,12228,6433,0.9783932261485516,0.9812430837010334,0.4337012280429038,0.6993626612777865
xgb,full,ebbu2017,phiusiil,45,cross,raw,60000,25603,0.7265273320734684,0.7770587264518943,0.1611139319610983,0.3151583798773581
xgb,full,ebbu2017,phiusiil,45,cross,url_dedup,59970,25601,0.7264664674129273,0.7770849077456207,0.1611265184953712,0.3151439396898559
xgb,full,ebbu2017,phiusiil,45,cross,domain_dedup,57759,24235,0.7350529784979617,0.780865290713326,0.1700020631318341,0.3240767485042294
xgb,full,ebbu2017,mendeley_phishurl,45,cross,raw,60000,18933,0.9598100032501866,0.9297299161218028,0.3799186605397982,0.5782496170707231
xgb,full,ebbu2017,mendeley_phishurl,45,cross,url_dedup,58479,17422,0.956490880475178,0.9181556547692292,0.3482952588680978,0.545746756973941
xgb,full,ebbu2017,mendeley_phishurl,45,cross,domain_dedup,40743,14899,0.95541320768945,0.9334195596169024,0.3367340089938922,0.5285589636888381
xgb,full,ebbu2017,kaggle_malicious,45,cross,raw,60000,10831,0.6641346429058955,0.2945916770258879,0.0016618964084572,0.0113562921244575
xgb,full,ebbu2017,kaggle_malicious,45,cross,url_dedup,59967,10805,0.6639682033397089,0.2940047104287061,0.0016658954187875,0.0113836186950485
xgb,full,ebbu2017,kaggle_malicious,45,cross,domain_dedup,40491,8094,0.6784515551859136,0.3158962024381428,0.0012354830738818,0.010501606127996
xgb,full,ebbu2017,hannousse,45,cross,raw,11430,5715,0.8906376904111832,0.8824296642384378,0.1090113735783027,0.200174978127734
xgb,full,ebbu2017,hannousse,45,cross,url_dedup,7982,5177,0.8283665547979424,0.8857152385290705,0.0938767626038246,0.1734595325478076
xgb,full,ebbu2017,hannousse,45,cross,domain_dedup,6546,4429,0.8374969457220003,0.9030534170634402,0.1083766087152856,0.1883043576428087
xgb,full,ebbu2017,ebbu2017,46,within,raw,13622,6468,0.9834189292409468,0.9826487343764,0.5020098948670377,0.7537105751391465
xgb,full,ebbu2017,phiusiil,46,cross,raw,60000,25603,0.7071020398460967,0.760514237211869,0.1285396242627817,0.2920751474436589
xgb,full,ebbu2017,phiusiil,46,cross,url_dedup,59970,25601,0.707033295780556,0.7605391220859756,0.1285496660286707,0.2920589039490645
xgb,full,ebbu2017,phiusiil,46,cross,domain_dedup,57759,24235,0.7167332730928051,0.7652314480878306,0.1331957912110583,0.3019599752424179
xgb,full,ebbu2017,mendeley_phishurl,46,cross,raw,60000,18933,0.960141864808162,0.9321144913919042,0.3784397612634025,0.6017007341678551
xgb,full,ebbu2017,mendeley_phishurl,46,cross,url_dedup,58479,17422,0.9568690426035016,0.921142670528036,0.3475490758810699,0.5710595798415796
xgb,full,ebbu2017,mendeley_phishurl,46,cross,domain_dedup,40743,14899,0.9568958654268048,0.9367215796220264,0.3038458956976978,0.5518491173904289
xgb,full,ebbu2017,kaggle_malicious,46,cross,raw,60000,10831,0.6674579428108269,0.2946544624408718,0.0012925860954667,0.0101560336072384
xgb,full,ebbu2017,kaggle_malicious,46,cross,url_dedup,59967,10805,0.6672845714160067,0.2940616004031789,0.0012956964368347,0.0101804720037019
xgb,full,ebbu2017,kaggle_malicious,46,cross,domain_dedup,40491,8094,0.6797619063145736,0.3149763204033181,0.0011119347664936,0.0096367679762787
xgb,full,ebbu2017,hannousse,46,cross,raw,11430,5715,0.890687045571622,0.8818168302288067,0.1167104111986001,0.1982502187226596
xgb,full,ebbu2017,hannousse,46,cross,url_dedup,7982,5177,0.8280783955635391,0.8849420173605012,0.0983194900521537,0.1713347498551284
xgb,full,ebbu2017,hannousse,46,cross,domain_dedup,6546,4429,0.837551498779942,0.9018897626416476,0.1135696545495597,0.1880785730413186
xgb,targeted_ablation,phiusiil,phiusiil,42,within,raw,14924,8036,0.9986725133241876,0.9991414538982092,0.9539571926331508,0.9930313588850174
xgb,targeted_ablation,phiusiil,mendeley_phishurl,42,cross,raw,60000,18933,0.6440585018103763,0.4442006790456443,0.0,0.0
xgb,targeted_ablation,phiusiil,mendeley_phishurl,42,cross,url_dedup,59776,18757,0.6443644752530968,0.4427897577909162,0.0,0.0
xgb,targeted_ablation,phiusiil,mendeley_phishurl,42,cross,domain_dedup,51556,13187,0.6493128355957671,0.391899220519427,0.0,0.0
xgb,targeted_ablation,phiusiil,kaggle_malicious,42,cross,raw,60000,10831,0.2629919238352629,0.1179037443518649,0.0,0.0
xgb,targeted_ablation,phiusiil,kaggle_malicious,42,cross,url_dedup,59966,10829,0.2627827274846592,0.1179226457316195,0.0,0.0
xgb,targeted_ablation,phiusiil,kaggle_malicious,42,cross,domain_dedup,55591,9508,0.2537402823339435,0.1100849831573067,0.0,0.0
xgb,targeted_ablation,phiusiil,hannousse,42,cross,raw,11430,5715,0.6461932918927566,0.5925604833079315,0.0,0.0
xgb,targeted_ablation,phiusiil,hannousse,42,cross,url_dedup,11367,5698,0.6435939247281635,0.5918308192772859,0.0,0.0
xgb,targeted_ablation,phiusiil,hannousse,42,cross,domain_dedup,9512,4332,0.6660007727355373,0.571493963028889,0.0,0.0
xgb,targeted_ablation,phiusiil,ebbu2017,42,cross,raw,60000,30360,0.5724491582343413,0.5635839045619778,0.0,0.0
xgb,targeted_ablation,phiusiil,ebbu2017,42,cross,url_dedup,59963,30360,0.5719670788805233,0.563597975082193,0.0,0.0
xgb,targeted_ablation,phiusiil,ebbu2017,42,cross,domain_dedup,57229,29934,0.5743315822378384,0.5810809119769161,0.0,0.0
xgb,targeted_ablation,phiusiil,phiusiil,43,within,raw,11624,4673,0.995395791696841,0.9961254719770676,0.9124759255296384,0.9822383907554034
xgb,targeted_ablation,phiusiil,mendeley_phishurl,43,cross,raw,60000,18933,0.6578324216936038,0.4638446673645118,0.0,0.0
xgb,targeted_ablation,phiusiil,mendeley_phishurl,43,cross,url_dedup,59776,18757,0.6582551327972624,0.4625452441343488,0.0,0.0
xgb,targeted_ablation,phiusiil,mendeley_phishurl,43,cross,domain_dedup,51556,13187,0.66498213143228,0.41592603062311,0.0,0.0
xgb,targeted_ablation,phiusiil,kaggle_malicious,43,cross,raw,60000,10831,0.2559906593010231,0.1168389010970534,0.0,0.0
xgb,targeted_ablation,phiusiil,kaggle_malicious,43,cross,url_dedup,59966,10829,0.2557778337304385,0.1168578649571658,0.0,0.0
xgb,targeted_ablation,phiusiil,kaggle_malicious,43,cross,domain_dedup,55591,9508,0.2455098759950892,0.1089477116770739,0.0,0.0
xgb,targeted_ablation,phiusiil,hannousse,43,cross,raw,11430,5715,0.6487221162096646,0.5960387418487876,0.0,0.0
xgb,targeted_ablation,phiusiil,hannousse,43,cross,url_dedup,11367,5698,0.6461426244015767,0.5953180983548478,0.0,0.0
xgb,targeted_ablation,phiusiil,hannousse,43,cross,domain_dedup,9512,4332,0.66810674445716,0.5743233158253489,0.0,0.0
xgb,targeted_ablation,phiusiil,ebbu2017,43,cross,raw,60000,30360,0.5734640099285409,0.564581438416286,0.0,0.0
xgb,targeted_ablation,phiusiil,ebbu2017,43,cross,url_dedup,59963,30360,0.5729808640936003,0.5645948473543982,0.0,0.0
xgb,targeted_ablation,phiusiil,ebbu2017,43,cross,domain_dedup,57229,29934,0.5748003401952146,0.5813732014313248,0.0,0.0
xgb,targeted_ablation,phiusiil,phiusiil,44,within,raw,13064,6168,0.997347496133024,0.9979966207127432,0.9273670557717252,0.990272373540856
xgb,targeted_ablation,phiusiil,mendeley_phishurl,44,cross,raw,60000,18933,0.6478717570812005,0.449445268541259,0.0,0.0
xgb,targeted_ablation,phiusiil,mendeley_phishurl,44,cross,url_dedup,59776,18757,0.6481457587477069,0.447994988968191,0.0,0.0
xgb,targeted_ablation,phiusiil,mendeley_phishurl,44,cross,domain_dedup,51556,13187,0.6513187726713013,0.395061734051996,0.0,0.0
xgb,targeted_ablation,phiusiil,kaggle_malicious,44,cross,raw,60000,10831,0.2609022840412756,0.1174924098254089,0.0,0.0
xgb,targeted_ablation,phiusiil,kaggle_malicious,44,cross,url_dedup,59966,10829,0.2607123835036088,0.1175138414702663,0.0,0.0
xgb,targeted_ablation,phiusiil,kaggle_malicious,44,cross,domain_dedup,55591,9508,0.2511019002761301,0.1096012832407237,0.0,0.0
xgb,targeted_ablation,phiusiil,hannousse,44,cross,raw,11430,5715,0.6488901748173868,0.5934164546830999,0.0,0.0
xgb,targeted_ablation,phiusiil,hannousse,44,cross,url_dedup,11367,5698,0.6463041006611301,0.5927087519858212,0.0,0.0
xgb,targeted_ablation,phiusiil,hannousse,44,cross,domain_dedup,9512,4332,0.6671542164443827,0.5701822823042164,0.0,0.0
xgb,targeted_ablation,phiusiil,ebbu2017,44,cross,raw,60000,30360,0.5716807631410035,0.5635685882665205,0.0,0.0
xgb,targeted_ablation,phiusiil,ebbu2017,44,cross,url_dedup,59963,30360,0.5711968343752505,0.5635824344854382,0.0,0.0
xgb,targeted_ablation,phiusiil,ebbu2017,44,cross,domain_dedup,57229,29934,0.572986764323534,0.5808600483697034,0.0,0.0
xgb,targeted_ablation,phiusiil,phiusiil,45,within,raw,12349,5519,0.997196335194511,0.9975536342889612,0.8492480521833665,0.9864105816271064
xgb,targeted_ablation,phiusiil,mendeley_phishurl,45,cross,raw,60000,18933,0.6486705401260597,0.4626702116705378,0.0,0.0
xgb,targeted_ablation,phiusiil,mendeley_phishurl,45,cross,url_dedup,59776,18757,0.6490973558320816,0.4614127943325458,0.0,0.0
xgb,targeted_ablation,phiusiil,mendeley_phishurl,45,cross,domain_dedup,51556,13187,0.6581457630571705,0.4138190902522561,0.0,0.0
xgb,targeted_ablation,phiusiil,kaggle_malicious,45,cross,raw,60000,10831,0.2629239489256132,0.1180083664033126,0.0,0.0
xgb,targeted_ablation,phiusiil,kaggle_malicious,45,cross,url_dedup,59966,10829,0.2627039450382622,0.1180259433709216,0.0,0.0
xgb,targeted_ablation,phiusiil,kaggle_malicious,45,cross,domain_dedup,55591,9508,0.2543690532924848,0.1102901249164422,0.0,0.0
xgb,targeted_ablation,phiusiil,hannousse,45,cross,raw,11430,5715,0.6432902776916665,0.5934078150279013,0.0,0.0
xgb,targeted_ablation,phiusiil,hannousse,45,cross,url_dedup,11367,5698,0.6406378194612452,0.5927069331701594,0.0,0.0
xgb,targeted_ablation,phiusiil,hannousse,45,cross,domain_dedup,9512,4332,0.6658475179770194,0.5749674902981606,0.0,0.0
xgb,targeted_ablation,phiusiil,ebbu2017,45,cross,raw,60000,30360,0.5791072281075141,0.5716337631840839,0.0,0.0
xgb,targeted_ablation,phiusiil,ebbu2017,45,cross,url_dedup,59963,30360,0.5786318054018044,0.5716474536677372,0.0,0.0
xgb,targeted_ablation,phiusiil,ebbu2017,45,cross,domain_dedup,57229,29934,0.5814111543655797,0.5894174190752518,0.0,0.0
xgb,targeted_ablation,phiusiil,phiusiil,46,within,raw,12031,5169,0.9959150178921838,0.9967612071915752,0.910427548848907,0.9856838846972336
xgb,targeted_ablation,phiusiil,mendeley_phishurl,46,cross,raw,60000,18933,0.6686723995987296,0.5057056157340062,0.0,0.0
xgb,targeted_ablation,phiusiil,mendeley_phishurl,46,cross,url_dedup,59776,18757,0.6690642938633123,0.504537474484352,0.0,0.0
xgb,targeted_ablation,phiusiil,mendeley_phishurl,46,cross,domain_dedup,51556,13187,0.6743931224985189,0.459939999512939,0.0,0.0
xgb,targeted_ablation,phiusiil,kaggle_malicious,46,cross,raw,60000,10831,0.2497947857194156,0.1156910004125425,0.0,0.0
xgb,targeted_ablation,phiusiil,kaggle_malicious,46,cross,url_dedup,59966,10829,0.249584845233044,0.1157106171471331,0.0,0.0
xgb,targeted_ablation,phiusiil,kaggle_malicious,46,cross,domain_dedup,55591,9508,0.2397919893419795,0.1079766748849879,0.0,0.0
xgb,targeted_ablation,phiusiil,hannousse,46,cross,raw,11430,5715,0.6658250723908855,0.6108658672006035,0.0,0.0
xgb,targeted_ablation,phiusiil,hannousse,46,cross,url_dedup,11367,5698,0.6633524768557402,0.6101358256376019,0.0,0.0
xgb,targeted_ablation,phiusiil,hannousse,46,cross,domain_dedup,9512,4332,0.6830213201923728,0.5875644318755089,0.0,0.0
xgb,targeted_ablation,phiusiil,ebbu2017,46,cross,raw,60000,30360,0.5870535923839699,0.5779478844574387,0.0,0.0
xgb,targeted_ablation,phiusiil,ebbu2017,46,cross,url_dedup,59963,30360,0.5865887213786553,0.5779616611376779,0.0,0.0
xgb,targeted_ablation,phiusiil,ebbu2017,46,cross,domain_dedup,57229,29934,0.5884668949835818,0.5948807873780078,0.0,0.0
xgb,targeted_ablation,mendeley_phishurl,mendeley_phishurl,42,within,raw,11979,3514,0.986019688018662,0.9798782692468716,0.813318155947638,0.9160500853727944
xgb,targeted_ablation,mendeley_phishurl,phiusiil,42,cross,raw,60000,25603,0.8585167087408472,0.8799147087047492,0.5885638401749795,0.6146545326719525
xgb,targeted_ablation,mendeley_phishurl,phiusiil,42,cross,url_dedup,59773,25423,0.8575406932747405,0.8785997738711064,0.5860441332651536,0.6122015497777603
xgb,targeted_ablation,mendeley_phishurl,phiusiil,42,cross,domain_dedup,50234,16741,0.7873719579469047,0.7629357353882683,0.3955558210381698,0.4303207693686159
xgb,targeted_ablation,mendeley_phishurl,kaggle_malicious,42,cross,raw,60000,10831,0.2861037639737331,0.132837611585385,0.0015695688302095,0.0128335333764195
xgb,targeted_ablation,mendeley_phishurl,kaggle_malicious,42,cross,url_dedup,55381,10809,0.2849533869435021,0.1429242715396435,0.0012952169488389,0.011749468035896
xgb,targeted_ablation,mendeley_phishurl,kaggle_malicious,42,cross,domain_dedup,27817,8445,0.2593909321065103,0.2140600486755271,0.0008288928359976,0.0072232089994079
xgb,targeted_ablation,mendeley_phishurl,hannousse,42,cross,raw,11430,5715,0.8526206380807824,0.8517738895962097,0.0888888888888888,0.2306211723534558
xgb,targeted_ablation,mendeley_phishurl,hannousse,42,cross,url_dedup,11261,5550,0.8535887752574848,0.849840735148491,0.0899099099099099,0.2326126126126126
xgb,targeted_ablation,mendeley_phishurl,hannousse,42,cross,domain_dedup,7961,3946,0.8574026758500024,0.8559965790497445,0.1165737455651292,0.2394830207805372
xgb,targeted_ablation,mendeley_phishurl,ebbu2017,42,cross,raw,60000,30360,0.8482396120596922,0.8541982703128639,0.10332674571805,0.2412714097496706
xgb,targeted_ablation,mendeley_phishurl,ebbu2017,42,cross,url_dedup,56886,27260,0.8529368419027149,0.8474259706600611,0.1061995597945708,0.2482758620689655
xgb,targeted_ablation,mendeley_phishurl,ebbu2017,42,cross,domain_dedup,36481,18306,0.8443308806081424,0.8440329779573308,0.0747295968534906,0.2218944608325139
xgb,targeted_ablation,mendeley_phishurl,mendeley_phishurl,43,within,raw,12746,3709,0.9872412725336686,0.9826904494922172,0.9053653275815584,0.9417632785117284
xgb,targeted_ablation,mendeley_phishurl,phiusiil,43,cross,raw,60000,25603,0.8589412906299952,0.8802471314479066,0.5911026051634574,0.6137562004452604
xgb,targeted_ablation,mendeley_phishurl,phiusiil,43,cross,url_dedup,59773,25423,0.8579732509634223,0.8789429445856878,0.5886008732250324,0.6112968571765725
xgb,targeted_ablation,mendeley_phishurl,phiusiil,43,cross,domain_dedup,50234,16741,0.7879596131816693,0.7633428892875709,0.3994982378591482,0.42864822889911
xgb,targeted_ablation,mendeley_phishurl,kaggle_malicious,43,cross,raw,60000,10831,0.2858407038900289,0.1354169230484667,0.0014772412519619,0.0182808604930292
xgb,targeted_ablation,mendeley_phishurl,kaggle_malicious,43,cross,url_dedup,55381,10809,0.2848769753123273,0.1454276282653029,0.0011101859561476,0.016837820334906
xgb,targeted_ablation,mendeley_phishurl,kaggle_malicious,43,cross,domain_dedup,27817,8445,0.2619325475954442,0.2165683933649502,0.0001184132622853,0.0089994079336885
xgb,targeted_ablation,mendeley_phishurl,hannousse,43,cross,raw,11430,5715,0.8481362226921985,0.8471604342072192,0.1044619422572178,0.2390201224846894
xgb,targeted_ablation,mendeley_phishurl,hannousse,43,cross,url_dedup,11261,5550,0.8489317123111556,0.8448949776539099,0.1055855855855855,0.2412612612612612
xgb,targeted_ablation,mendeley_phishurl,hannousse,43,cross,domain_dedup,7961,3946,0.8536981188763121,0.8518237655470046,0.1213887480993411,0.2493664470349721
xgb,targeted_ablation,mendeley_phishurl,ebbu2017,43,cross,raw,60000,30360,0.8500289669490184,0.8602516444464728,0.1209815546772068,0.2745388669301712
xgb,targeted_ablation,mendeley_phishurl,ebbu2017,43,cross,url_dedup,56886,27260,0.8548600177888996,0.8541379575446401,0.1249816581071166,0.2821716801173881
xgb,targeted_ablation,mendeley_phishurl,ebbu2017,43,cross,domain_dedup,36481,18306,0.8484254408961758,0.8525851188805333,0.114006336720201,0.2504097017371354
xgb,targeted_ablation,mendeley_phishurl,mendeley_phishurl,44,within,raw,10675,3893,0.9700486237462564,0.9652509721337078,0.7451836629848446,0.8671975340354482
xgb,targeted_ablation,mendeley_phishurl,phiusiil,44,cross,raw,60000,25603,0.8617906249813954,0.881562709833724,0.5886810139436784,0.6124282310666719
xgb,targeted_ablation,mendeley_phishurl,phiusiil,44,cross,url_dedup,59773,25423,0.8608402247366124,0.8802635597942894,0.5861621366479173,0.60992015104433
xgb,targeted_ablation,mendeley_phishurl,phiusiil,44,cross,domain_dedup,50234,16741,0.7922702289959772,0.7652304822046686,0.3955558210381698,0.4269159548414073
xgb,targeted_ablation,mendeley_phishurl,kaggle_malicious,44,cross,raw,60000,10831,0.2744743216225602,0.1291123713074675,0.0014772412519619,0.0136644815806481
xgb,targeted_ablation,mendeley_phishurl,kaggle_malicious,44,cross,url_dedup,55381,10809,0.2735721242315985,0.1392386113395739,0.0013877324451845,0.0123970765103154
xgb,targeted_ablation,mendeley_phishurl,kaggle_malicious,44,cross,domain_dedup,27817,8445,0.2560725825864043,0.2140632477481388,0.0008288928359976,0.0078152753108348
xgb,targeted_ablation,mendeley_phishurl,hannousse,44,cross,raw,11430,5715,0.8488297514866634,0.845732919078396,0.0656167979002624,0.2071741032370953
xgb,targeted_ablation,mendeley_phishurl,hannousse,44,cross,url_dedup,11261,5550,0.8497360081145758,0.843606367143117,0.0668468468468468,0.2091891891891892
xgb,targeted_ablation,mendeley_phishurl,hannousse,44,cross,domain_dedup,7961,3946,0.8538171605592055,0.849617582096613,0.0902179422199696,0.2108464267612772
xgb,targeted_ablation,mendeley_phishurl,ebbu2017,44,cross,raw,60000,30360,0.8470289977312289,0.852094211659409,0.075098814229249,0.2197628458498023
xgb,targeted_ablation,mendeley_phishurl,ebbu2017,44,cross,url_dedup,56886,27260,0.8517599914839531,0.8451445752254803,0.078136463683052,0.2268525311812179
xgb,targeted_ablation,mendeley_phishurl,ebbu2017,44,cross,domain_dedup,36481,18306,0.8436722665624322,0.8420310572628514,0.065825412433082,0.1990057904512182
xgb,targeted_ablation,mendeley_phishurl,mendeley_phishurl,45,within,raw,13399,3390,0.9847862734748164,0.9756646400997544,0.7666666666666667,0.9123893805309734
xgb,targeted_ablation,mendeley_phishurl,phiusiil,45,cross,raw,60000,25603,0.8560871105162908,0.8791011424925298,0.5851658008827091,0.6114908409170801
xgb,targeted_ablation,mendeley_phishurl,phiusiil,45,cross,url_dedup,59773,25423,0.8551163947922547,0.8777977883964874,0.5826613696259293,0.6090154584431421
xgb,targeted_ablation,mendeley_phishurl,phiusiil,45,cross,domain_dedup,50234,16741,0.7835949396560477,0.7615990957695913,0.3912550026880114,0.4259004838420644
xgb,targeted_ablation,mendeley_phishurl,kaggle_malicious,45,cross,raw,60000,10831,0.2776871463383515,0.1302702463412607,0.0012925860954667,0.0143107746283814
xgb,targeted_ablation,mendeley_phishurl,kaggle_malicious,45,cross,url_dedup,55381,10809,0.2765229663056868,0.1402444522864211,0.0011101859561476,0.012767138495698
xgb,targeted_ablation,mendeley_phishurl,kaggle_malicious,45,cross,domain_dedup,27817,8445,0.255121223835174,0.2129694650116474,0.0002368265245707,0.0074600355239786
xgb,targeted_ablation,mendeley_phishurl,hannousse,45,cross,raw,11430,5715,0.8512738729181163,0.8492070610868006,0.0811898512685914,0.2113735783027121
xgb,targeted_ablation,mendeley_phishurl,hannousse,45,cross,url_dedup,11261,5550,0.8521776215017328,0.8471671132791322,0.0825225225225225,0.2133333333333333
xgb,targeted_ablation,mendeley_phishurl,hannousse,45,cross,domain_dedup,7961,3946,0.8572124679436401,0.8546070672137999,0.096046629498226,0.2159148504815002
xgb,targeted_ablation,mendeley_phishurl,ebbu2017,45,cross,raw,60000,30360,0.8473326964638463,0.8538854483326888,0.1049407114624506,0.2477272727272727
xgb,targeted_ablation,mendeley_phishurl,ebbu2017,45,cross,url_dedup,56886,27260,0.852087207237362,0.8471187958898596,0.1074834922964049,0.255465884079237
xgb,targeted_ablation,mendeley_phishurl,ebbu2017,45,cross,domain_dedup,36481,18306,0.8438446621405238,0.843690812238334,0.0911722932371899,0.2215120725445209
xgb,targeted_ablation,mendeley_phishurl,mendeley_phishurl,46,within,raw,10950,3747,0.9778755300968988,0.9711358488157272,0.8217240459033894,0.8582866293034428
xgb,targeted_ablation,mendeley_phishurl,phiusiil,46,cross,raw,60000,25603,0.8586987294261352,0.8805602607930944,0.5869624653360934,0.6125063469124712
xgb,targeted_ablation,mendeley_phishurl,phiusiil,46,cross,url_dedup,59773,25423,0.8577184157590684,0.8792529589404285,0.5844707548283051,0.6100381544270935
xgb,targeted_ablation,mendeley_phishurl,phiusiil,46,cross,domain_dedup,50234,16741,0.7875769057017912,0.7642534107881083,0.3929275431575175,0.4278119586643569
xgb,targeted_ablation,mendeley_phishurl,kaggle_malicious,46,cross,raw,60000,10831,0.2843639461612502,0.1339438070764128,0.0008309482042286,0.0146800849413719
xgb,targeted_ablation,mendeley_phishurl,kaggle_malicious,46,cross,url_dedup,55381,10809,0.2834753516358924,0.1441173840435939,0.0008326394671107,0.0135072624664631
xgb,targeted_ablation,mendeley_phishurl,kaggle_malicious,46,cross,domain_dedup,27817,8445,0.2606443051912956,0.2157783119099513,0.0007104795737122,0.0068679692125518
xgb,targeted_ablation,mendeley_phishurl,hannousse,46,cross,raw,11430,5715,0.8516460573661889,0.8499178379625374,0.0803149606299212,0.2131233595800525
xgb,targeted_ablation,mendeley_phishurl,hannousse,46,cross,url_dedup,11261,5550,0.8525938247825833,0.8479464522068819,0.0818018018018018,0.2149549549549549
xgb,targeted_ablation,mendeley_phishurl,hannousse,46,cross,domain_dedup,7961,3946,0.857438874368104,0.8548088183489182,0.1084642676127724,0.2230106436898124
xgb,targeted_ablation,mendeley_phishurl,ebbu2017,46,cross,raw,60000,30360,0.8478725580928098,0.8536409784461212,0.0723320158102766,0.2404479578392621
xgb,targeted_ablation,mendeley_phishurl,ebbu2017,46,cross,url_dedup,56886,27260,0.85260117770975,0.8468724597441037,0.0749449743213499,0.248092443140132
xgb,targeted_ablation,mendeley_phishurl,ebbu2017,46,cross,domain_dedup,36481,18306,0.8443195840360818,0.8439083960356315,0.0593248115372009,0.2154484868349175
xgb,targeted_ablation,kaggle_malicious,kaggle_malicious,42,within,raw,12523,2109,0.870665883353763,0.6447401912433156,0.0659080132764343,0.2660028449502133
xgb,targeted_ablation,kaggle_malicious,phiusiil,42,cross,raw,60000,25603,0.272792829333713,0.3470316212072517,0.0121860719446939,0.0349958989180955
xgb,targeted_ablation,kaggle_malicious,phiusiil,42,cross,url_dedup,59966,25601,0.272735161542646,0.3471650215835924,0.0121870239443771,0.0349986328659036
xgb,targeted_ablation,kaggle_malicious,phiusiil,42,cross,domain_dedup,52752,19367,0.2826767753540642,0.2979488520997376,0.0123405793359838,0.0323746579232715
xgb,targeted_ablation,kaggle_malicious,mendeley_phishurl,42,cross,raw,60000,18933,0.2746464393317601,0.231210589256261,0.0044895156604869,0.0150002640891565
xgb,targeted_ablation,kaggle_malicious,mendeley_phishurl,42,cross,url_dedup,55379,18909,0.2740143841625085,0.252251354963345,0.004918292876408,0.0150193029774181
xgb,targeted_ablation,kaggle_malicious,mendeley_phishurl,42,cross,domain_dedup,28121,15987,0.2186045157899792,0.4375786376095424,0.0043785575780321,0.0170763745543253
xgb,targeted_ablation,kaggle_malicious,hannousse,42,cross,raw,11430,5715,0.441237522475045,0.4810990984000897,0.0029746281714785,0.0328958880139982
xgb,targeted_ablation,kaggle_malicious,hannousse,42,cross,url_dedup,11033,5320,0.4298619656527982,0.4538562217886697,0.0039473684210526,0.0302631578947368
xgb,targeted_ablation,kaggle_malicious,hannousse,42,cross,domain_dedup,7697,3663,0.3541434795772922,0.4043279868121957,0.0049140049140049,0.0204750204750204
xgb,targeted_ablation,kaggle_malicious,ebbu2017,42,cross,raw,60000,30360,0.4366295113162962,0.4550251543716643,0.0018774703557312,0.0130105401844532
xgb,targeted_ablation,kaggle_malicious,ebbu2017,42,cross,url_dedup,59950,30325,0.436507872450701,0.4548903307295635,0.0018796372629843,0.0130255564715581
xgb,targeted_ablation,kaggle_malicious,ebbu2017,42,cross,domain_dedup,46489,28616,0.4148443901971604,0.562031986095949,0.0039138943248532,0.0184162706178361
xgb,targeted_ablation,kaggle_malicious,kaggle_malicious,43,within,raw,13894,1917,0.9192555597672448,0.718797213859647,0.081377151799687,0.3693270735524256
xgb,targeted_ablation,kaggle_malicious,phiusiil,43,cross,raw,60000,25603,0.2675203310898235,0.3503388145995569,0.0135140413232824,0.0389407491309612
xgb,targeted_ablation,kaggle_malicious,phiusiil,43,cross,url_dedup,59966,25601,0.2674814235742203,0.3504560357367953,0.0134760360923401,0.0389047302839732
xgb,targeted_ablation,kaggle_malicious,phiusiil,43,cross,domain_dedup,52752,19367,0.2848133124333175,0.311960387753454,0.0141477771466928,0.0437341870191562
xgb,targeted_ablation,kaggle_malicious,mendeley_phishurl,43,cross,raw,60000,18933,0.2684997894546997,0.2261816215356875,0.0029049807214915,0.0125706438493635
xgb,targeted_ablation,kaggle_malicious,mendeley_phishurl,43,cross,url_dedup,55379,18909,0.2677207823312274,0.2469094156590386,0.0035961711354381,0.0127452535829499
xgb,targeted_ablation,kaggle_malicious,mendeley_phishurl,43,cross,domain_dedup,28121,15987,0.2209207752231604,0.4342722102200539,0.0031900919497091,0.013448426846813
xgb,targeted_ablation,kaggle_malicious,hannousse,43,cross,raw,11430,5715,0.439413876852445,0.4812301458514891,0.0040244969378827,0.0283464566929133
xgb,targeted_ablation,kaggle_malicious,hannousse,43,cross,url_dedup,11033,5320,0.4281212285922227,0.4535743828665585,0.0035714285714285,0.0274436090225563
xgb,targeted_ablation,kaggle_malicious,hannousse,43,cross,domain_dedup,7697,3663,0.3575648483928107,0.4060873144782018,0.0035490035490035,0.0144690144690144
xgb,targeted_ablation,kaggle_malicious,ebbu2017,43,cross,raw,60000,30360,0.4395374167213411,0.4583005402153337,0.0014822134387351,0.0153820816864295
xgb,targeted_ablation,kaggle_malicious,ebbu2017,43,cross,url_dedup,59950,30325,0.439401875463074,0.4581719180562907,0.0014839241549876,0.0153998351195383
xgb,targeted_ablation,kaggle_malicious,ebbu2017,43,cross,domain_dedup,46489,28616,0.4200833661665388,0.5655031782450771,0.0038440033547665,0.0188356164383561
xgb,targeted_ablation,kaggle_malicious,kaggle_malicious,44,within,raw,9851,1934,0.8836389602623601,0.7083150248525334,0.0635987590486039,0.2750775594622544
xgb,targeted_ablation,kaggle_malicious,phiusiil,44,cross,raw,60000,25603,0.2630368768098021,0.3372705421489611,0.0131234620942858,0.0275748935671601
xgb,targeted_ablation,kaggle_malicious,phiusiil,44,cross,url_dedup,59966,25601,0.2629860805908769,0.3374113520909458,0.0131244873247138,0.0275770477715714
xgb,targeted_ablation,kaggle_malicious,phiusiil,44,cross,domain_dedup,52752,19367,0.2804433434883216,0.2965268216968571,0.014251045593019,0.0292766045334847
xgb,targeted_ablation,kaggle_malicious,mendeley_phishurl,44,cross,raw,60000,18933,0.2607948978018693,0.2226499262073186,0.0030106163840912,0.0112501980668673
xgb,targeted_ablation,kaggle_malicious,mendeley_phishurl,44,cross,url_dedup,55379,18909,0.2599826434090987,0.2429916535656238,0.0032259770479665,0.0113702469723412
xgb,targeted_ablation,kaggle_malicious,mendeley_phishurl,44,cross,domain_dedup,28121,15987,0.2071161453096332,0.4255907039864113,0.0026896853693626,0.0128854694439231
xgb,targeted_ablation,kaggle_malicious,hannousse,44,cross,raw,11430,5715,0.4351625360040844,0.4761996455820673,0.0012248468941382,0.0328958880139982
xgb,targeted_ablation,kaggle_malicious,hannousse,44,cross,url_dedup,11033,5320,0.4237485342096708,0.4484839841327798,0.0011278195488721,0.0287593984962406
xgb,targeted_ablation,kaggle_malicious,hannousse,44,cross,domain_dedup,7697,3663,0.3473127880663825,0.3978033708143717,0.0032760032760032,0.0147420147420147
xgb,targeted_ablation,kaggle_malicious,ebbu2017,44,cross,raw,60000,30360,0.4353252312777484,0.4535581619213601,0.0013504611330698,0.0144927536231884
xgb,targeted_ablation,kaggle_malicious,ebbu2017,44,cross,url_dedup,59950,30325,0.4351870767111565,0.4533884780959509,0.0013520197856553,0.0145754328112118
xgb,targeted_ablation,kaggle_malicious,ebbu2017,44,cross,domain_dedup,46489,28616,0.4150656320905235,0.5611348633561251,0.0053466592116298,0.0191151803187028
xgb,targeted_ablation,kaggle_malicious,kaggle_malicious,45,within,raw,12371,1941,0.8869863267444256,0.6741319393185256,0.06543019062339,0.2885110767645543
xgb,targeted_ablation,kaggle_malicious,phiusiil,45,cross,raw,60000,25603,0.2715074033068215,0.3374201466567205,0.0128500566339882,0.023786275045893
xgb,targeted_ablation,kaggle_malicious,phiusiil,45,cross,url_dedup,59966,25601,0.2714710954502728,0.3375712358513744,0.012851060505449,0.0237881332760439
xgb,targeted_ablation,kaggle_malicious,phiusiil,45,cross,domain_dedup,52752,19367,0.288599887348153,0.2943962917127706,0.012392213559147,0.0250425982341095
xgb,targeted_ablation,kaggle_malicious,mendeley_phishurl,45,cross,raw,60000,18933,0.2672493899657523,0.2246727094484553,0.0033803412031901,0.012042465536365
xgb,targeted_ablation,kaggle_malicious,mendeley_phishurl,45,cross,url_dedup,55379,18909,0.2663767830462969,0.2451574724783268,0.0033846316568829,0.0126394838436723
xgb,targeted_ablation,kaggle_malicious,mendeley_phishurl,45,cross,domain_dedup,28121,15987,0.2120568277573559,0.4285088306653546,0.0043160067554888,0.0141364858947895
xgb,targeted_ablation,kaggle_malicious,hannousse,45,cross,raw,11430,5715,0.4415673172087085,0.4795915550625274,0.0033245844269466,0.0295713035870516
xgb,targeted_ablation,kaggle_malicious,hannousse,45,cross,url_dedup,11033,5320,0.4300935309128764,0.4528072205426401,0.0035714285714285,0.0281954887218045
xgb,targeted_ablation,kaggle_malicious,hannousse,45,cross,domain_dedup,7697,3663,0.3574174526083301,0.4062434097521779,0.004095004095004,0.0202020202020202
xgb,targeted_ablation,kaggle_malicious,ebbu2017,45,cross,raw,60000,30360,0.4367522723272151,0.4554721532474357,0.002832674571805,0.0151515151515151
xgb,targeted_ablation,kaggle_malicious,ebbu2017,45,cross,url_dedup,59950,30325,0.4366529227322849,0.455350890572436,0.002835943940643,0.015234954657873
xgb,targeted_ablation,kaggle_malicious,ebbu2017,45,cross,domain_dedup,46489,28616,0.4167412468843127,0.5630710416504373,0.0062552418227565,0.0193947441990494
xgb,targeted_ablation,kaggle_malicious,kaggle_malicious,46,within,raw,10545,2082,0.9134687320054988,0.7480803642678703,0.0518731988472622,0.297790585975024
xgb,targeted_ablation,kaggle_malicious,phiusiil,46,cross,raw,60000,25603,0.2721256947569831,0.3432539668687207,0.0148810686247705,0.0295277897121431
xgb,targeted_ablation,kaggle_malicious,phiusiil,46,cross,url_dedup,59966,25601,0.2720537058216929,0.3433882373880006,0.0148822311628452,0.0295300964806062
xgb,targeted_ablation,kaggle_malicious,phiusiil,46,cross,domain_dedup,52752,19367,0.2859724964900985,0.2977274767099236,0.0145608509319977,0.02803738317757
xgb,targeted_ablation,kaggle_malicious,mendeley_phishurl,46,cross,raw,60000,18933,0.26895623920558,0.2266108921943525,0.0033803412031901,0.0126762795119632
xgb,targeted_ablation,kaggle_malicious,mendeley_phishurl,46,cross,url_dedup,55379,18909,0.2680912954390258,0.2471129273742763,0.0032788619176053,0.0126923687133111
xgb,targeted_ablation,kaggle_malicious,mendeley_phishurl,46,cross,domain_dedup,28121,15987,0.2157701449140794,0.4334111877950473,0.0040032526427722,0.0153249515231125
xgb,targeted_ablation,kaggle_malicious,hannousse,46,cross,raw,11430,5715,0.4414604932913569,0.4792000499687637,0.0022747156605424,0.0304461942257217
xgb,targeted_ablation,kaggle_malicious,hannousse,46,cross,url_dedup,11033,5320,0.430034882848641,0.4517970716516102,0.0020676691729323,0.0276315789473684
xgb,targeted_ablation,kaggle_malicious,hannousse,46,cross,domain_dedup,7697,3663,0.3578243136993757,0.4050880817146458,0.0035490035490035,0.0188370188370188
xgb,targeted_ablation,kaggle_malicious,ebbu2017,46,cross,raw,60000,30360,0.4379642362944708,0.454983757924437,0.0011198945981554,0.0125164690382081
xgb,targeted_ablation,kaggle_malicious,ebbu2017,46,cross,url_dedup,59950,30325,0.4378633223065176,0.4548396395455082,0.0011211871393239,0.0125638911788953
xgb,targeted_ablation,kaggle_malicious,ebbu2017,46,cross,domain_dedup,46489,28616,0.4178866153157367,0.5619733114936749,0.0031101481688565,0.0165292144254962
xgb,targeted_ablation,hannousse,hannousse,42,within,raw,1939,907,0.9294558686529408,0.9257020061451554,0.2723263506063947,0.4520396912899669
xgb,targeted_ablation,hannousse,phiusiil,42,cross,raw,60000,25603,0.8346516439276721,0.8649380605153207,0.27356169198922,0.5379057141741203
xgb,targeted_ablation,hannousse,phiusiil,42,cross,url_dedup,59936,25585,0.8345230329113339,0.8648717121476839,0.2736368966191128,0.5376978698456126
xgb,targeted_ablation,hannousse,phiusiil,42,cross,domain_dedup,53925,19850,0.7904235840705511,0.802423936327838,0.2365743073047859,0.461360201511335
xgb,targeted_ablation,hannousse,mendeley_phishurl,42,cross,raw,60000,18933,0.9246232384945554,0.8627050623087006,0.1397031637880948,0.3543548301906724
xgb,targeted_ablation,hannousse,mendeley_phishurl,42,cross,url_dedup,59839,18776,0.9243947320712608,0.8616978748007049,0.1402322113336173,0.3543353216872603
xgb,targeted_ablation,hannousse,mendeley_phishurl,42,cross,domain_dedup,46321,16337,0.91868987713853,0.8704396932272397,0.1234620799412376,0.3167044132949746
xgb,targeted_ablation,hannousse,kaggle_malicious,42,cross,raw,60000,10831,0.5307607412576769,0.2002100035925204,0.0001846551564952,0.0107099990767242
xgb,targeted_ablation,hannousse,kaggle_malicious,42,cross,url_dedup,59648,10482,0.5212578814045875,0.1899236841043687,0.0001908032818164,0.0105895821408128
xgb,targeted_ablation,hannousse,kaggle_malicious,42,cross,domain_dedup,45927,8736,0.4924181605636796,0.1907464287343111,0.0002289377289377,0.0060668498168498
xgb,targeted_ablation,hannousse,ebbu2017,42,cross,raw,60000,30360,0.94360070405694,0.9453349792832282,0.2379117259552042,0.4731225296442687
xgb,targeted_ablation,hannousse,ebbu2017,42,cross,url_dedup,54857,29276,0.9372359089609236,0.9448501540846308,0.2284465090859407,0.450232272168329
xgb,targeted_ablation,hannousse,ebbu2017,42,cross,domain_dedup,42403,27806,0.9125723135473164,0.9509682871908396,0.2002085880745163,0.3983672588649932
xgb,targeted_ablation,hannousse,hannousse,43,within,raw,2229,1037,0.9190116689210616,0.9164685111748097,0.2034715525554484,0.4349083895853423
xgb,targeted_ablation,hannousse,phiusiil,43,cross,raw,60000,25603,0.8337693467173541,0.8649031572832663,0.2840682732492286,0.5401320157794008
xgb,targeted_ablation,hannousse,phiusiil,43,cross,url_dedup,59936,25585,0.8336466755360449,0.8648398796615753,0.2841508696501856,0.5399648231385578
xgb,targeted_ablation,hannousse,phiusiil,43,cross,domain_dedup,53925,19850,0.7894219943782329,0.8024651891261576,0.2312846347607053,0.4594962216624685
xgb,targeted_ablation,hannousse,mendeley_phishurl,43,cross,raw,60000,18933,0.9252987882929454,0.8609137319711463,0.1408651560766914,0.3436856282681033
xgb,targeted_ablation,hannousse,mendeley_phishurl,43,cross,url_dedup,59839,18776,0.925075584544812,0.8598969947213511,0.1414039198977418,0.343949723050703
xgb,targeted_ablation,hannousse,mendeley_phishurl,43,cross,domain_dedup,46321,16337,0.9189643017215638,0.8683899182856334,0.1327049029809634,0.3067882720205668
xgb,targeted_ablation,hannousse,kaggle_malicious,43,cross,raw,60000,10831,0.5314186013066103,0.2009730191658146,0.0004616378912381,0.0085864647770288
xgb,targeted_ablation,hannousse,kaggle_malicious,43,cross,url_dedup,59648,10482,0.52190773935227,0.1906242328524919,0.0004770082045411,0.0084907460408319
xgb,targeted_ablation,hannousse,kaggle_malicious,43,cross,domain_dedup,45927,8736,0.4939901045297007,0.1920327075904558,0.0002289377289377,0.0062957875457875
xgb,targeted_ablation,hannousse,ebbu2017,43,cross,raw,60000,30360,0.9438809427446442,0.945314785267402,0.2480895915678524,0.4634387351778656
xgb,targeted_ablation,hannousse,ebbu2017,43,cross,url_dedup,54857,29276,0.9375492386023816,0.944817450431881,0.2405724825795873,0.4473288700642164
xgb,targeted_ablation,hannousse,ebbu2017,43,cross,domain_dedup,42403,27806,0.9125985205306671,0.9507472663056884,0.2154211321297561,0.3915342012515284
xgb,targeted_ablation,hannousse,hannousse,44,within,raw,2670,1384,0.920361788581343,0.9295303739401792,0.3027456647398844,0.4566473988439306
xgb,targeted_ablation,hannousse,phiusiil,44,cross,raw,60000,25603,0.8330500470978005,0.8634709233092842,0.2620005468109206,0.5297035503651916
xgb,targeted_ablation,hannousse,phiusiil,44,cross,url_dedup,59936,25585,0.8329163698533527,0.8634013443052584,0.2621067031463748,0.5294899355090874
xgb,targeted_ablation,hannousse,phiusiil,44,cross,domain_dedup,53925,19850,0.7885386946486026,0.8005410565228772,0.2221158690176322,0.4547607052896725
xgb,targeted_ablation,hannousse,mendeley_phishurl,44,cross,raw,60000,18933,0.9239725574615002,0.8587992075731837,0.1250198066867374,0.3491258648919875
xgb,targeted_ablation,hannousse,mendeley_phishurl,44,cross,url_dedup,59839,18776,0.9237492253036816,0.8577668702134419,0.1253728163613123,0.3492224115892628
xgb,targeted_ablation,hannousse,mendeley_phishurl,44,cross,domain_dedup,46321,16337,0.9179963577644789,0.8682269286112847,0.1230948154495929,0.3264981330721674
xgb,targeted_ablation,hannousse,kaggle_malicious,44,cross,raw,60000,10831,0.5313807710160784,0.2017155407089734,0.0002769827347428,0.0127412057981719
xgb,targeted_ablation,hannousse,kaggle_malicious,44,cross,url_dedup,59648,10482,0.5219192410653742,0.1913006957255998,0.0002862049227246,0.012402213318069
xgb,targeted_ablation,hannousse,kaggle_malicious,44,cross,domain_dedup,45927,8736,0.4911596540228972,0.1918667824304119,0.0002289377289377,0.0085851648351648
xgb,targeted_ablation,hannousse,ebbu2017,44,cross,raw,60000,30360,0.9437519630604584,0.9453142977550084,0.217193675889328,0.4659749670619236
xgb,targeted_ablation,hannousse,ebbu2017,44,cross,url_dedup,54857,29276,0.9373909003481592,0.9448125536914782,0.2156373821560322,0.4553900806121054
xgb,targeted_ablation,hannousse,ebbu2017,44,cross,domain_dedup,42403,27806,0.912435599670647,0.9507688287996032,0.1895634035819607,0.3928288858519744
xgb,targeted_ablation,hannousse,hannousse,45,within,raw,2161,824,0.9229673010870592,0.8968363590166946,0.2317961165048543,0.462378640776699
xgb,targeted_ablation,hannousse,phiusiil,45,cross,raw,60000,25603,0.8340875585883465,0.8642226609899915,0.2563762059133695,0.5327500683513651
xgb,targeted_ablation,hannousse,phiusiil,45,cross,url_dedup,59936,25585,0.8339578016363471,0.8641559964269716,0.2565565761188196,0.53249951143248
xgb,targeted_ablation,hannousse,phiusiil,45,cross,domain_dedup,53925,19850,0.7898388988580901,0.801655151410253,0.2127959697732997,0.4548614609571788
xgb,targeted_ablation,hannousse,mendeley_phishurl,45,cross,raw,60000,18933,0.9252004302425018,0.8590870609798975,0.1245972640363386,0.3295304494797443
xgb,targeted_ablation,hannousse,mendeley_phishurl,45,cross,url_dedup,59839,18776,0.9249803606720636,0.8580558698325722,0.1251597784405624,0.3296229228802727
xgb,targeted_ablation,hannousse,mendeley_phishurl,45,cross,domain_dedup,46321,16337,0.9189802127599392,0.8678630782008362,0.1259717206341433,0.3067882720205668
xgb,targeted_ablation,hannousse,kaggle_malicious,45,cross,raw,60000,10831,0.5326708014802735,0.2012896625273114,0.0002769827347428,0.0094174129812575
xgb,targeted_ablation,hannousse,kaggle_malicious,45,cross,url_dedup,59648,10482,0.5231575899124665,0.1908731003791178,0.0002862049227246,0.0092539591680976
xgb,targeted_ablation,hannousse,kaggle_malicious,45,cross,domain_dedup,45927,8736,0.4930193567893213,0.1913724648499208,0.0002289377289377,0.0068681318681318
xgb,targeted_ablation,hannousse,ebbu2017,45,cross,raw,60000,30360,0.943968602589884,0.9454374611434664,0.2604413702239789,0.4681488801054018
xgb,targeted_ablation,hannousse,ebbu2017,45,cross,url_dedup,54857,29276,0.9376244659974576,0.9449410016832582,0.2531083481349911,0.452145101789862
xgb,targeted_ablation,hannousse,ebbu2017,45,cross,domain_dedup,42403,27806,0.9129607827387568,0.9510032059880612,0.2262101704668057,0.3944832050636553
xgb,targeted_ablation,hannousse,hannousse,46,within,raw,1923,910,0.9350107937472204,0.9360829065498026,0.3824175824175824,0.5175824175824176
xgb,targeted_ablation,hannousse,phiusiil,46,cross,raw,60000,25603,0.8330800164485895,0.8644785234576853,0.2896144983009803,0.5429441862281764
xgb,targeted_ablation,hannousse,phiusiil,46,cross,url_dedup,59936,25585,0.8329572706535828,0.8644126023302299,0.2897400820793434,0.5427008012507328
xgb,targeted_ablation,hannousse,phiusiil,46,cross,domain_dedup,53925,19850,0.7882245542966231,0.801586442402714,0.2406549118387909,0.463727959697733
xgb,targeted_ablation,hannousse,mendeley_phishurl,46,cross,raw,60000,18933,0.928036099055271,0.8676850354208624,0.1271325199387313,0.3582105318755612
xgb,targeted_ablation,hannousse,mendeley_phishurl,46,cross,url_dedup,59839,18776,0.9278030502165912,0.8666806236719413,0.1276097145291862,0.3582765232211333
xgb,targeted_ablation,hannousse,mendeley_phishurl,46,cross,domain_dedup,46321,16337,0.9218051294329695,0.8747033647614624,0.1217481789802289,0.3307216747260819
xgb,targeted_ablation,hannousse,kaggle_malicious,46,cross,raw,60000,10831,0.534623002391333,0.2018717819971817,0.0002769827347428,0.0108946542332194
xgb,targeted_ablation,hannousse,kaggle_malicious,46,cross,url_dedup,59648,10482,0.5251472300774088,0.1915039119141007,0.0002862049227246,0.010684983781721
xgb,targeted_ablation,hannousse,kaggle_malicious,46,cross,domain_dedup,45927,8736,0.4920317623567401,0.1910333001785321,0.0003434065934065,0.0082417582417582
xgb,targeted_ablation,hannousse,ebbu2017,46,cross,raw,60000,30360,0.9438291280611076,0.9453651441559556,0.2290843214756258,0.4665349143610013
xgb,targeted_ablation,hannousse,ebbu2017,46,cross,url_dedup,54857,29276,0.9374293769672174,0.9448314576845648,0.2202486678507993,0.4447670446782347
xgb,targeted_ablation,hannousse,ebbu2017,46,cross,domain_dedup,42403,27806,0.9124699308927492,0.9507308477726412,0.207401280299216,0.3768970725742645
xgb,targeted_ablation,ebbu2017,ebbu2017,42,within,raw,11279,5871,0.937540172762722,0.9474628539827836,0.314937830011923,0.5326179526486118
xgb,targeted_ablation,ebbu2017,phiusiil,42,cross,raw,60000,25603,0.7286915346812639,0.7385175820511156,0.1593172675077139,0.2582119282896535
xgb,targeted_ablation,ebbu2017,phiusiil,42,cross,url_dedup,59970,25601,0.7286335974005131,0.7385754358652978,0.1593297136830592,0.2582321003085817
xgb,targeted_ablation,ebbu2017,phiusiil,42,cross,domain_dedup,57759,24235,0.7226402348075917,0.7292942908865608,0.1572519083969465,0.2560346606148133
xgb,targeted_ablation,ebbu2017,mendeley_phishurl,42,cross,raw,60000,18933,0.919135478426654,0.8679314701517971,0.2069930808640997,0.4069085723340199
xgb,targeted_ablation,ebbu2017,mendeley_phishurl,42,cross,url_dedup,58479,17422,0.914014686448538,0.8514472092824037,0.1945241648490414,0.3862931925152106
xgb,targeted_ablation,ebbu2017,mendeley_phishurl,42,cross,domain_dedup,40743,14899,0.9035571782053018,0.8684983663164145,0.1712866635344654,0.368145513121686
xgb,targeted_ablation,ebbu2017,kaggle_malicious,42,cross,raw,60000,10831,0.5754772253172911,0.2101729869134684,0.0003693103129904,0.0114486197027051
xgb,targeted_ablation,ebbu2017,kaggle_malicious,42,cross,url_dedup,59967,10805,0.5752178308543743,0.2096539785355251,0.0003701989819527,0.0114761684405367
xgb,targeted_ablation,ebbu2017,kaggle_malicious,42,cross,domain_dedup,40491,8094,0.564868228982054,0.2233778335985284,0.0002470966147763,0.0087719298245614
xgb,targeted_ablation,ebbu2017,hannousse,42,cross,raw,11430,5715,0.8988975765605852,0.9085734996670212,0.2306211723534558,0.4050743657042869
xgb,targeted_ablation,ebbu2017,hannousse,42,cross,url_dedup,7982,5177,0.8391358046370602,0.914169178137302,0.2211705621016032,0.3384199343248986
xgb,targeted_ablation,ebbu2017,hannousse,42,cross,domain_dedup,6546,4429,0.842677673123836,0.9253969912239112,0.2512982614585685,0.3459020094829532
xgb,targeted_ablation,ebbu2017,ebbu2017,43,within,raw,11844,5990,0.945463684206624,0.9503459852231926,0.3641068447412354,0.5667779632721202
xgb,targeted_ablation,ebbu2017,phiusiil,43,cross,raw,60000,25603,0.7282196624669419,0.7409061351018837,0.1425614185837597,0.2618833730422216
xgb,targeted_ablation,ebbu2017,phiusiil,43,cross,url_dedup,59970,25601,0.7281719996314637,0.7409709520229175,0.1425725557595406,0.2619038318815671
xgb,targeted_ablation,ebbu2017,phiusiil,43,cross,domain_dedup,57759,24235,0.7214620323062174,0.7312235018771872,0.1426449350113472,0.2591293583659996
xgb,targeted_ablation,ebbu2017,mendeley_phishurl,43,cross,raw,60000,18933,0.9185306816546712,0.86680262321559,0.1986478635187239,0.4104473670311097
xgb,targeted_ablation,ebbu2017,mendeley_phishurl,43,cross,url_dedup,58479,17422,0.9133199584517188,0.8502276156597062,0.1870049362874526,0.3905980943634485
xgb,targeted_ablation,ebbu2017,mendeley_phishurl,43,cross,domain_dedup,40743,14899,0.9011604243166952,0.8648084743412215,0.1661856500436271,0.359017383717028
xgb,targeted_ablation,ebbu2017,kaggle_malicious,43,cross,raw,60000,10831,0.5751164259512064,0.2099596294853495,0.0002769827347428,0.0111716369679623
xgb,targeted_ablation,ebbu2017,kaggle_malicious,43,cross,url_dedup,59967,10805,0.5748747198323871,0.2094463436780026,0.0002776492364645,0.0111985192040721
xgb,targeted_ablation,ebbu2017,kaggle_malicious,43,cross,domain_dedup,40491,8094,0.5654350936486408,0.2231220719729576,0.0,0.0069187052137385
xgb,targeted_ablation,ebbu2017,hannousse,43,cross,raw,11430,5715,0.8976793736303523,0.9078568397962332,0.2279965004374453,0.4047244094488189
xgb,targeted_ablation,ebbu2017,hannousse,43,cross,url_dedup,7982,5177,0.8378646536494029,0.9136978674269476,0.2198184276608074,0.3484643615993819
xgb,targeted_ablation,ebbu2017,hannousse,43,cross,domain_dedup,6546,4429,0.8394183545496557,0.924127412676099,0.2497177692481372,0.3578685933619327
xgb,targeted_ablation,ebbu2017,ebbu2017,44,within,raw,13276,6081,0.9548380966290267,0.9510759289344476,0.3402400920901167,0.5739187633612892
xgb,targeted_ablation,ebbu2017,phiusiil,44,cross,raw,60000,25603,0.7302916547884931,0.7407646719584274,0.1655665351716595,0.2714525641526383
xgb,targeted_ablation,ebbu2017,phiusiil,44,cross,url_dedup,59970,25601,0.7302448486631261,0.7408282309836757,0.1655794695519706,0.2714737705558376
xgb,targeted_ablation,ebbu2017,phiusiil,44,cross,domain_dedup,57759,24235,0.7242532692368335,0.7315855397082474,0.1662471631937281,0.269486280173303
xgb,targeted_ablation,ebbu2017,mendeley_phishurl,44,cross,raw,60000,18933,0.9197694718185102,0.8694595404934032,0.2026620186975122,0.4217503829292769
xgb,targeted_ablation,ebbu2017,mendeley_phishurl,44,cross,url_dedup,58479,17422,0.9147062765793988,0.8533308054479257,0.1902766616921134,0.402479623464585
xgb,targeted_ablation,ebbu2017,mendeley_phishurl,44,cross,domain_dedup,40743,14899,0.9022569254660168,0.867129810213445,0.1625612457211893,0.3736492382039063
xgb,targeted_ablation,ebbu2017,kaggle_malicious,44,cross,raw,60000,10831,0.5742853303428228,0.2093739185208588,0.0,0.0105253439202289
xgb,targeted_ablation,ebbu2017,kaggle_malicious,44,cross,url_dedup,59967,10805,0.5740324732851136,0.2088711961979406,0.0,0.0105506709856547
xgb,targeted_ablation,ebbu2017,kaggle_malicious,44,cross,domain_dedup,40491,8094,0.5629867820281492,0.2224771028877585,0.0,0.0074128984432913
xgb,targeted_ablation,ebbu2017,hannousse,44,cross,raw,11430,5715,0.8969773944486161,0.9068348188801648,0.2335958005249344,0.4045494313210848
xgb,targeted_ablation,ebbu2017,hannousse,44,cross,url_dedup,7982,5177,0.8352665722548347,0.9122008040936934,0.2269654239907282,0.3411242032064902
xgb,targeted_ablation,ebbu2017,hannousse,44,cross,domain_dedup,6546,4429,0.8366517732730118,0.922817888573279,0.2564913072928426,0.3531271167306389
xgb,targeted_ablation,ebbu2017,ebbu2017,45,within,raw,12228,6433,0.9488325068902298,0.9579091929022296,0.3410539406186849,0.5782683040572051
xgb,targeted_ablation,ebbu2017,phiusiil,45,cross,raw,60000,25603,0.72330058125268,0.7288467442959043,0.142639534429559,0.2416904269030973
xgb,targeted_ablation,ebbu2017,phiusiil,45,cross,url_dedup,59970,25601,0.7232429585013467,0.7289084193801749,0.142650677707902,0.2417093082301472
xgb,targeted_ablation,ebbu2017,phiusiil,45,cross,domain_dedup,57759,24235,0.7174854558560069,0.7191706114776031,0.1428925108314421,0.2390344543016298
xgb,targeted_ablation,ebbu2017,mendeley_phishurl,45,cross,raw,60000,18933,0.9164482061513022,0.8634154219554271,0.2108487825489885,0.4033697776369302
xgb,targeted_ablation,ebbu2017,mendeley_phishurl,45,cross,url_dedup,58479,17422,0.9111202046701136,0.8462356609970467,0.1976810928710825,0.3827344736540007
xgb,targeted_ablation,ebbu2017,mendeley_phishurl,45,cross,domain_dedup,40743,14899,0.8978343100157684,0.8607535270056175,0.1832337740787972,0.3688166991073226
xgb,targeted_ablation,ebbu2017,kaggle_malicious,45,cross,raw,60000,10831,0.5762603901644519,0.2094788893632701,0.0005539654694857,0.0102483611854861
xgb,targeted_ablation,ebbu2017,kaggle_malicious,45,cross,url_dedup,59967,10805,0.5760265643108626,0.2089708103898327,0.0005552984729291,0.0102730217491901
xgb,targeted_ablation,ebbu2017,kaggle_malicious,45,cross,domain_dedup,40491,8094,0.564477963229519,0.2219346997552821,0.0003706449221645,0.0080306399802322
xgb,targeted_ablation,ebbu2017,hannousse,45,cross,raw,11430,5715,0.8967867555488198,0.9063497806394504,0.258267716535433,0.4150481189851268
xgb,targeted_ablation,ebbu2017,hannousse,45,cross,url_dedup,7982,5177,0.8351982252503791,0.9117795248622044,0.2151825381495074,0.3496233339772068
xgb,targeted_ablation,ebbu2017,hannousse,45,cross,domain_dedup,6546,4429,0.8369087539047031,0.922553366102235,0.2447505080153533,0.3664484082185595
xgb,targeted_ablation,ebbu2017,ebbu2017,46,within,raw,13622,6468,0.9553389893584192,0.954592944408624,0.3472479901051329,0.5876623376623377
xgb,targeted_ablation,ebbu2017,phiusiil,46,cross,raw,60000,25603,0.7281708448892084,0.7385549872592829,0.1559582861383431,0.2553606999179784
xgb,targeted_ablation,ebbu2017,phiusiil,46,cross,url_dedup,59970,25601,0.728130765635588,0.738621910871406,0.1559704699035194,0.2553806491933909
xgb,targeted_ablation,ebbu2017,phiusiil,46,cross,domain_dedup,57759,24235,0.7217803321181918,0.7288975140094575,0.1563853930266144,0.2520734474932948
xgb,targeted_ablation,ebbu2017,mendeley_phishurl,46,cross,raw,60000,18933,0.9181437515238084,0.8675803865912098,0.2063592668885015,0.4142502508846987
xgb,targeted_ablation,ebbu2017,mendeley_phishurl,46,cross,url_dedup,58479,17422,0.9129489521117252,0.8511221605659893,0.193950177935943,0.3940420158420388
xgb,targeted_ablation,ebbu2017,mendeley_phishurl,46,cross,domain_dedup,40743,14899,0.9016428541770068,0.8665523927834111,0.180683267333378,0.3698905966843412
xgb,targeted_ablation,ebbu2017,kaggle_malicious,46,cross,raw,60000,10831,0.573202949144408,0.2083581558517717,0.0002769827347428,0.0110793093897147
xgb,targeted_ablation,ebbu2017,kaggle_malicious,46,cross,url_dedup,59967,10805,0.5729473198949517,0.2078430550963386,0.0002776492364645,0.0111059694585839
xgb,targeted_ablation,ebbu2017,kaggle_malicious,46,cross,domain_dedup,40491,8094,0.561441751276683,0.221056330590176,0.0002470966147763,0.0075364467506795
xgb,targeted_ablation,ebbu2017,hannousse,46,cross,raw,11430,5715,0.898224469535359,0.908469564953478,0.2519685039370078,0.4216972878390201
xgb,targeted_ablation,ebbu2017,hannousse,46,cross,url_dedup,7982,5177,0.8385391025780077,0.9141961377311087,0.1804133668147576,0.345953254780761
xgb,targeted_ablation,ebbu2017,hannousse,46,cross,domain_dedup,6546,4429,0.8401435955936487,0.9246551393395612,0.206367125762023,0.3637389930006773
xgb,host_only,phiusiil,phiusiil,42,within,raw,14924,8036,0.9222841995428238,0.952333092910168,0.7548531607765058,0.7984071677451469
xgb,host_only,phiusiil,mendeley_phishurl,42,cross,raw,60000,18933,0.9347686844898108,0.9236392176362548,0.1413405165583901,0.8332012887550837
xgb,host_only,phiusiil,mendeley_phishurl,42,cross,url_dedup,59776,18757,0.9342837498772718,0.9228286580117392,0.1412805885802633,0.83275577117876
xgb,host_only,phiusiil,mendeley_phishurl,42,cross,domain_dedup,51556,13187,0.9133680870876172,0.8843493458020805,0.0670357169940092,0.8224008493213013
xgb,host_only,phiusiil,kaggle_malicious,42,cross,raw,60000,10831,0.2681303538092733,0.1304005985748824,0.0004616378912381,0.0149570676761148
xgb,host_only,phiusiil,kaggle_malicious,42,cross,url_dedup,59966,10829,0.2681440223217176,0.1304521129604002,0.0004617231507987,0.0149598300858805
xgb,host_only,phiusiil,kaggle_malicious,42,cross,domain_dedup,55591,9508,0.2575490526499756,0.1174247321198202,0.000105174589819,0.0112536811106436
xgb,host_only,phiusiil,hannousse,42,cross,raw,11430,5715,0.7574121454415748,0.7367119843204786,0.0248468941382327,0.0750656167979002
xgb,host_only,phiusiil,hannousse,42,cross,url_dedup,11367,5698,0.7567660441183108,0.7371344139808734,0.0249210249210249,0.0744120744120744
xgb,host_only,phiusiil,hannousse,42,cross,domain_dedup,9512,4332,0.738075429505485,0.6815953702945042,0.0147737765466297,0.0579409048938134
xgb,host_only,phiusiil,ebbu2017,42,cross,raw,60000,30360,0.6870620230424292,0.6682901078938419,0.003030303030303,0.030566534914361
xgb,host_only,phiusiil,ebbu2017,42,cross,url_dedup,59963,30360,0.6869121238201965,0.6684078774770028,0.003030303030303,0.030566534914361
xgb,host_only,phiusiil,ebbu2017,42,cross,domain_dedup,57229,29934,0.6845822487435353,0.6818195310999591,0.0029732077236587,0.0302331796619228
xgb,host_only,phiusiil,phiusiil,43,within,raw,11624,4673,0.8704104421082394,0.8823290331745963,0.5358442114273486,0.6623154290605606
xgb,host_only,phiusiil,mendeley_phishurl,43,cross,raw,60000,18933,0.9343805408876976,0.9233660491551928,0.1282416943960281,0.8433423123646543
xgb,host_only,phiusiil,mendeley_phishurl,43,cross,url_dedup,59776,18757,0.9338904640670662,0.922541630817422,0.1280588580263368,0.8427253825238578
xgb,host_only,phiusiil,mendeley_phishurl,43,cross,domain_dedup,51556,13187,0.9127856882626764,0.8831873250707376,0.0555092136194737,0.8226283460984303
xgb,host_only,phiusiil,kaggle_malicious,43,cross,raw,60000,10831,0.2666936900106283,0.1298252036080607,0.0007386206259809,0.0172652571323054
xgb,host_only,phiusiil,kaggle_malicious,43,cross,url_dedup,59966,10829,0.2667209937697716,0.1298800349548477,0.000738757041278,0.0172684458398744
xgb,host_only,phiusiil,kaggle_malicious,43,cross,domain_dedup,55591,9508,0.2568894035017992,0.117299382099904,0.0002103491796381,0.0145140933950357
xgb,host_only,phiusiil,hannousse,43,cross,raw,11430,5715,0.7594158057451916,0.7373260543083124,0.0145231846019247,0.0643919510061242
xgb,host_only,phiusiil,hannousse,43,cross,url_dedup,11367,5698,0.7588213836670354,0.7378289285320312,0.0145665145665145,0.0645840645840645
xgb,host_only,phiusiil,hannousse,43,cross,domain_dedup,9512,4332,0.7417373447844362,0.6880393928385086,0.0226223453370267,0.051708217913204
xgb,host_only,phiusiil,ebbu2017,43,cross,raw,60000,30360,0.695054935688517,0.677519727144525,0.0051383399209486,0.033399209486166
xgb,host_only,phiusiil,ebbu2017,43,cross,url_dedup,59963,30360,0.6949177620693912,0.6776365134678503,0.0051383399209486,0.033399209486166
xgb,host_only,phiusiil,ebbu2017,43,cross,domain_dedup,57229,29934,0.6928074694657366,0.6902554421234108,0.0050778379100688,0.0330059464154473
xgb,host_only,phiusiil,phiusiil,44,within,raw,13064,6168,0.9015208655894806,0.9262577384190818,0.6470492866407264,0.731355382619974
xgb,host_only,phiusiil,mendeley_phishurl,44,cross,raw,60000,18933,0.9343398159694132,0.9226820988722316,0.1142977869328685,0.845507843447948
xgb,host_only,phiusiil,mendeley_phishurl,44,cross,url_dedup,59776,18757,0.9338386186770729,0.9218279186020428,0.1138241723090046,0.8449112331396279
xgb,host_only,phiusiil,mendeley_phishurl,44,cross,domain_dedup,51556,13187,0.9126705405872032,0.8790659998729627,0.0286645939182528,0.8240691590202472
xgb,host_only,phiusiil,kaggle_malicious,44,cross,raw,60000,10831,0.2804296128457662,0.1358492962333667,0.0007386206259809,0.0187424983842673
xgb,host_only,phiusiil,kaggle_malicious,44,cross,url_dedup,59966,10829,0.2804490800720858,0.1359036401942965,0.000738757041278,0.0187459599224305
xgb,host_only,phiusiil,kaggle_malicious,44,cross,domain_dedup,55591,9508,0.2702891992426717,0.1221126320379555,0.000105174589819,0.0139882204459402
xgb,host_only,phiusiil,hannousse,44,cross,raw,11430,5715,0.7619261524942802,0.7417760913624832,0.0288713910761154,0.074015748031496
xgb,host_only,phiusiil,hannousse,44,cross,url_dedup,11367,5698,0.7612368561389552,0.7421049751512347,0.0289575289575289,0.073008073008073
xgb,host_only,phiusiil,hannousse,44,cross,domain_dedup,9512,4332,0.7425915428685512,0.6873978394870548,0.0223915050784856,0.0447830101569713
xgb,host_only,phiusiil,ebbu2017,44,cross,raw,60000,30360,0.6936796776513595,0.6723201197460076,0.0046772068511198,0.0196969696969696
xgb,host_only,phiusiil,ebbu2017,44,cross,url_dedup,59963,30360,0.6935326015189947,0.6724174134790681,0.0046772068511198,0.0196969696969696
xgb,host_only,phiusiil,ebbu2017,44,cross,domain_dedup,57229,29934,0.6924035375230404,0.6885671410605895,0.0044097013429545,0.0186076033941337
xgb,host_only,phiusiil,phiusiil,45,within,raw,12349,5519,0.8850556721794561,0.907638557260314,0.6397898169958326,0.6954158362022106
xgb,host_only,phiusiil,mendeley_phishurl,45,cross,raw,60000,18933,0.9347543472658982,0.922763788674328,0.1395975281254951,0.8412824169439603
xgb,host_only,phiusiil,mendeley_phishurl,45,cross,url_dedup,59776,18757,0.9342627047261726,0.9219245510774692,0.1393079916831049,0.8406994721970464
xgb,host_only,phiusiil,mendeley_phishurl,45,cross,domain_dedup,51556,13187,0.913414073821788,0.8828722843271294,0.0565708652460756,0.8236899977250323
xgb,host_only,phiusiil,kaggle_malicious,45,cross,raw,60000,10831,0.2744710223983542,0.1321843019683714,0.0013849136737143,0.0138491367371433
xgb,host_only,phiusiil,kaggle_malicious,45,cross,url_dedup,59966,10829,0.2744805831616109,0.1322367252937308,0.0013851694523963,0.0138516945239634
xgb,host_only,phiusiil,kaggle_malicious,45,cross,domain_dedup,55591,9508,0.264230591240544,0.1190192977576362,0.0005258729490954,0.0119899032393773
xgb,host_only,phiusiil,hannousse,45,cross,raw,11430,5715,0.7585485541341453,0.7389262779543303,0.0209973753280839,0.073665791776028
xgb,host_only,phiusiil,hannousse,45,cross,url_dedup,11367,5698,0.7578843972387808,0.7393378542638412,0.021060021060021,0.0738855738855738
xgb,host_only,phiusiil,hannousse,45,cross,domain_dedup,9512,4332,0.7389007948391605,0.6839389398301562,0.0249307479224376,0.0466297322253
xgb,host_only,phiusiil,ebbu2017,45,cross,raw,60000,30360,0.6886151650282085,0.6687219131203643,0.0044795783926218,0.0263175230566534
xgb,host_only,phiusiil,ebbu2017,45,cross,url_dedup,59963,30360,0.6884716955074837,0.6688474733148361,0.0044795783926218,0.0263175230566534
xgb,host_only,phiusiil,ebbu2017,45,cross,domain_dedup,57229,29934,0.6867052052587378,0.6829276506524579,0.0051780583951359,0.0257566646622569
xgb,host_only,phiusiil,phiusiil,46,within,raw,12031,5169,0.8837325644738021,0.902707969276214,0.6390017411491584,0.6863996904623718
xgb,host_only,phiusiil,mendeley_phishurl,46,cross,raw,60000,18933,0.9348103148492828,0.9225073894575652,0.1228014577721438,0.8432894945333544
xgb,host_only,phiusiil,mendeley_phishurl,46,cross,url_dedup,59776,18757,0.9343261930548732,0.9216816855321348,0.1226742016313909,0.8428853228128166
xgb,host_only,phiusiil,mendeley_phishurl,46,cross,domain_dedup,51556,13187,0.9135323175183668,0.8821376338588034,0.04731932964283,0.8233108364298173
xgb,host_only,phiusiil,kaggle_malicious,46,cross,raw,60000,10831,0.2774077309656128,0.13160932978945,0.0005539654694857,0.0142184470501338
xgb,host_only,phiusiil,kaggle_malicious,46,cross,url_dedup,59966,10829,0.2774190628878508,0.1316635963065393,0.0005540677809585,0.0142210730446024
xgb,host_only,phiusiil,kaggle_malicious,46,cross,domain_dedup,55591,9508,0.2678517930155308,0.1190898676538414,0.0002103491796381,0.0123054270088346
xgb,host_only,phiusiil,hannousse,46,cross,raw,11430,5715,0.7604176358970003,0.7399393862695297,0.0363954505686789,0.0691163604549431
xgb,host_only,phiusiil,hannousse,46,cross,url_dedup,11367,5698,0.7597117011034809,0.7402607273973386,0.0365040365040365,0.0693225693225693
xgb,host_only,phiusiil,hannousse,46,cross,domain_dedup,9512,4332,0.7412453386310727,0.6870620339898575,0.0246999076638965,0.0431671283471837
xgb,host_only,phiusiil,ebbu2017,46,cross,raw,60000,30360,0.6915241205844753,0.6737973426798513,0.0043478260869565,0.0231225296442687
xgb,host_only,phiusiil,ebbu2017,46,cross,url_dedup,59963,30360,0.6913838073332044,0.6739303737722262,0.0043478260869565,0.0231225296442687
xgb,host_only,phiusiil,ebbu2017,46,cross,domain_dedup,57229,29934,0.6896506979824075,0.687774808019278,0.0056791608204717,0.0226164227968196
xgb,host_only,mendeley_phishurl,mendeley_phishurl,42,within,raw,11979,3514,0.9645490437204856,0.9582660307298888,0.7527034718269778,0.8784860557768924
xgb,host_only,mendeley_phishurl,phiusiil,42,cross,raw,60000,25603,0.8034518680752062,0.8391963086381549,0.5557942428621646,0.5770417529195797
xgb,host_only,mendeley_phishurl,phiusiil,42,cross,url_dedup,59773,25423,0.8020935723883764,0.8374726691648678,0.5533178617787043,0.574479801754317
xgb,host_only,mendeley_phishurl,phiusiil,42,cross,domain_dedup,50234,16741,0.7070230784078937,0.6889499253624735,0.354518845947076,0.3808613583417956
xgb,host_only,mendeley_phishurl,kaggle_malicious,42,cross,raw,60000,10831,0.2865558515779415,0.1238092520815453,0.0010156033607238,0.0069245683685716
xgb,host_only,mendeley_phishurl,kaggle_malicious,42,cross,url_dedup,55381,10809,0.2872816340998088,0.1345144820871722,0.001017670459802,0.0069386622259228
xgb,host_only,mendeley_phishurl,kaggle_malicious,42,cross,domain_dedup,27817,8445,0.2859755499719003,0.2168532349998103,0.0004736530491415,0.0015393724097098
xgb,host_only,mendeley_phishurl,hannousse,42,cross,raw,11430,5715,0.7482108524710875,0.7116382634266744,0.0085739282589676,0.0393700787401574
xgb,host_only,mendeley_phishurl,hannousse,42,cross,url_dedup,11261,5550,0.7500153804653893,0.7075804630634617,0.0084684684684684,0.04
xgb,host_only,mendeley_phishurl,hannousse,42,cross,domain_dedup,7961,3946,0.7470331416842189,0.7088342141802588,0.0093765838824125,0.0430816016218955
xgb,host_only,mendeley_phishurl,ebbu2017,42,cross,raw,60000,30360,0.7436564331930465,0.7077490193175004,0.0035573122529644,0.0393280632411067
xgb,host_only,mendeley_phishurl,ebbu2017,42,cross,url_dedup,56886,27260,0.7485069039216657,0.6903230659030621,0.0033749082905355,0.0405355832721936
xgb,host_only,mendeley_phishurl,ebbu2017,42,cross,domain_dedup,36481,18306,0.738123521711224,0.6910477976987254,0.0009832841691248,0.0195018026876433
xgb,host_only,mendeley_phishurl,mendeley_phishurl,43,within,raw,12746,3709,0.9649280139558668,0.9611295984876006,0.8813696414127797,0.9013211108115396
xgb,host_only,mendeley_phishurl,phiusiil,43,cross,raw,60000,25603,0.8033348368122294,0.8392464185313772,0.5593875717689333,0.5822755145881342
xgb,host_only,mendeley_phishurl,phiusiil,43,cross,url_dedup,59773,25423,0.8019733789865005,0.8375229123094998,0.5568579632616135,0.5797506195177595
xgb,host_only,mendeley_phishurl,phiusiil,43,cross,domain_dedup,50234,16741,0.7067515646109731,0.6891948604095655,0.3606116719431336,0.3880891225135894
xgb,host_only,mendeley_phishurl,kaggle_malicious,43,cross,raw,60000,10831,0.2868151120144171,0.124484914083429,0.0029544825039239,0.0047087064906287
xgb,host_only,mendeley_phishurl,kaggle_malicious,43,cross,url_dedup,55381,10809,0.2876590500832967,0.1352426092667052,0.0029604958830604,0.0047182903136275
xgb,host_only,mendeley_phishurl,kaggle_malicious,43,cross,domain_dedup,27817,8445,0.2877038200196654,0.2182036547591713,0.0016577856719952,0.004736530491415
xgb,host_only,mendeley_phishurl,hannousse,43,cross,raw,11430,5715,0.7482655350495886,0.7109333985016633,0.0090988626421697,0.0306211723534558
xgb,host_only,mendeley_phishurl,hannousse,43,cross,url_dedup,11261,5550,0.750131562134714,0.7068892381984866,0.0091891891891891,0.0309909909909909
xgb,host_only,mendeley_phishurl,hannousse,43,cross,domain_dedup,7961,3946,0.7489514106691898,0.7064543730482731,0.0106436898124683,0.0306639635073492
xgb,host_only,mendeley_phishurl,ebbu2017,43,cross,raw,60000,30360,0.7448457827927222,0.7109020793067544,0.0043807641633728,0.036725955204216
xgb,host_only,mendeley_phishurl,ebbu2017,43,cross,url_dedup,56886,27260,0.7497235968495283,0.6937085462688084,0.0043653705062362,0.0377109317681584
xgb,host_only,mendeley_phishurl,ebbu2017,43,cross,domain_dedup,36481,18306,0.7378316577828453,0.6890325212074923,0.0027313449142357,0.0251830001092537
xgb,host_only,mendeley_phishurl,mendeley_phishurl,44,within,raw,10675,3893,0.9095338797043868,0.9225578557953004,0.3747752376059594,0.8207038273824814
xgb,host_only,mendeley_phishurl,phiusiil,44,cross,raw,60000,25603,0.8037079911682471,0.8393342939239469,0.5558723587079639,0.5798148654454556
xgb,host_only,mendeley_phishurl,phiusiil,44,cross,url_dedup,59773,25423,0.8023534752683289,0.8376143104173327,0.5533571962396255,0.5772725484797231
xgb,host_only,mendeley_phishurl,phiusiil,44,cross,domain_dedup,50234,16741,0.7074105325794683,0.6893663763084048,0.3561316528283854,0.3849829759273639
xgb,host_only,mendeley_phishurl,kaggle_malicious,44,cross,raw,60000,10831,0.2883266524293531,0.1270819032651815,0.0029544825039239,0.0079401717292955
xgb,host_only,mendeley_phishurl,kaggle_malicious,44,cross,url_dedup,55381,10809,0.2890209356017505,0.1379315048694345,0.0029604958830604,0.0079563326857248
xgb,host_only,mendeley_phishurl,kaggle_malicious,44,cross,domain_dedup,27817,8445,0.2869536727365994,0.2201101812368578,0.0004736530491415,0.0082889283599763
xgb,host_only,mendeley_phishurl,hannousse,44,cross,raw,11430,5715,0.7469706050523212,0.7126129349490629,0.0041994750656167,0.0486439195100612
xgb,host_only,mendeley_phishurl,hannousse,44,cross,url_dedup,11261,5550,0.7488135114627847,0.7086222507474891,0.0041441441441441,0.0493693693693693
xgb,host_only,mendeley_phishurl,hannousse,44,cross,domain_dedup,7961,3946,0.7471233381661143,0.7099921235882916,0.0045615813482007,0.0448555499239736
xgb,host_only,mendeley_phishurl,ebbu2017,44,cross,raw,60000,30360,0.7457826438118201,0.7144165265509705,0.0065876152832674,0.0377799736495388
xgb,host_only,mendeley_phishurl,ebbu2017,44,cross,url_dedup,56886,27260,0.7507075354533571,0.6975700815873166,0.006529713866471,0.0391415994130594
xgb,host_only,mendeley_phishurl,ebbu2017,44,cross,domain_dedup,36481,18306,0.7414541124286188,0.6995693749212906,0.0051349284387632,0.0341964383262318
xgb,host_only,mendeley_phishurl,mendeley_phishurl,45,within,raw,13399,3390,0.9579221620895176,0.947573577436456,0.7932153392330383,0.8761061946902655
xgb,host_only,mendeley_phishurl,phiusiil,45,cross,raw,60000,25603,0.8033407664128744,0.8390441280954091,0.5600906143811272,0.581845877436238
xgb,host_only,mendeley_phishurl,phiusiil,45,cross,url_dedup,59773,25423,0.8019801786379982,0.8373174237361907,0.5576053180191165,0.5793179404476262
xgb,host_only,mendeley_phishurl,phiusiil,45,cross,domain_dedup,50234,16741,0.7066531583709849,0.6885826963453714,0.3610895406487067,0.3871931186906397
xgb,host_only,mendeley_phishurl,kaggle_malicious,45,cross,raw,60000,10831,0.2893244095596541,0.1253233762235647,0.0027698273474286,0.0066475856338288
xgb,host_only,mendeley_phishurl,kaggle_malicious,45,cross,url_dedup,55381,10809,0.2899953382750706,0.1360971496165229,0.0027754648903691,0.0066611157368859
xgb,host_only,mendeley_phishurl,kaggle_malicious,45,cross,domain_dedup,27817,8445,0.288969910366075,0.2189022639211126,0.0017761989342806,0.0067495559502664
xgb,host_only,mendeley_phishurl,hannousse,45,cross,raw,11430,5715,0.7460568763112835,0.7079705129897111,0.0071741032370953,0.0393700787401574
xgb,host_only,mendeley_phishurl,hannousse,45,cross,url_dedup,11261,5550,0.747877842822686,0.7038710254949407,0.007027027027027,0.0401801801801801
xgb,host_only,mendeley_phishurl,hannousse,45,cross,domain_dedup,7961,3946,0.7454485176280787,0.7068849308509155,0.0086163203243791,0.035478966041561
xgb,host_only,mendeley_phishurl,ebbu2017,45,cross,raw,60000,30360,0.7431032818725896,0.7070024670608324,0.0043478260869565,0.0404808959156785
xgb,host_only,mendeley_phishurl,ebbu2017,45,cross,url_dedup,56886,27260,0.7479790095590818,0.689661795374281,0.0043286867204695,0.0419662509170946
xgb,host_only,mendeley_phishurl,ebbu2017,45,cross,domain_dedup,36481,18306,0.7390777040953342,0.6920424473480504,0.0025128373210969,0.0220146400087403
xgb,host_only,mendeley_phishurl,mendeley_phishurl,46,within,raw,10950,3747,0.9562694442656722,0.9507593245833176,0.7926341072858286,0.8174539631705364
xgb,host_only,mendeley_phishurl,phiusiil,46,cross,raw,60000,25603,0.803535233922649,0.8393520457734724,0.5586454712338398,0.5787603015271647
xgb,host_only,mendeley_phishurl,phiusiil,46,cross,url_dedup,59773,25423,0.8021764112211198,0.8376286681306204,0.5561499429650316,0.5762105180348503
xgb,host_only,mendeley_phishurl,phiusiil,46,cross,domain_dedup,50234,16741,0.7071677771532421,0.6892752786867457,0.3591780658264142,0.3835493698106445
xgb,host_only,mendeley_phishurl,kaggle_malicious,46,cross,raw,60000,10831,0.2879598423537162,0.1240980633308172,0.0020312067214476,0.006093620164343
xgb,host_only,mendeley_phishurl,kaggle_malicious,46,cross,url_dedup,55381,10809,0.2888004609534997,0.1348372727299293,0.002035340919604,0.0061060227588121
xgb,host_only,mendeley_phishurl,kaggle_malicious,46,cross,domain_dedup,27817,8445,0.287957016083592,0.2182527922731584,0.001894612196566,0.001894612196566
xgb,host_only,mendeley_phishurl,hannousse,46,cross,raw,11430,5715,0.747068136605409,0.710903254100786,0.0115485564304461,0.0390201224846894
xgb,host_only,mendeley_phishurl,hannousse,46,cross,url_dedup,11261,5550,0.7488549361828997,0.7068882239833962,0.0115315315315315,0.0396396396396396
xgb,host_only,mendeley_phishurl,hannousse,46,cross,domain_dedup,7961,3946,0.7453930679364447,0.7079693731948491,0.0134313228585909,0.0397871262037506
xgb,host_only,mendeley_phishurl,ebbu2017,46,cross,raw,60000,30360,0.7458538240617759,0.7116697616685985,0.0039196310935441,0.0341567852437417
xgb,host_only,mendeley_phishurl,ebbu2017,46,cross,url_dedup,56886,27260,0.7506664194252644,0.6944392234429484,0.0037784299339691,0.0347028613352898
xgb,host_only,mendeley_phishurl,ebbu2017,46,cross,domain_dedup,36481,18306,0.7402713371387318,0.6926845581223944,0.0017480607451108,0.0272041953457882
xgb,host_only,kaggle_malicious,kaggle_malicious,42,within,raw,12523,2109,0.7839510869263328,0.5018282897826372,0.0365101944049312,0.1365576102418207
xgb,host_only,kaggle_malicious,phiusiil,42,cross,raw,60000,25603,0.2821402735919781,0.3413220370425681,0.0020310119907823,0.0177713549193453
xgb,host_only,kaggle_malicious,phiusiil,42,cross,url_dedup,59966,25601,0.2822053069013581,0.3415900595993266,0.0020311706573961,0.0180461700714815
xgb,host_only,kaggle_malicious,phiusiil,42,cross,domain_dedup,52752,19367,0.3356485329187582,0.3183007920142379,0.0081582072597717,0.0214798368358548
xgb,host_only,kaggle_malicious,mendeley_phishurl,42,cross,raw,60000,18933,0.1882842949408765,0.2231724497082253,0.0149474462578566,0.0228701209528336
xgb,host_only,kaggle_malicious,mendeley_phishurl,42,cross,url_dedup,55379,18909,0.1881230878447266,0.2425683460069296,0.0151779575863345,0.0228991485535988
xgb,host_only,kaggle_malicious,mendeley_phishurl,42,cross,domain_dedup,28121,15987,0.1746128171615125,0.4475800538860036,0.017201476199412,0.0312754112716582
xgb,host_only,kaggle_malicious,hannousse,42,cross,raw,11430,5715,0.3983157398413561,0.4578266918537976,0.0008748906386701,0.0146981627296587
xgb,host_only,kaggle_malicious,hannousse,42,cross,url_dedup,11033,5320,0.3954420830213113,0.4400273361717793,0.0009398496240601,0.0152255639097744
xgb,host_only,kaggle_malicious,hannousse,42,cross,domain_dedup,7697,3663,0.3478778052402247,0.4236146447128763,0.0057330057330057,0.0131040131040131
xgb,host_only,kaggle_malicious,ebbu2017,42,cross,raw,60000,30360,0.3557216500287152,0.4030174846021159,0.0003293807641633,0.0016139657444005
xgb,host_only,kaggle_malicious,ebbu2017,42,cross,url_dedup,59950,30325,0.3556061023858968,0.4028415077093245,0.0003297609233305,0.0016158285243198
xgb,host_only,kaggle_malicious,ebbu2017,42,cross,domain_dedup,46489,28616,0.3188925807268664,0.5012414766131269,0.0008736371260833,0.0035993849594632
xgb,host_only,kaggle_malicious,kaggle_malicious,43,within,raw,13894,1917,0.8376669524256389,0.5560138411623495,0.0537297861241523,0.1752738654147105
xgb,host_only,kaggle_malicious,phiusiil,43,cross,raw,60000,25603,0.2855450980869781,0.3443895181093335,0.0022263016052806,0.0140608522438776
xgb,host_only,kaggle_malicious,phiusiil,43,cross,url_dedup,59966,25601,0.285616905344109,0.3446833252548031,0.0022264755282996,0.0140619507050505
xgb,host_only,kaggle_malicious,phiusiil,43,cross,domain_dedup,52752,19367,0.3422117693101072,0.3224805562082657,0.0066608147880415,0.0163164145195435
xgb,host_only,kaggle_malicious,mendeley_phishurl,43,cross,raw,60000,18933,0.187945003363386,0.2211502254034803,0.0141551787883589,0.0195425975809433
xgb,host_only,kaggle_malicious,mendeley_phishurl,43,cross,url_dedup,55379,18909,0.187738091939135,0.2405493869784825,0.0141731450631974,0.0195674017663546
xgb,host_only,kaggle_malicious,mendeley_phishurl,43,cross,domain_dedup,28121,15987,0.1783507881264455,0.4536580387272875,0.0164508663288922,0.0286482767248389
xgb,host_only,kaggle_malicious,hannousse,43,cross,raw,11430,5715,0.4000707566847232,0.4633043984382303,0.0012248468941382,0.0138232720909886
xgb,host_only,kaggle_malicious,hannousse,43,cross,url_dedup,11033,5320,0.3977864920922997,0.446525212522055,0.0013157894736842,0.0144736842105263
xgb,host_only,kaggle_malicious,hannousse,43,cross,domain_dedup,7697,3663,0.3549687741556854,0.4388412089994674,0.0079170079170079,0.0163800163800163
xgb,host_only,kaggle_malicious,ebbu2017,43,cross,raw,60000,30360,0.3539295425207897,0.4017206997850148,0.0002305665349143,0.0022397891963109
xgb,host_only,kaggle_malicious,ebbu2017,43,cross,url_dedup,59950,30325,0.3537886544154222,0.4015260122718032,0.0002308326463314,0.0022423742786479
xgb,host_only,kaggle_malicious,ebbu2017,43,cross,domain_dedup,46489,28616,0.3170607005871154,0.5003290669951836,0.0007338551859099,0.0039837852949398
xgb,host_only,kaggle_malicious,kaggle_malicious,44,within,raw,9851,1934,0.7854322097448725,0.5642572797783703,0.0475698035160289,0.1421923474663909
xgb,host_only,kaggle_malicious,phiusiil,44,cross,raw,60000,25603,0.2864320622177575,0.347767744159733,0.0023044174510799,0.0166777330781549
xgb,host_only,kaggle_malicious,phiusiil,44,cross,url_dedup,59966,25601,0.2865015969107174,0.3480559497031814,0.002304597476661,0.0166790359751572
xgb,host_only,kaggle_malicious,phiusiil,44,cross,domain_dedup,52752,19367,0.3413384928478326,0.3262964322774693,0.0052666907626374,0.0195693705788196
xgb,host_only,kaggle_malicious,mendeley_phishurl,44,cross,raw,60000,18933,0.1889501639781642,0.2247146747504525,0.0140495431257592,0.0233982992658321
xgb,host_only,kaggle_malicious,mendeley_phishurl,44,cross,url_dedup,55379,18909,0.1887265068174716,0.2442082374056143,0.0140673753239198,0.0234279972499867
xgb,host_only,kaggle_malicious,mendeley_phishurl,44,cross,domain_dedup,28121,15987,0.1787399703333624,0.4544060467930431,0.017201476199412,0.029461437417902
xgb,host_only,kaggle_malicious,hannousse,44,cross,raw,11430,5715,0.4038188249216005,0.4634999730623361,0.0013998250218722,0.0148731408573928
xgb,host_only,kaggle_malicious,hannousse,44,cross,url_dedup,11033,5320,0.4015175453950823,0.4462906703163232,0.0015037593984962,0.0156015037593984
xgb,host_only,kaggle_malicious,hannousse,44,cross,domain_dedup,7697,3663,0.3603785310527997,0.4375480328155049,0.0092820092820092,0.0171990171990172
xgb,host_only,kaggle_malicious,ebbu2017,44,cross,raw,60000,30360,0.3554620743164793,0.4030608406287456,0.0002635046113306,0.0025691699604743
xgb,host_only,kaggle_malicious,ebbu2017,44,cross,url_dedup,59950,30325,0.3553357791297512,0.4028755886762302,0.0002638087386644,0.0025721352019785
xgb,host_only,kaggle_malicious,ebbu2017,44,cross,domain_dedup,46489,28616,0.3189852381730815,0.5016209125015416,0.0006989097008666,0.0028655297735532
xgb,host_only,kaggle_malicious,kaggle_malicious,45,within,raw,12371,1941,0.8066433666606899,0.5463667249669719,0.0582174137042761,0.1555899021123132
xgb,host_only,kaggle_malicious,phiusiil,45,cross,raw,60000,25603,0.282023358150385,0.3425143958272391,0.0020700699136819,0.013904620552279
xgb,host_only,kaggle_malicious,phiusiil,45,cross,url_dedup,59966,25601,0.2820913196700398,0.3427995121251946,0.0020702316315768,0.0139057068083277
xgb,host_only,kaggle_malicious,phiusiil,45,cross,domain_dedup,52752,19367,0.3367567099106057,0.319466081976019,0.0058863014405948,0.0162131460732173
xgb,host_only,kaggle_malicious,mendeley_phishurl,45,cross,raw,60000,18933,0.1867564465364354,0.2220386248752388,0.0140495431257592,0.023081392278033
xgb,host_only,kaggle_malicious,mendeley_phishurl,45,cross,url_dedup,55379,18909,0.1865618458678522,0.2413762856471548,0.0140673753239198,0.0223702998572108
xgb,host_only,kaggle_malicious,mendeley_phishurl,45,cross,domain_dedup,28121,15987,0.1747929922953614,0.4479892544408766,0.0167636204416088,0.027084506161256
xgb,host_only,kaggle_malicious,hannousse,45,cross,raw,11430,5715,0.3955758854727585,0.4598104400436685,0.0012248468941382,0.016272965879265
xgb,host_only,kaggle_malicious,hannousse,45,cross,url_dedup,11033,5320,0.3929248719119697,0.4424628218958545,0.0013157894736842,0.0167293233082706
xgb,host_only,kaggle_malicious,hannousse,45,cross,domain_dedup,7697,3663,0.3491713419824476,0.4301595201534738,0.0092820092820092,0.0163800163800163
xgb,host_only,kaggle_malicious,ebbu2017,45,cross,raw,60000,30360,0.3538742912312706,0.4021049787826891,0.0002305665349143,0.0016139657444005
xgb,host_only,kaggle_malicious,ebbu2017,45,cross,url_dedup,59950,30325,0.3537472164073452,0.401920903860494,0.0002308326463314,0.0016158285243198
xgb,host_only,kaggle_malicious,ebbu2017,45,cross,domain_dedup,46489,28616,0.3172951421095015,0.4999761916597248,0.0006989097008666,0.0022365110427732
xgb,host_only,kaggle_malicious,kaggle_malicious,46,within,raw,10545,2082,0.8310831019764737,0.6034365873565165,0.0249759846301633,0.1181556195965417
xgb,host_only,kaggle_malicious,phiusiil,46,cross,raw,60000,25603,0.2817218552172499,0.3398034667752768,0.0021481857594813,0.0167167910010545
xgb,host_only,kaggle_malicious,phiusiil,46,cross,url_dedup,59966,25601,0.28179447615764,0.340089891731285,0.0021483535799382,0.0167180969493379
xgb,host_only,kaggle_malicious,phiusiil,46,cross,domain_dedup,52752,19367,0.3362554388093508,0.3161986211405254,0.0089327206072184,0.0203955181494294
xgb,host_only,kaggle_malicious,mendeley_phishurl,46,cross,raw,60000,18933,0.188090583258474,0.223114835531892,0.014472085776158,0.0243490202292293
xgb,host_only,kaggle_malicious,mendeley_phishurl,46,cross,url_dedup,55379,18909,0.187918172388231,0.2424902917973903,0.0155481516738061,0.0243799249034851
xgb,host_only,kaggle_malicious,mendeley_phishurl,46,cross,domain_dedup,28121,15987,0.1774154280557337,0.4514430947299658,0.0165134171514355,0.0322136736098079
xgb,host_only,kaggle_malicious,hannousse,46,cross,raw,11430,5715,0.3952346857780135,0.4497886026342842,0.0019247594050743,0.0138232720909886
xgb,host_only,kaggle_malicious,hannousse,46,cross,url_dedup,11033,5320,0.3925729506244169,0.4319340837242369,0.0018796992481203,0.0142857142857142
xgb,host_only,kaggle_malicious,hannousse,46,cross,domain_dedup,7697,3663,0.3491176758405315,0.4159304266027937,0.0049140049140049,0.0171990171990172
xgb,host_only,kaggle_malicious,ebbu2017,46,cross,raw,60000,30360,0.3559980064907124,0.4029283239980157,0.0002635046113306,0.0016139657444005
xgb,host_only,kaggle_malicious,ebbu2017,46,cross,url_dedup,59950,30325,0.3558795173246232,0.4027481324232783,0.0002638087386644,0.0016158285243198
xgb,host_only,kaggle_malicious,ebbu2017,46,cross,domain_dedup,46489,28616,0.3204098840464501,0.5015245234536436,0.0009085826111266,0.0037042214145932
xgb,host_only,hannousse,hannousse,42,within,raw,1939,907,0.7614345358666017,0.7564471046333013,0.0716648291069459,0.1510474090407938
xgb,host_only,hannousse,phiusiil,42,cross,raw,60000,25603,0.8073515371611361,0.8278546759482681,0.1935710658907159,0.4165918056477756
xgb,host_only,hannousse,phiusiil,42,cross,url_dedup,59936,25585,0.8072236640004468,0.8278044137554335,0.1936681649403947,0.4166112956810631
xgb,host_only,hannousse,phiusiil,42,cross,domain_dedup,53925,19850,0.7622012363452231,0.7492075005585919,0.1393954659949622,0.3133501259445844
xgb,host_only,hannousse,mendeley_phishurl,42,cross,raw,60000,18933,0.861224815682302,0.6983221475149817,0.018961601436645,0.0804943749009665
xgb,host_only,hannousse,mendeley_phishurl,42,cross,url_dedup,59839,18776,0.8613662163932978,0.696969599572113,0.0189603749467405,0.0806348530038346
xgb,host_only,hannousse,mendeley_phishurl,42,cross,domain_dedup,46321,16337,0.8535100144655305,0.7195778202763131,0.0116300422354165,0.069351778172247
xgb,host_only,hannousse,kaggle_malicious,42,cross,raw,60000,10831,0.4100473712075396,0.1771331592864881,0.0004616378912381,0.0183731880712768
xgb,host_only,hannousse,kaggle_malicious,42,cross,url_dedup,59648,10482,0.4012229463505459,0.1683659364266042,0.0004770082045411,0.0183171150543789
xgb,host_only,hannousse,kaggle_malicious,42,cross,domain_dedup,45927,8736,0.3740611404764022,0.1712860761573554,0.0002289377289377,0.0138507326007326
xgb,host_only,hannousse,ebbu2017,42,cross,raw,60000,30360,0.8021199797215243,0.7834751965002971,0.0203886693017127,0.0785573122529644
xgb,host_only,hannousse,ebbu2017,42,cross,url_dedup,54857,29276,0.7915467836671011,0.7881110960789166,0.0198114496515917,0.0644555267112993
xgb,host_only,hannousse,ebbu2017,42,cross,domain_dedup,42403,27806,0.7205348310420238,0.8099569252320906,0.0128389556210889,0.0432280802704452
xgb,host_only,hannousse,hannousse,43,within,raw,2229,1037,0.7512672881893433,0.7362412131158504,0.0337512054001928,0.0993249758919961
xgb,host_only,hannousse,phiusiil,43,cross,raw,60000,25603,0.8073780051860752,0.8286134259227385,0.2068117017537007,0.4179978908721634
xgb,host_only,hannousse,phiusiil,43,cross,url_dedup,59936,25585,0.8072460603645245,0.8285599666999908,0.2069572014852452,0.4179011139339457
xgb,host_only,hannousse,phiusiil,43,cross,domain_dedup,53925,19850,0.76276731095838,0.7509891169286136,0.145088161209068,0.3212594458438287
xgb,host_only,hannousse,mendeley_phishurl,43,cross,raw,60000,18933,0.8628233733844569,0.7000335972733877,0.021021496857339,0.0784872973115723
xgb,host_only,hannousse,mendeley_phishurl,43,cross,url_dedup,59839,18776,0.8629754320735155,0.6986517015665783,0.0210907541542394,0.0785577332765232
xgb,host_only,hannousse,mendeley_phishurl,43,cross,domain_dedup,46321,16337,0.8557695431891478,0.7230552057248492,0.0193425965599559,0.0752892207871702
xgb,host_only,hannousse,kaggle_malicious,43,cross,raw,60000,10831,0.4098839873155889,0.1791607968640847,0.0025851721909334,0.0213276705752008
xgb,host_only,hannousse,kaggle_malicious,43,cross,url_dedup,59648,10482,0.4011158334334773,0.1704138367639887,0.0026712459454302,0.0214653692043503
xgb,host_only,hannousse,kaggle_malicious,43,cross,domain_dedup,45927,8736,0.3744906380221376,0.17291298692209,0.0005723443223443,0.0152243589743589
xgb,host_only,hannousse,ebbu2017,43,cross,raw,60000,30360,0.8015778033147883,0.7829030026343367,0.0205204216073781,0.0708827404479578
xgb,host_only,hannousse,ebbu2017,43,cross,url_dedup,54857,29276,0.7908105964428624,0.7873709284214416,0.0186159311381336,0.0619620166689438
xgb,host_only,hannousse,ebbu2017,43,cross,domain_dedup,42403,27806,0.7194506633914598,0.8089624524857987,0.0130906998489534,0.0472919513774005
xgb,host_only,hannousse,hannousse,44,within,raw,2670,1384,0.7966043271694281,0.8289980672699,0.1192196531791907,0.2153179190751445
xgb,host_only,hannousse,phiusiil,44,cross,raw,60000,25603,0.8077546415643787,0.8281655261313461,0.1997422177088622,0.4175682537202672
xgb,host_only,hannousse,phiusiil,44,cross,url_dedup,59936,25585,0.8076230568187285,0.8281131257740325,0.1998827437951925,0.4175102599179207
xgb,host_only,hannousse,phiusiil,44,cross,domain_dedup,53925,19850,0.7635112337394732,0.7505415636151157,0.1369269521410579,0.3219647355163728
xgb,host_only,hannousse,mendeley_phishurl,44,cross,raw,60000,18933,0.8621365473707132,0.7036938051975898,0.0198066867374425,0.0855648867057518
xgb,host_only,hannousse,mendeley_phishurl,44,cross,url_dedup,59839,18776,0.8622835627228557,0.7023275538446275,0.0198657861099275,0.0856945036216446
xgb,host_only,hannousse,mendeley_phishurl,44,cross,domain_dedup,46321,16337,0.8552438348462144,0.7281599685134351,0.0209340760237497,0.084409622329681
xgb,host_only,hannousse,kaggle_malicious,44,cross,raw,60000,10831,0.4096785209457333,0.1766889713274758,0.0004616378912381,0.0186501708060197
xgb,host_only,hannousse,kaggle_malicious,44,cross,url_dedup,59648,10482,0.4008107911204843,0.1679700349899678,0.0004770082045411,0.01879412325892
xgb,host_only,hannousse,kaggle_malicious,44,cross,domain_dedup,45927,8736,0.3740278133578932,0.1703451095302239,0.0003434065934065,0.011790293040293
xgb,host_only,hannousse,ebbu2017,44,cross,raw,60000,30360,0.8001317217457092,0.7822862587503732,0.0231554677206851,0.0760210803689064
xgb,host_only,hannousse,ebbu2017,44,cross,url_dedup,54857,29276,0.7893523678985791,0.7868278151082998,0.0194015575898346,0.0647629457576171
xgb,host_only,hannousse,ebbu2017,44,cross,domain_dedup,42403,27806,0.7181396243719593,0.8089487847352188,0.0121556498597425,0.0457095590879666
xgb,host_only,hannousse,hannousse,45,within,raw,2161,824,0.7175693118196804,0.6535035264601081,0.0461165048543689,0.1007281553398058
xgb,host_only,hannousse,phiusiil,45,cross,raw,60000,25603,0.8074822398894067,0.8275735745600822,0.1925555598953247,0.4121001445143147
xgb,host_only,hannousse,phiusiil,45,cross,url_dedup,59936,25585,0.8073503339943771,0.827516508966635,0.1926519444987297,0.4119992182919679
xgb,host_only,hannousse,phiusiil,45,cross,domain_dedup,53925,19850,0.7633145620769122,0.7499559704922019,0.1449874055415617,0.3141057934508816
xgb,host_only,hannousse,mendeley_phishurl,45,cross,raw,60000,18933,0.8622845111226769,0.702448822076873,0.0212855860138382,0.0814450958643638
xgb,host_only,hannousse,mendeley_phishurl,45,cross,url_dedup,59839,18776,0.8624290259676742,0.7011015363737876,0.0213037920749893,0.0815402641670217
xgb,host_only,hannousse,mendeley_phishurl,45,cross,domain_dedup,46321,16337,0.855172365826137,0.7259016791077662,0.0216073942584317,0.0733304768317316
xgb,host_only,hannousse,kaggle_malicious,45,cross,raw,60000,10831,0.4103037229938759,0.1766935456502454,0.0003693103129904,0.0212353429969531
xgb,host_only,hannousse,kaggle_malicious,45,cross,url_dedup,59648,10482,0.4015637259560058,0.1680492901464691,0.0003816065636328,0.0212745659225338
xgb,host_only,hannousse,kaggle_malicious,45,cross,domain_dedup,45927,8736,0.3751684469158959,0.171046635625197,0.0004578754578754,0.0124771062271062
xgb,host_only,hannousse,ebbu2017,45,cross,raw,60000,30360,0.8012304805225284,0.7825820289540442,0.0186100131752305,0.0718050065876152
xgb,host_only,hannousse,ebbu2017,45,cross,url_dedup,54857,29276,0.7903736430287032,0.7870181508115914,0.0181718814045634,0.0618937013253176
xgb,host_only,hannousse,ebbu2017,45,cross,domain_dedup,42403,27806,0.7185846688156967,0.8086523523126865,0.0168668632669208,0.0470761706106595
xgb,host_only,hannousse,hannousse,46,within,raw,1923,910,0.7738319429829795,0.778415866322534,0.145054945054945,0.2076923076923077
xgb,host_only,hannousse,phiusiil,46,cross,raw,60000,25603,0.8072899218882533,0.8273950978255289,0.19079795336484,0.4190133968675545
xgb,host_only,hannousse,phiusiil,46,cross,url_dedup,59936,25585,0.8071612799401177,0.8273455796758997,0.1909321868282196,0.4189955051788157
xgb,host_only,hannousse,phiusiil,46,cross,domain_dedup,53925,19850,0.7624163995926899,0.7494401662003137,0.1405541561712846,0.318992443324937
xgb,host_only,hannousse,mendeley_phishurl,46,cross,raw,60000,18933,0.86243752746797,0.7012543719890139,0.0083452173453758,0.0846669835736544
xgb,host_only,hannousse,mendeley_phishurl,46,cross,url_dedup,59839,18776,0.8625695715659708,0.6998645240699922,0.0082552194290583,0.08494887089902
xgb,host_only,hannousse,mendeley_phishurl,46,cross,domain_dedup,46321,16337,0.8543268821537612,0.7236588902048245,0.0072228683356797,0.0816551386423456
xgb,host_only,hannousse,kaggle_malicious,46,cross,raw,60000,10831,0.4110685947037492,0.1781055236093379,0.0002769827347428,0.0168959468193149
xgb,host_only,hannousse,kaggle_malicious,46,cross,url_dedup,59648,10482,0.4022967561819918,0.1693615633453145,0.0002862049227246,0.0168860904407555
xgb,host_only,hannousse,kaggle_malicious,46,cross,domain_dedup,45927,8736,0.3744141915587124,0.1709300513981725,0.0002289377289377,0.0137362637362637
xgb,host_only,hannousse,ebbu2017,46,cross,raw,60000,30360,0.8013421427129951,0.7834793494774036,0.0215744400527009,0.0736495388669301
xgb,host_only,hannousse,ebbu2017,46,cross,url_dedup,54857,29276,0.7905377289745062,0.787902398078779,0.0197772919797786,0.0649337341166826
xgb,host_only,hannousse,ebbu2017,46,cross,domain_dedup,42403,27806,0.7194025868689803,0.8098691801272484,0.0134503344601884,0.047327914838524
xgb,host_only,ebbu2017,ebbu2017,42,within,raw,11279,5871,0.7824904580633523,0.8023324416873218,0.0650655765627661,0.1475046840401976
xgb,host_only,ebbu2017,phiusiil,42,cross,raw,60000,25603,0.6379638853505424,0.61289970755191,0.0253485919618794,0.0890130062883255
xgb,host_only,ebbu2017,phiusiil,42,cross,url_dedup,59970,25601,0.6379021377383917,0.6129827493476173,0.0253505722432717,0.0890199601578063
xgb,host_only,ebbu2017,phiusiil,42,cross,domain_dedup,57759,24235,0.6370198802851814,0.6056327876126768,0.0249638951929028,0.0875180524035485
xgb,host_only,ebbu2017,mendeley_phishurl,42,cross,raw,60000,18933,0.8260850406233969,0.7458020606355905,0.0584693392489304,0.1965879680980299
xgb,host_only,ebbu2017,mendeley_phishurl,42,cross,url_dedup,58479,17422,0.8180914913749703,0.7243360310695048,0.0571690965445987,0.193261393640225
xgb,host_only,ebbu2017,mendeley_phishurl,42,cross,domain_dedup,40743,14899,0.8118543074729282,0.7663568444641421,0.0449694610376535,0.186455466809853
xgb,host_only,ebbu2017,kaggle_malicious,42,cross,raw,60000,10831,0.4098125723497382,0.1716109865065118,0.0007386206259809,0.0214199981534484
xgb,host_only,ebbu2017,kaggle_malicious,42,cross,url_dedup,59967,10805,0.4094897506738622,0.1711593549641324,0.0007403979639055,0.0213789912077741
xgb,host_only,ebbu2017,kaggle_malicious,42,cross,domain_dedup,40491,8094,0.4035618511382816,0.1880375376015792,0.0002470966147763,0.0077835433654558
xgb,host_only,ebbu2017,hannousse,42,cross,raw,11430,5715,0.740105645149562,0.7533043245286062,0.0699912510936133,0.131758530183727
xgb,host_only,ebbu2017,hannousse,42,cross,url_dedup,7982,5177,0.660175112944716,0.7909621994012044,0.0670272358508788,0.0934904384778829
xgb,host_only,ebbu2017,hannousse,42,cross,domain_dedup,6546,4429,0.6498346397093149,0.8051503757579732,0.0781214721156017,0.1025062090765409
xgb,host_only,ebbu2017,ebbu2017,43,within,raw,11844,5990,0.818886448373984,0.8230935928770713,0.0534223706176961,0.1616026711185308
xgb,host_only,ebbu2017,phiusiil,43,cross,raw,60000,25603,0.6397049237456366,0.6182321042613488,0.0364019841424833,0.0921376401202984
xgb,host_only,ebbu2017,phiusiil,43,cross,url_dedup,59970,25601,0.6396432622793238,0.6183154078288416,0.0364048279364087,0.092144838092262
xgb,host_only,ebbu2017,phiusiil,43,cross,domain_dedup,57759,24235,0.6390957285293667,0.6120248804638428,0.0365999587373633,0.0923045182587167
xgb,host_only,ebbu2017,mendeley_phishurl,43,cross,raw,60000,18933,0.8249177590920697,0.7433870964072227,0.056198172503037,0.1862884909945597
xgb,host_only,ebbu2017,mendeley_phishurl,43,cross,url_dedup,58479,17422,0.8168070430974907,0.7213485761140683,0.0547583515095855,0.1817816553782573
xgb,host_only,ebbu2017,mendeley_phishurl,43,cross,domain_dedup,40743,14899,0.8098585485144418,0.7616332312523126,0.0442311564534532,0.1742398818712665
xgb,host_only,ebbu2017,kaggle_malicious,43,cross,raw,60000,10831,0.4103830095293744,0.1722292832011778,0.0004616378912381,0.0193887914320007
xgb,host_only,ebbu2017,kaggle_malicious,43,cross,url_dedup,59967,10805,0.4100889896620153,0.1717942981524426,0.0004627487274409,0.0192503470615455
xgb,host_only,ebbu2017,kaggle_malicious,43,cross,domain_dedup,40491,8094,0.4049858638876951,0.1887614106764955,0.0006177415369409,0.0077835433654558
xgb,host_only,ebbu2017,hannousse,43,cross,raw,11430,5715,0.7406583494648471,0.7533971298839679,0.0647419072615923,0.131583552055993
xgb,host_only,ebbu2017,hannousse,43,cross,url_dedup,7982,5177,0.6604142069492204,0.7908126695283977,0.0643229669692872,0.0960015452965037
xgb,host_only,ebbu2017,hannousse,43,cross,domain_dedup,6546,4429,0.648765335781804,0.8044517936319855,0.0749604876947392,0.1054414088959133
xgb,host_only,ebbu2017,ebbu2017,44,within,raw,13276,6081,0.849464851331212,0.8181573441479432,0.0629830619963821,0.1754645617497122
xgb,host_only,ebbu2017,phiusiil,44,cross,raw,60000,25603,0.6375569094472234,0.614220613547676,0.0427684255751279,0.088388079521931
xgb,host_only,ebbu2017,phiusiil,44,cross,url_dedup,59970,25601,0.6374953780811636,0.6143038871863382,0.0427717667278621,0.0883949845709152
xgb,host_only,ebbu2017,phiusiil,44,cross,domain_dedup,57759,24235,0.6359530422234048,0.6074345980108081,0.0433257685166082,0.088838456777388
xgb,host_only,ebbu2017,mendeley_phishurl,44,cross,raw,60000,18933,0.826604619817393,0.7420686898878499,0.0479585908202609,0.1854434056937622
xgb,host_only,ebbu2017,mendeley_phishurl,44,cross,url_dedup,58479,17422,0.8186516686021988,0.7200201759724605,0.0475835150958558,0.1804614854781311
xgb,host_only,ebbu2017,mendeley_phishurl,44,cross,domain_dedup,40743,14899,0.8088763338938462,0.759194731594335,0.0484596281629639,0.1547083696892409
xgb,host_only,ebbu2017,kaggle_malicious,44,cross,raw,60000,10831,0.4099384001041075,0.1707396878029777,0.0002769827347428,0.0185578432277721
xgb,host_only,ebbu2017,kaggle_malicious,44,cross,url_dedup,59967,10805,0.4096195305979772,0.1702884255409621,0.0002776492364645,0.0185099490976399
xgb,host_only,ebbu2017,kaggle_malicious,44,cross,domain_dedup,40491,8094,0.4033629676134875,0.18685518521469,0.0002470966147763,0.0077835433654558
xgb,host_only,ebbu2017,hannousse,44,cross,raw,11430,5715,0.7403345404221673,0.7537083932614701,0.0663167104111986,0.1284339457567804
xgb,host_only,ebbu2017,hannousse,44,cross,url_dedup,7982,5177,0.6601330373580938,0.7912547305855175,0.0681862082287038,0.1091365655785203
xgb,host_only,ebbu2017,hannousse,44,cross,domain_dedup,6546,4429,0.6476587032711464,0.8048379893583192,0.0794761797245427,0.1226010386091668
xgb,host_only,ebbu2017,ebbu2017,45,within,raw,12228,6433,0.8257705261387472,0.8473304513387828,0.058759521218716,0.2065910150785014
xgb,host_only,ebbu2017,phiusiil,45,cross,raw,60000,25603,0.6392438836694518,0.6147441197304968,0.0406202398156466,0.0949888684919735
xgb,host_only,ebbu2017,phiusiil,45,cross,url_dedup,59970,25601,0.639180592205897,0.6148274283220397,0.0406234131479239,0.0949962892074528
xgb,host_only,ebbu2017,phiusiil,45,cross,domain_dedup,57759,24235,0.6384426725919571,0.6078126879960865,0.0408500103156591,0.0941613369094285
xgb,host_only,ebbu2017,mendeley_phishurl,45,cross,raw,60000,18933,0.8260269772780601,0.7419108108100905,0.0619024982834204,0.1669571647388158
xgb,host_only,ebbu2017,mendeley_phishurl,45,cross,url_dedup,58479,17422,0.8179819624476251,0.7197380292882576,0.0609574101710481,0.1614051199632648
xgb,host_only,ebbu2017,mendeley_phishurl,45,cross,domain_dedup,40743,14899,0.8093835358773738,0.7578073644809673,0.0498020001342372,0.1491375260084569
xgb,host_only,ebbu2017,kaggle_malicious,45,cross,raw,60000,10831,0.4099596929628912,0.1715764751976402,0.0001846551564952,0.018096205336534
xgb,host_only,ebbu2017,kaggle_malicious,45,cross,url_dedup,59967,10805,0.409650689564505,0.1711337517016763,0.0001850994909763,0.0179546506247107
xgb,host_only,ebbu2017,kaggle_malicious,45,cross,domain_dedup,40491,8094,0.4051935110020307,0.1884022989641451,0.0002470966147763,0.0084012849023968
xgb,host_only,ebbu2017,hannousse,45,cross,raw,11430,5715,0.739297224767289,0.7515949941465039,0.068766404199475,0.1133858267716535
xgb,host_only,ebbu2017,hannousse,45,cross,url_dedup,7982,5177,0.6588409518723464,0.7890916367175153,0.0647092910952289,0.0903998454703496
xgb,host_only,ebbu2017,hannousse,45,cross,domain_dedup,6546,4429,0.6470486475694348,0.8026762393782987,0.0754120568977195,0.1025062090765409
xgb,host_only,ebbu2017,ebbu2017,46,within,raw,13622,6468,0.8382355019675799,0.8129379894115365,0.0482374768089053,0.1623376623376623
xgb,host_only,ebbu2017,phiusiil,46,cross,raw,60000,25603,0.6400415165837753,0.6197328923816607,0.0287075733312502,0.0938561887278834
xgb,host_only,ebbu2017,phiusiil,46,cross,url_dedup,59970,25601,0.6399788509299718,0.619815496685945,0.0287098160228116,0.0938635209562126
xgb,host_only,ebbu2017,phiusiil,46,cross,domain_dedup,57759,24235,0.6395589337510177,0.6135704978148593,0.028141118217454,0.0934186094491438
xgb,host_only,ebbu2017,mendeley_phishurl,46,cross,raw,60000,18933,0.8228123330982672,0.7409369237224139,0.0617968626208207,0.1755664712406908
xgb,host_only,ebbu2017,mendeley_phishurl,46,cross,url_dedup,58479,17422,0.81449553193751,0.7186743719369554,0.0605556193318792,0.1713350935598668
xgb,host_only,ebbu2017,mendeley_phishurl,46,cross,domain_dedup,40743,14899,0.8061007614299072,0.7572806921223076,0.0522853882810926,0.1482649842271293
xgb,host_only,ebbu2017,kaggle_malicious,46,cross,raw,60000,10831,0.4096373566924365,0.1705697348868992,0.0009232757824762,0.0169882743975625
xgb,host_only,ebbu2017,kaggle_malicious,46,cross,url_dedup,59967,10805,0.4093249638584039,0.170127664030406,0.0009254974548819,0.0168440536788523
xgb,host_only,ebbu2017,kaggle_malicious,46,cross,domain_dedup,40491,8094,0.4043508430538817,0.1871156675878698,0.0007412898443291,0.0091425747467259
xgb,host_only,ebbu2017,hannousse,46,cross,raw,11430,5715,0.7394688656043978,0.7527935979762139,0.0691163604549431,0.1310586176727909
xgb,host_only,ebbu2017,hannousse,46,cross,url_dedup,7982,5177,0.6590362487032145,0.790289899630023,0.0654819393471122,0.1075912690747537
xgb,host_only,ebbu2017,hannousse,46,cross,domain_dedup,6546,4429,0.6476629693949345,0.804025064964674,0.0763151953036802,0.1171822081734025
xgb_nowww,host_only,phiusiil,phiusiil,42,within,raw,14924,8036,0.8395140801497789,0.8946147174871806,0.3211796913887506,0.5363364858138377
xgb_nowww,host_only,phiusiil,mendeley_phishurl,42,cross,raw,60000,18933,0.6574912626436645,0.548292095081927,0.0587862462367295,0.12412190355464
xgb_nowww,host_only,phiusiil,mendeley_phishurl,42,cross,url_dedup,59776,18757,0.6553294356834882,0.5440472169920985,0.0585914591885696,0.1235805299354907
xgb_nowww,host_only,phiusiil,mendeley_phishurl,42,cross,domain_dedup,51556,13187,0.5525858957456979,0.3254450965055097,0.0097065291575036,0.0320012133161446
xgb_nowww,host_only,phiusiil,kaggle_malicious,42,cross,raw,60000,10831,0.529985534357121,0.2095332445204381,0.0044317237558858,0.0145877573631243
xgb_nowww,host_only,phiusiil,kaggle_malicious,42,cross,url_dedup,59966,10829,0.5298236574260751,0.209496690761232,0.0044325422476682,0.0145904515652414
xgb_nowww,host_only,phiusiil,kaggle_malicious,42,cross,domain_dedup,55591,9508,0.5130762120780935,0.1861163039811531,0.0042069835927639,0.0122002524190155
xgb_nowww,host_only,phiusiil,hannousse,42,cross,raw,11430,5715,0.6827887961948762,0.7373156319546548,0.1198600174978127,0.1809273840769903
xgb_nowww,host_only,phiusiil,hannousse,42,cross,url_dedup,11367,5698,0.6825642200928848,0.7377741102634887,0.1202176202176202,0.1807651807651807
xgb_nowww,host_only,phiusiil,hannousse,42,cross,domain_dedup,9512,4332,0.6205464764329031,0.6458958907030719,0.105724838411819,0.1477377654662973
xgb_nowww,host_only,phiusiil,ebbu2017,42,cross,raw,60000,30360,0.4614311071905466,0.4885094883002767,0.0067193675889328,0.0255599472990777
xgb_nowww,host_only,phiusiil,ebbu2017,42,cross,url_dedup,59963,30360,0.4613373853743147,0.4887311604036156,0.0067193675889328,0.0255599472990777
xgb_nowww,host_only,phiusiil,ebbu2017,42,cross,domain_dedup,57229,29934,0.4612594076878151,0.5036925926723973,0.0063807042159417,0.0248546802966526
xgb_nowww,host_only,phiusiil,phiusiil,43,within,raw,11624,4673,0.791900584517165,0.7873170419804476,0.194735715814252,0.4008131821099935
xgb_nowww,host_only,phiusiil,mendeley_phishurl,43,cross,raw,60000,18933,0.6568371026071844,0.547541384077479,0.0669201922569059,0.1239634500607405
xgb_nowww,host_only,phiusiil,mendeley_phishurl,43,cross,url_dedup,59776,18757,0.6546974871760757,0.5433293189228292,0.0666951004958149,0.1232073359279202
xgb_nowww,host_only,phiusiil,mendeley_phishurl,43,cross,domain_dedup,51556,13187,0.552011377791589,0.3257457364665949,0.0116781678926215,0.0316978842799727
xgb_nowww,host_only,phiusiil,kaggle_malicious,43,cross,raw,60000,10831,0.5294337564779595,0.2064463898464497,0.0011079309389714,0.0134798264241528
xgb_nowww,host_only,phiusiil,kaggle_malicious,43,cross,url_dedup,59966,10829,0.5292697738194406,0.2064079995556703,0.001108135561917,0.0134823160033244
xgb_nowww,host_only,phiusiil,kaggle_malicious,43,cross,domain_dedup,55591,9508,0.5123049511521852,0.1832975842476891,0.0002103491796381,0.0111485065208245
xgb_nowww,host_only,phiusiil,hannousse,43,cross,raw,11430,5715,0.6815864530494493,0.7368695152469729,0.1224846894138232,0.1832020997375328
xgb_nowww,host_only,phiusiil,hannousse,43,cross,url_dedup,11367,5698,0.6814017210471611,0.7373389709171043,0.1228501228501228,0.1825201825201825
xgb_nowww,host_only,phiusiil,hannousse,43,cross,domain_dedup,9512,4332,0.6190055731433848,0.6453778753060807,0.108264081255771,0.1512003693444136
xgb_nowww,host_only,phiusiil,ebbu2017,43,cross,raw,60000,30360,0.4597123546901865,0.4879587289417864,0.0078063241106719,0.0265480895915678
xgb_nowww,host_only,phiusiil,ebbu2017,43,cross,url_dedup,59963,30360,0.4596169363910478,0.4881785057184988,0.0078063241106719,0.0265480895915678
xgb_nowww,host_only,phiusiil,ebbu2017,43,cross,domain_dedup,57229,29934,0.4595440481362838,0.5030346802914379,0.0076501636934589,0.0250885280951426
xgb_nowww,host_only,phiusiil,phiusiil,44,within,raw,13064,6168,0.8517632427941835,0.8846831823694241,0.3968871595330739,0.6042477302204928
xgb_nowww,host_only,phiusiil,mendeley_phishurl,44,cross,raw,60000,18933,0.6560359672158319,0.5471489911357382,0.049648761421856,0.1234880895790418
xgb_nowww,host_only,phiusiil,mendeley_phishurl,44,cross,url_dedup,59776,18757,0.6538734873679048,0.5428780923823712,0.0493682358586127,0.1229407687796556
xgb_nowww,host_only,phiusiil,mendeley_phishurl,44,cross,domain_dedup,51556,13187,0.5503686396656219,0.32274161174122,0.0078107226814286,0.0318495487980586
xgb_nowww,host_only,phiusiil,kaggle_malicious,44,cross,raw,60000,10831,0.5295668896573563,0.2077108329785698,9.232757824762255e-05,0.0144954297848767
xgb_nowww,host_only,phiusiil,kaggle_malicious,44,cross,url_dedup,59966,10829,0.5294028491651395,0.2076714780126175,9.23446301597562e-05,0.0144981069350817
xgb_nowww,host_only,phiusiil,kaggle_malicious,44,cross,domain_dedup,55591,9508,0.5127474613196099,0.1847915649578633,0.000105174589819,0.01167437946992
xgb_nowww,host_only,phiusiil,hannousse,44,cross,raw,11430,5715,0.6808842136202791,0.736285101986568,0.0953630796150481,0.1821522309711286
xgb_nowww,host_only,phiusiil,hannousse,44,cross,url_dedup,11367,5698,0.6806529430007997,0.7367367744330312,0.0956475956475956,0.1818181818181818
xgb_nowww,host_only,phiusiil,hannousse,44,cross,domain_dedup,9512,4332,0.6179820327846643,0.6440588415080152,0.108264081255771,0.1551246537396121
xgb_nowww,host_only,phiusiil,ebbu2017,44,cross,raw,60000,30360,0.4593340385459951,0.4872859682872947,0.0073451910408432,0.0279973649538866
xgb_nowww,host_only,phiusiil,ebbu2017,44,cross,url_dedup,59963,30360,0.4592360288948032,0.4875061959400613,0.0073451910408432,0.0279973649538866
xgb_nowww,host_only,phiusiil,ebbu2017,44,cross,domain_dedup,57229,29934,0.4594742364936388,0.5026477793533985,0.0069820271263446,0.0257232578339012
xgb_nowww,host_only,phiusiil,phiusiil,45,within,raw,12349,5519,0.8364085654322867,0.8635421109823436,0.401522014857764,0.5644138430875159
xgb_nowww,host_only,phiusiil,mendeley_phishurl,45,cross,raw,60000,18933,0.6569768550107677,0.5484192781395731,0.0579411609359319,0.1236993609042412
xgb_nowww,host_only,phiusiil,mendeley_phishurl,45,cross,url_dedup,59776,18757,0.6548128559873513,0.5441489591495645,0.057525190595511,0.1231540224982673
xgb_nowww,host_only,phiusiil,mendeley_phishurl,45,cross,domain_dedup,51556,13187,0.5518169075453766,0.325828425287794,0.0120573291878365,0.0303329036171987
xgb_nowww,host_only,phiusiil,kaggle_malicious,45,cross,raw,60000,10831,0.5291945946449489,0.2066674134575199,0.0002769827347428,0.0144031022066291
xgb_nowww,host_only,phiusiil,kaggle_malicious,45,cross,url_dedup,59966,10829,0.5290333738590141,0.2066306780683121,0.0002770338904792,0.0144057623049219
xgb_nowww,host_only,phiusiil,kaggle_malicious,45,cross,domain_dedup,55591,9508,0.5123249896240427,0.1834025979857261,0.0003155237694572,0.0114640302902818
xgb_nowww,host_only,phiusiil,hannousse,45,cross,raw,11430,5715,0.6824765605086766,0.7380489163376641,0.1198600174978127,0.1779527559055118
xgb_nowww,host_only,phiusiil,hannousse,45,cross,url_dedup,11367,5698,0.6822693773214146,0.7385005954924391,0.1202176202176202,0.1783081783081783
xgb_nowww,host_only,phiusiil,hannousse,45,cross,domain_dedup,9512,4332,0.6195504764756843,0.6466626619427938,0.1101108033240997,0.1479686057248384
xgb_nowww,host_only,phiusiil,ebbu2017,45,cross,raw,60000,30360,0.4598537950575994,0.4885921068363383,0.0075428194993412,0.0253623188405797
xgb_nowww,host_only,phiusiil,ebbu2017,45,cross,url_dedup,59963,30360,0.4597623855423263,0.488816013711273,0.0075428194993412,0.0253623188405797
xgb_nowww,host_only,phiusiil,ebbu2017,45,cross,domain_dedup,57229,29934,0.4598879579405154,0.5038057947128832,0.0072158749248346,0.0266586490278612
xgb_nowww,host_only,phiusiil,phiusiil,46,within,raw,12031,5169,0.824495178670638,0.8454296838493798,0.2720061907525634,0.5269878119558908
xgb_nowww,host_only,phiusiil,mendeley_phishurl,46,cross,raw,60000,18933,0.6571460882707333,0.5516569327904601,0.0750541382770823,0.1271853377700311
xgb_nowww,host_only,phiusiil,mendeley_phishurl,46,cross,url_dedup,59776,18757,0.6549926274840343,0.5474235588537313,0.0746921149437543,0.126406141707096
xgb_nowww,host_only,phiusiil,mendeley_phishurl,46,cross,domain_dedup,51556,13187,0.5516260639820421,0.3271172568574972,0.0141806324410404,0.0327595359065746
xgb_nowww,host_only,phiusiil,kaggle_malicious,46,cross,raw,60000,10831,0.5287792416583507,0.2079292169078335,0.0014772412519619,0.0143107746283814
xgb_nowww,host_only,phiusiil,kaggle_malicious,46,cross,url_dedup,59966,10829,0.5286178202043003,0.2078883866514327,0.001477514082556,0.0143134176747622
xgb_nowww,host_only,phiusiil,kaggle_malicious,46,cross,domain_dedup,55591,9508,0.5118483535738788,0.1843028084363242,0.0010517458981909,0.0109381573411863
xgb_nowww,host_only,phiusiil,hannousse,46,cross,raw,11430,5715,0.6819222028567513,0.737501676197212,0.1238845144356955,0.1886264216972878
xgb_nowww,host_only,phiusiil,hannousse,46,cross,url_dedup,11367,5698,0.6816784534636008,0.7379357142570038,0.1242541242541242,0.1888381888381888
xgb_nowww,host_only,phiusiil,hannousse,46,cross,domain_dedup,9512,4332,0.6191048389109332,0.6452281599391313,0.1117266851338873,0.1532779316712834
xgb_nowww,host_only,phiusiil,ebbu2017,46,cross,raw,60000,30360,0.4588912286702619,0.4875333711201087,0.0063899868247694,0.0262845849802371
xgb_nowww,host_only,phiusiil,ebbu2017,46,cross,url_dedup,59963,30360,0.4587985804638164,0.4877557697445834,0.0063899868247694,0.0262845849802371
xgb_nowww,host_only,phiusiil,ebbu2017,46,cross,domain_dedup,57229,29934,0.4587327572818716,0.5024774654167802,0.0063138905592303,0.0258568851473241
xgb_nowww,host_only,mendeley_phishurl,mendeley_phishurl,42,within,raw,11979,3514,0.7162384635788129,0.6272206040596001,0.1531018782014798,0.2026180990324416
xgb_nowww,host_only,mendeley_phishurl,phiusiil,42,cross,raw,60000,25603,0.72616788097685,0.7327645006927428,0.1923212123579268,0.2825840721790415
xgb_nowww,host_only,mendeley_phishurl,phiusiil,42,cross,url_dedup,59773,25423,0.7250095659462277,0.730820608374412,0.1919128348345986,0.2819494158832553
xgb_nowww,host_only,mendeley_phishurl,phiusiil,42,cross,domain_dedup,50234,16741,0.63507997456772,0.5412068365607114,0.0863747685323457,0.1517830476076697
xgb_nowww,host_only,mendeley_phishurl,kaggle_malicious,42,cross,raw,60000,10831,0.6361031149260116,0.2800342781911449,0.0046163789123811,0.0260363770658295
xgb_nowww,host_only,mendeley_phishurl,kaggle_malicious,42,cross,url_dedup,55381,10809,0.630696390742416,0.2908869738568911,0.0043482283282449,0.0219261726339161
xgb_nowww,host_only,mendeley_phishurl,kaggle_malicious,42,cross,domain_dedup,27817,8445,0.5048635594615876,0.3174832751324289,0.0013025458851391,0.0145648312611012
xgb_nowww,host_only,mendeley_phishurl,hannousse,42,cross,raw,11430,5715,0.7186797953842822,0.7534281804837148,0.068591426071741,0.2150481189851268
xgb_nowww,host_only,mendeley_phishurl,hannousse,42,cross,url_dedup,11261,5550,0.7190796171762727,0.7499511252961053,0.0693693693693693,0.2181981981981982
xgb_nowww,host_only,mendeley_phishurl,hannousse,42,cross,domain_dedup,7961,3946,0.6742692286086325,0.7044462347509998,0.0494171312721743,0.1675114039533705
xgb_nowww,host_only,mendeley_phishurl,ebbu2017,42,cross,raw,60000,30360,0.7227174846511231,0.7281653625453656,0.0218379446640316,0.0761528326745718
xgb_nowww,host_only,mendeley_phishurl,ebbu2017,42,cross,url_dedup,56886,27260,0.7198426591740248,0.7060391361541538,0.0228906823184152,0.0756052824651504
xgb_nowww,host_only,mendeley_phishurl,ebbu2017,42,cross,domain_dedup,36481,18306,0.6648301178603508,0.6848766106601987,0.0127826941986234,0.0567027204195345
xgb_nowww,host_only,mendeley_phishurl,mendeley_phishurl,43,within,raw,12746,3709,0.7670430598176222,0.6941784558743038,0.151792936101375,0.2553248854138581
xgb_nowww,host_only,mendeley_phishurl,phiusiil,43,cross,raw,60000,25603,0.7255857774638297,0.7317128968316906,0.1872046244580713,0.2833652306370347
xgb_nowww,host_only,mendeley_phishurl,phiusiil,43,cross,url_dedup,59773,25423,0.7244271353731258,0.7297615938318215,0.1869566927585257,0.2827754395626008
xgb_nowww,host_only,mendeley_phishurl,phiusiil,43,cross,domain_dedup,50234,16741,0.6350220226609077,0.538956996728389,0.0844035601218565,0.1491547697270175
xgb_nowww,host_only,mendeley_phishurl,kaggle_malicious,43,cross,raw,60000,10831,0.634978298230824,0.2794693860948531,0.0045240513341335,0.0241898255008771
xgb_nowww,host_only,mendeley_phishurl,kaggle_malicious,43,cross,url_dedup,55381,10809,0.6295553285799979,0.2902730527242791,0.0014802479415302,0.020168378203349
xgb_nowww,host_only,mendeley_phishurl,kaggle_malicious,43,cross,domain_dedup,27817,8445,0.503924630679842,0.3165664434995821,0.0003552397868561,0.0149200710479573
xgb_nowww,host_only,mendeley_phishurl,hannousse,43,cross,raw,11430,5715,0.7229193485547465,0.7586531905666396,0.0794400699912511,0.2202974628171478
xgb_nowww,host_only,mendeley_phishurl,hannousse,43,cross,url_dedup,11261,5550,0.723372991271783,0.7553329959905883,0.0807207207207207,0.2234234234234234
xgb_nowww,host_only,mendeley_phishurl,hannousse,43,cross,domain_dedup,7961,3946,0.6792184212901569,0.7117176316766022,0.0529650278763304,0.1705524581855043
xgb_nowww,host_only,mendeley_phishurl,ebbu2017,43,cross,raw,60000,30360,0.7251646164825514,0.7325193004983783,0.0209486166007905,0.072760210803689
xgb_nowww,host_only,mendeley_phishurl,ebbu2017,43,cross,url_dedup,56886,27260,0.7223304138276748,0.710724623028278,0.0220102714600146,0.0721570066030814
xgb_nowww,host_only,mendeley_phishurl,ebbu2017,43,cross,domain_dedup,36481,18306,0.6665725536128817,0.6864036553586434,0.014967770130012,0.0609636184857423
xgb_nowww,host_only,mendeley_phishurl,mendeley_phishurl,44,within,raw,10675,3893,0.7482126953511598,0.6956511665032858,0.1477010017980991,0.2006164911379399
xgb_nowww,host_only,mendeley_phishurl,phiusiil,44,cross,raw,60000,25603,0.7246096938880457,0.7306027712094025,0.1929070812014217,0.2763738624379955
xgb_nowww,host_only,mendeley_phishurl,phiusiil,44,cross,url_dedup,59773,25423,0.7234356848069528,0.7286266720408556,0.192542186209338,0.2758132399795461
xgb_nowww,host_only,mendeley_phishurl,phiusiil,44,cross,domain_dedup,50234,16741,0.6331533411859409,0.5369429304261647,0.0866137028851323,0.1433008780837465
xgb_nowww,host_only,mendeley_phishurl,kaggle_malicious,44,cross,raw,60000,10831,0.6345397990363857,0.2780159632634938,0.0020312067214476,0.0261287046440771
xgb_nowww,host_only,mendeley_phishurl,kaggle_malicious,44,cross,url_dedup,55381,10809,0.6291301676511476,0.288836075222844,0.0019428254232583,0.0218336571375705
xgb_nowww,host_only,mendeley_phishurl,kaggle_malicious,44,cross,domain_dedup,27817,8445,0.5033633504718376,0.3150963865189419,0.0002368265245707,0.0149200710479573
xgb_nowww,host_only,mendeley_phishurl,hannousse,44,cross,raw,11430,5715,0.7202377589940364,0.7558374573782891,0.074015748031496,0.2131233595800525
xgb_nowww,host_only,mendeley_phishurl,hannousse,44,cross,url_dedup,11261,5550,0.7206389912938679,0.7523509633881742,0.0749549549549549,0.216036036036036
xgb_nowww,host_only,mendeley_phishurl,hannousse,44,cross,domain_dedup,7961,3946,0.675029492166666,0.7059557288624428,0.0547389761784085,0.1695387734414597
xgb_nowww,host_only,mendeley_phishurl,ebbu2017,44,cross,raw,60000,30360,0.7239453081243699,0.7322446716929043,0.0220026350461133,0.0760869565217391
xgb_nowww,host_only,mendeley_phishurl,ebbu2017,44,cross,url_dedup,56886,27260,0.7211301317738642,0.710505952825032,0.0231107850330154,0.0756786500366837
xgb_nowww,host_only,mendeley_phishurl,ebbu2017,44,cross,domain_dedup,36481,18306,0.6664842744413291,0.6865273010395447,0.0135474707746094,0.0645689937725336
xgb_nowww,host_only,mendeley_phishurl,mendeley_phishurl,45,within,raw,13399,3390,0.7079353655456402,0.572733535834332,0.0749262536873156,0.168141592920354
xgb_nowww,host_only,mendeley_phishurl,phiusiil,45,cross,raw,60000,25603,0.7250895725393931,0.7300564037262777,0.1803694879506308,0.2730148810686247
xgb_nowww,host_only,mendeley_phishurl,phiusiil,45,cross,url_dedup,59773,25423,0.7239380391204403,0.7281066139283657,0.1799158242536286,0.2723911418794005
xgb_nowww,host_only,mendeley_phishurl,phiusiil,45,cross,domain_dedup,50234,16741,0.6346783998132014,0.5356628125791638,0.076279792127113,0.1398960635565378
xgb_nowww,host_only,mendeley_phishurl,kaggle_malicious,45,cross,raw,60000,10831,0.6353983418617404,0.2781163662341397,0.0018465515649524,0.0225279290924199
xgb_nowww,host_only,mendeley_phishurl,kaggle_malicious,45,cross,url_dedup,55381,10809,0.6299714760353025,0.2889554047870767,0.0015727634378758,0.0210935331668054
xgb_nowww,host_only,mendeley_phishurl,kaggle_malicious,45,cross,domain_dedup,27817,8445,0.5041008385629672,0.3151326467771701,0.0003552397868561,0.0146832445233866
xgb_nowww,host_only,mendeley_phishurl,hannousse,45,cross,raw,11430,5715,0.7183546391784142,0.7532730486713435,0.0727909011373578,0.2083989501312336
xgb_nowww,host_only,mendeley_phishurl,hannousse,45,cross,url_dedup,11261,5550,0.7187521000250819,0.749735763449896,0.0736936936936936,0.2115315315315315
xgb_nowww,host_only,mendeley_phishurl,hannousse,45,cross,domain_dedup,7961,3946,0.671896158538779,0.702479272229787,0.0463760770400405,0.1713127217435377
xgb_nowww,host_only,mendeley_phishurl,ebbu2017,45,cross,raw,60000,30360,0.7247998356207739,0.7321656890805962,0.0174242424242424,0.0749670619235836
xgb_nowww,host_only,mendeley_phishurl,ebbu2017,45,cross,url_dedup,56886,27260,0.7219177410494707,0.7101705887783359,0.0183785766691122,0.0738444607483492
xgb_nowww,host_only,mendeley_phishurl,ebbu2017,45,cross,domain_dedup,36481,18306,0.6662352960094111,0.6854046186593536,0.0148585163334425,0.0603627226046105
xgb_nowww,host_only,mendeley_phishurl,mendeley_phishurl,46,within,raw,10950,3747,0.7513535656143037,0.7196487673538395,0.1411796103549506,0.2954363490792634
xgb_nowww,host_only,mendeley_phishurl,phiusiil,46,cross,raw,60000,25603,0.7256012339410374,0.7310625634261051,0.1935320079678162,0.2723899543022302
xgb_nowww,host_only,mendeley_phishurl,phiusiil,46,cross,url_dedup,59773,25423,0.7244453277044403,0.7291219871620758,0.1931715375840774,0.271919128348346
xgb_nowww,host_only,mendeley_phishurl,phiusiil,46,cross,domain_dedup,50234,16741,0.6345987930761892,0.5377605379056941,0.0864345021205423,0.1456902216116122
xgb_nowww,host_only,mendeley_phishurl,kaggle_malicious,46,cross,raw,60000,10831,0.6352674695053054,0.2790556688688604,0.0046163789123811,0.024928446126858
xgb_nowww,host_only,mendeley_phishurl,kaggle_malicious,46,cross,url_dedup,55381,10809,0.6298187565550317,0.2898886013898102,0.0046257748172818,0.0215561106485336
xgb_nowww,host_only,mendeley_phishurl,kaggle_malicious,46,cross,domain_dedup,27817,8445,0.5048006149763314,0.3168620121180328,0.0013025458851391,0.0142095914742451
xgb_nowww,host_only,mendeley_phishurl,hannousse,46,cross,raw,11430,5715,0.7229158122513776,0.7585130231755204,0.0720909886264217,0.2132983377077865
xgb_nowww,host_only,mendeley_phishurl,hannousse,46,cross,url_dedup,11261,5550,0.7234110401769306,0.7551707181721594,0.0731531531531531,0.2165765765765765
xgb_nowww,host_only,mendeley_phishurl,hannousse,46,cross,domain_dedup,7961,3946,0.678615954236489,0.7104115503679733,0.053978712620375,0.1685250886974151
xgb_nowww,host_only,mendeley_phishurl,ebbu2017,46,cross,raw,60000,30360,0.7249358668759411,0.7325269789723402,0.0215744400527009,0.0738471673254281
xgb_nowww,host_only,mendeley_phishurl,ebbu2017,46,cross,url_dedup,56886,27260,0.7220085967546799,0.7105423448893866,0.0225972120322817,0.0731107850330154
xgb_nowww,host_only,mendeley_phishurl,ebbu2017,46,cross,domain_dedup,36481,18306,0.6647049779305828,0.6851436239957092,0.0147492625368731,0.0617283950617283
xgb_nowww,host_only,kaggle_malicious,kaggle_malicious,42,within,raw,12523,2109,0.5895860407120553,0.2742698664972747,0.0199146514935988,0.0431484115694642
xgb_nowww,host_only,kaggle_malicious,phiusiil,42,cross,raw,60000,25603,0.6202350749183978,0.6134569743679896,0.0143733156270749,0.1229933992110299
xgb_nowww,host_only,kaggle_malicious,phiusiil,42,cross,url_dedup,59966,25601,0.6201360805229622,0.6135285117800271,0.0143744384984961,0.1229639467208312
xgb_nowww,host_only,kaggle_malicious,phiusiil,42,cross,domain_dedup,52752,19367,0.6353969713237662,0.5700382329346456,0.014715753601487,0.1317189032891
xgb_nowww,host_only,kaggle_malicious,mendeley_phishurl,42,cross,raw,60000,18933,0.7651998794667432,0.6518277111439268,0.0635926688850155,0.1580309512491417
xgb_nowww,host_only,kaggle_malicious,mendeley_phishurl,42,cross,url_dedup,55379,18909,0.7641445202393239,0.6709819822832521,0.059971442170395,0.1543709344756465
xgb_nowww,host_only,kaggle_malicious,mendeley_phishurl,42,cross,domain_dedup,28121,15987,0.6624066406807022,0.753713825385159,0.0598611371739538,0.1377994620629261
xgb_nowww,host_only,kaggle_malicious,hannousse,42,cross,raw,11430,5715,0.6715562107667425,0.712776121809356,0.0083989501312335,0.1641294838145232
xgb_nowww,host_only,kaggle_malicious,hannousse,42,cross,url_dedup,11033,5320,0.6686358048982074,0.6973525194493058,0.0084586466165413,0.16296992481203
xgb_nowww,host_only,kaggle_malicious,hannousse,42,cross,domain_dedup,7697,3663,0.6246081458029895,0.6538684157367822,0.0109200109200109,0.1526071526071526
xgb_nowww,host_only,kaggle_malicious,ebbu2017,42,cross,raw,60000,30360,0.633522514464305,0.6124281541323657,0.000592885375494,0.0245388669301712
xgb_nowww,host_only,kaggle_malicious,ebbu2017,42,cross,url_dedup,59950,30325,0.6333844543465481,0.6120790164020651,0.000593569661995,0.0245012366034624
xgb_nowww,host_only,kaggle_malicious,ebbu2017,42,cross,domain_dedup,46489,28616,0.5800833067672306,0.6809630240703064,0.0050670953312831,0.022400055912776
xgb_nowww,host_only,kaggle_malicious,kaggle_malicious,43,within,raw,13894,1917,0.6002164250738101,0.2297411326588033,0.0151278038601982,0.038601982263954
xgb_nowww,host_only,kaggle_malicious,phiusiil,43,cross,raw,60000,25603,0.6229076096308075,0.6145711172139212,0.0152716478537671,0.1231105729797289
xgb_nowww,host_only,kaggle_malicious,phiusiil,43,cross,url_dedup,59966,25601,0.622806969684916,0.6146436783397462,0.0152728409046521,0.1230811296433733
xgb_nowww,host_only,kaggle_malicious,phiusiil,43,cross,domain_dedup,52752,19367,0.6379146466107599,0.5729424566959389,0.0164713171890328,0.1341973460009294
xgb_nowww,host_only,kaggle_malicious,mendeley_phishurl,43,cross,raw,60000,18933,0.768787643227018,0.6569930163015378,0.0764274018908783,0.1594042148629377
xgb_nowww,host_only,kaggle_malicious,mendeley_phishurl,43,cross,url_dedup,55379,18909,0.7677229378935723,0.6758474581951839,0.0756782484531175,0.1562747897826432
xgb_nowww,host_only,kaggle_malicious,mendeley_phishurl,43,cross,domain_dedup,28121,15987,0.6687524071937095,0.7588557936030482,0.0759992493901294,0.1364858947895164
xgb_nowww,host_only,kaggle_malicious,hannousse,43,cross,raw,11430,5715,0.6731240943963369,0.7138620587783424,0.0089238845144356,0.1590551181102362
xgb_nowww,host_only,kaggle_malicious,hannousse,43,cross,url_dedup,11033,5320,0.6702724231373112,0.6987226496012094,0.0092105263157894,0.1586466165413534
xgb_nowww,host_only,kaggle_malicious,hannousse,43,cross,domain_dedup,7697,3663,0.6222801315761157,0.6514208163419087,0.009009009009009,0.1528801528801529
xgb_nowww,host_only,kaggle_malicious,ebbu2017,43,cross,raw,60000,30360,0.6352377359006364,0.6179463626052301,0.000691699604743,0.0244400527009222
xgb_nowww,host_only,kaggle_malicious,ebbu2017,43,cross,url_dedup,59950,30325,0.6350952885234153,0.6175928882115397,0.0006924979389942,0.0243033800494641
xgb_nowww,host_only,kaggle_malicious,ebbu2017,43,cross,domain_dedup,46489,28616,0.5810411020375942,0.6836572226380344,0.0037391668996365,0.0213866368465194
xgb_nowww,host_only,kaggle_malicious,kaggle_malicious,44,within,raw,9851,1934,0.6130638727365183,0.3289338809168245,0.0196483971044467,0.0698035160289555
xgb_nowww,host_only,kaggle_malicious,phiusiil,44,cross,raw,60000,25603,0.6202974146426805,0.6113307819011726,0.0256610553450767,0.1188532593836659
xgb_nowww,host_only,kaggle_malicious,phiusiil,44,cross,url_dedup,59966,25601,0.6201910244746698,0.6114083913955196,0.0256630600367173,0.1188625444318581
xgb_nowww,host_only,kaggle_malicious,phiusiil,44,cross,domain_dedup,52752,19367,0.6345059743549202,0.5694381437010834,0.0300511178809314,0.132183611297568
xgb_nowww,host_only,kaggle_malicious,mendeley_phishurl,44,cross,raw,60000,18933,0.7687711234268346,0.6545001000400302,0.0579939787672318,0.1546506100459515
xgb_nowww,host_only,kaggle_malicious,mendeley_phishurl,44,cross,url_dedup,55379,18909,0.7676653032462942,0.6734755448078716,0.0572743138188164,0.1516209212544291
xgb_nowww,host_only,kaggle_malicious,mendeley_phishurl,44,cross,domain_dedup,28121,15987,0.6656190615316679,0.7554069685433035,0.056733596046788,0.1359854882091699
xgb_nowww,host_only,kaggle_malicious,hannousse,44,cross,raw,11430,5715,0.6753313600454363,0.716755843905899,0.005774278215223,0.1618547681539807
xgb_nowww,host_only,kaggle_malicious,hannousse,44,cross,url_dedup,11033,5320,0.6722762621589857,0.7016366391757946,0.0060150375939849,0.1614661654135338
xgb_nowww,host_only,kaggle_malicious,hannousse,44,cross,domain_dedup,7697,3663,0.6245054492451617,0.6548429405215357,0.0095550095550095,0.1517881517881517
xgb_nowww,host_only,kaggle_malicious,ebbu2017,44,cross,raw,60000,30360,0.6340500576527465,0.6160127428573092,0.000395256916996,0.0178194993412384
xgb_nowww,host_only,kaggle_malicious,ebbu2017,44,cross,url_dedup,59950,30325,0.6339111395883554,0.615671900826477,0.0003957131079967,0.0177741137675185
xgb_nowww,host_only,kaggle_malicious,ebbu2017,44,cross,domain_dedup,46489,28616,0.5790310826295447,0.6829243863999149,0.0029004752585965,0.0186259435280961
xgb_nowww,host_only,kaggle_malicious,kaggle_malicious,45,within,raw,12371,1941,0.6122175362058975,0.2819495902849661,0.0180319422977846,0.0551262235960844
xgb_nowww,host_only,kaggle_malicious,phiusiil,45,cross,raw,60000,25603,0.6217759592008775,0.6151370146361718,0.0268327930320665,0.1193219544584619
xgb_nowww,host_only,kaggle_malicious,phiusiil,45,cross,url_dedup,59966,25601,0.6216776074051332,0.6152164332512828,0.0268348892621381,0.1193312761220264
xgb_nowww,host_only,kaggle_malicious,phiusiil,45,cross,domain_dedup,52752,19367,0.637114099623613,0.5734320394453583,0.0315485103526617,0.1339391748851138
xgb_nowww,host_only,kaggle_malicious,mendeley_phishurl,45,cross,raw,60000,18933,0.7686193070483422,0.6556668479165961,0.0769027623725769,0.1542808852268526
xgb_nowww,host_only,kaggle_malicious,mendeley_phishurl,45,cross,url_dedup,55379,18909,0.7675287487705211,0.6745382851284105,0.0756253635834787,0.1516209212544291
xgb_nowww,host_only,kaggle_malicious,mendeley_phishurl,45,cross,domain_dedup,28121,15987,0.6683232582382203,0.7571514415470271,0.0527303434040157,0.1352348783386501
xgb_nowww,host_only,kaggle_malicious,hannousse,45,cross,raw,11430,5715,0.6729668437114652,0.7137215837853452,0.0099737532808398,0.1574803149606299
xgb_nowww,host_only,kaggle_malicious,hannousse,45,cross,url_dedup,11033,5320,0.6699582406041359,0.6984948587731099,0.0101503759398496,0.1578947368421052
xgb_nowww,host_only,kaggle_malicious,hannousse,45,cross,domain_dedup,7697,3663,0.6227339590006918,0.6504482780250187,0.0076440076440076,0.1485121485121485
xgb_nowww,host_only,kaggle_malicious,ebbu2017,45,cross,raw,60000,30360,0.6337468334329032,0.6136155376732767,0.0004611330698287,0.0202569169960474
xgb_nowww,host_only,kaggle_malicious,ebbu2017,45,cross,url_dedup,59950,30325,0.6336012060623136,0.6132505152320813,0.0004616652926628,0.0200824402308326
xgb_nowww,host_only,kaggle_malicious,ebbu2017,45,cross,domain_dedup,46489,28616,0.5801843540235685,0.679580238634587,0.0040187307799832,0.0176125244618395
xgb_nowww,host_only,kaggle_malicious,kaggle_malicious,46,within,raw,10545,2082,0.5922426865068866,0.3117430385289866,0.0201729106628242,0.0605187319884726
xgb_nowww,host_only,kaggle_malicious,phiusiil,46,cross,raw,60000,25603,0.6274235029823002,0.620205294532374,0.02413779635199,0.128500566339882
xgb_nowww,host_only,kaggle_malicious,phiusiil,46,cross,url_dedup,59966,25601,0.6273204240479362,0.6202771986349048,0.0241396820436701,0.1284715440803093
xgb_nowww,host_only,kaggle_malicious,phiusiil,46,cross,domain_dedup,52752,19367,0.6387658897903272,0.5747086665260412,0.0272112356069602,0.1377601073991841
xgb_nowww,host_only,kaggle_malicious,mendeley_phishurl,46,cross,raw,60000,18933,0.768493883508774,0.6560801811818596,0.0794380182749696,0.1580309512491417
xgb_nowww,host_only,kaggle_malicious,mendeley_phishurl,46,cross,url_dedup,55379,18909,0.767317602267005,0.6748696096794403,0.0792215347189169,0.1516209212544291
xgb_nowww,host_only,kaggle_malicious,mendeley_phishurl,46,cross,domain_dedup,28121,15987,0.666812836814451,0.7571439342550461,0.0598611371739538,0.1379245637080127
xgb_nowww,host_only,kaggle_malicious,hannousse,46,cross,raw,11430,5715,0.6742378309447976,0.7167655431308757,0.0089238845144356,0.163079615048119
xgb_nowww,host_only,kaggle_malicious,hannousse,46,cross,url_dedup,11033,5320,0.6711820027927337,0.7015439414775336,0.0090225563909774,0.1635338345864661
xgb_nowww,host_only,kaggle_malicious,hannousse,46,cross,domain_dedup,7697,3663,0.6246490890764564,0.6547922960297814,0.0745290745290745,0.1496041496041496
xgb_nowww,host_only,kaggle_malicious,ebbu2017,46,cross,raw,60000,30360,0.635177610575923,0.6153735864110761,0.000494071146245,0.0190052700922266
xgb_nowww,host_only,kaggle_malicious,ebbu2017,46,cross,url_dedup,59950,30325,0.6350593470872857,0.6150288198112372,0.0004946413849958,0.0188623248145094
xgb_nowww,host_only,kaggle_malicious,ebbu2017,46,cross,domain_dedup,46489,28616,0.5821325144680527,0.6818238128095865,0.0047176404808498,0.0200587084148727
xgb_nowww,host_only,hannousse,hannousse,42,within,raw,1939,907,0.6605770792201909,0.683977945529842,0.0793825799338478,0.1885336273428886
xgb_nowww,host_only,hannousse,phiusiil,42,cross,raw,60000,25603,0.736574453310777,0.7595849830635499,0.1817755731750185,0.3590204272936765
xgb_nowww,host_only,hannousse,phiusiil,42,cross,url_dedup,59936,25585,0.7365090352036969,0.7596044350152503,0.1819034590580418,0.3590775845221809
xgb_nowww,host_only,hannousse,phiusiil,42,cross,domain_dedup,53925,19850,0.6809077331638056,0.6522470284130684,0.1218639798488665,0.2491183879093199
xgb_nowww,host_only,hannousse,mendeley_phishurl,42,cross,raw,60000,18933,0.7190712007194873,0.6088653770490668,0.0531347382876459,0.1721333122062008
xgb_nowww,host_only,hannousse,mendeley_phishurl,42,cross,url_dedup,59839,18776,0.7189529818102668,0.6073997412038573,0.0531529612270984,0.1726139752876012
xgb_nowww,host_only,hannousse,mendeley_phishurl,42,cross,domain_dedup,46321,16337,0.6688236970553971,0.5926074311791025,0.0500703923608985,0.1444573667135949
xgb_nowww,host_only,hannousse,kaggle_malicious,42,cross,raw,60000,10831,0.5715321878312973,0.2352252894524513,9.232757824762255e-05,0.018834825962515
xgb_nowww,host_only,hannousse,kaggle_malicious,42,cross,url_dedup,59648,10482,0.5635374161991296,0.2233750448784997,9.540164090822362e-05,0.0188895248998282
xgb_nowww,host_only,hannousse,kaggle_malicious,42,cross,domain_dedup,45927,8736,0.5530626313817307,0.2285479807900778,0.0001144688644688,0.0154532967032967
xgb_nowww,host_only,hannousse,ebbu2017,42,cross,raw,60000,30360,0.7004749006079098,0.6925536494672622,0.0167325428194993,0.0534584980237154
xgb_nowww,host_only,hannousse,ebbu2017,42,cross,url_dedup,54857,29276,0.6861676368214581,0.6992254351110773,0.0154734253313294,0.0449856537778385
xgb_nowww,host_only,hannousse,ebbu2017,42,cross,domain_dedup,42403,27806,0.6064428054010738,0.7419694290420034,0.0125512479321009,0.0323311515500251
xgb_nowww,host_only,hannousse,hannousse,43,within,raw,2229,1037,0.6591981742636542,0.6704509633274776,0.0520732883317261,0.1253616200578592
xgb_nowww,host_only,hannousse,phiusiil,43,cross,raw,60000,25603,0.737150242855129,0.760792785691526,0.1756044213568722,0.3565207202280983
xgb_nowww,host_only,hannousse,phiusiil,43,cross,url_dedup,59936,25585,0.7370844847095674,0.7608104743871383,0.175688880203244,0.3565761188196208
xgb_nowww,host_only,hannousse,phiusiil,43,cross,domain_dedup,53925,19850,0.6823490285726957,0.6543083008131159,0.109168765743073,0.2461964735516373
xgb_nowww,host_only,hannousse,mendeley_phishurl,43,cross,raw,60000,18933,0.7193962007309659,0.608821668831029,0.0535044631067448,0.1351080124650082
xgb_nowww,host_only,hannousse,mendeley_phishurl,43,cross,url_dedup,59839,18776,0.7193097819357684,0.6073800027071157,0.0535257775884107,0.1353855986365573
xgb_nowww,host_only,hannousse,mendeley_phishurl,43,cross,domain_dedup,46321,16337,0.669623121599235,0.5927217345475809,0.0488461773887494,0.1200954887678276
xgb_nowww,host_only,hannousse,kaggle_malicious,43,cross,raw,60000,10831,0.5700711666696545,0.2358905173837689,0.0001846551564952,0.0220662912011817
xgb_nowww,host_only,hannousse,kaggle_malicious,43,cross,url_dedup,59648,10482,0.5620590545898024,0.2240340136055231,0.0001908032818164,0.0221331806907078
xgb_nowww,host_only,hannousse,kaggle_malicious,43,cross,domain_dedup,45927,8736,0.5531937776558451,0.229531475643445,0.0001144688644688,0.0169413919413919
xgb_nowww,host_only,hannousse,ebbu2017,43,cross,raw,60000,30360,0.7014097157768496,0.6929682109261158,0.0172595520421607,0.0560935441370223
xgb_nowww,host_only,hannousse,ebbu2017,43,cross,url_dedup,54857,29276,0.6872249990958852,0.6998619293096567,0.0161565787675912,0.050553354283372
xgb_nowww,host_only,hannousse,ebbu2017,43,cross,domain_dedup,42403,27806,0.6076034566924808,0.7427672565188177,0.0135582248435589,0.0317557361720492
xgb_nowww,host_only,hannousse,hannousse,44,within,raw,2670,1384,0.7421978240545133,0.7947817529273158,0.1315028901734104,0.2218208092485549
xgb_nowww,host_only,hannousse,phiusiil,44,cross,raw,60000,25603,0.7367768250622385,0.7588434601934071,0.1681834160059368,0.3582002109127836
xgb_nowww,host_only,hannousse,phiusiil,44,cross,url_dedup,59936,25585,0.736709523254076,0.7588633106368246,0.1683017393003713,0.3582567910885284
xgb_nowww,host_only,hannousse,phiusiil,44,cross,domain_dedup,53925,19850,0.6818092265727363,0.651605871354836,0.1114861460957178,0.2462468513853904
xgb_nowww,host_only,hannousse,mendeley_phishurl,44,cross,raw,60000,18933,0.7185624405187679,0.606037237290282,0.0537157344319442,0.1581365869117414
xgb_nowww,host_only,hannousse,mendeley_phishurl,44,cross,url_dedup,59839,18776,0.7184225556237118,0.6045412808881865,0.0537388155091606,0.1585002130379207
xgb_nowww,host_only,hannousse,mendeley_phishurl,44,cross,domain_dedup,46321,16337,0.669839215915461,0.5900344676611371,0.048662545142927,0.1234008691926302
xgb_nowww,host_only,hannousse,kaggle_malicious,44,cross,raw,60000,10831,0.5707894520944187,0.2354746280965743,9.232757824762255e-05,0.0193887914320007
xgb_nowww,host_only,hannousse,kaggle_malicious,44,cross,url_dedup,59648,10482,0.562723412166531,0.2235843769595916,9.540164090822362e-05,0.0195573363861858
xgb_nowww,host_only,hannousse,kaggle_malicious,44,cross,domain_dedup,45927,8736,0.5544112131706408,0.2289955122719,0.0001144688644688,0.0137362637362637
xgb_nowww,host_only,hannousse,ebbu2017,44,cross,raw,60000,30360,0.6990759347123763,0.692214554611966,0.0187088274044795,0.0580039525691699
xgb_nowww,host_only,hannousse,ebbu2017,44,cross,url_dedup,54857,29276,0.6847485986007632,0.698957905661469,0.0179327777018718,0.0523637108894657
xgb_nowww,host_only,hannousse,ebbu2017,44,cross,domain_dedup,42403,27806,0.6055578066355886,0.7424923542113147,0.0120117960152485,0.0336977630727181
xgb_nowww,host_only,hannousse,hannousse,45,within,raw,2161,824,0.5939304049785421,0.5487016850641453,0.0679611650485436,0.1092233009708737
xgb_nowww,host_only,hannousse,phiusiil,45,cross,raw,60000,25603,0.7364127166969405,0.7587542902482465,0.1800570245674335,0.3532789126274265
xgb_nowww,host_only,hannousse,phiusiil,45,cross,url_dedup,59936,25585,0.7363461260755831,0.7587714345633214,0.1801837013875317,0.3533320304866132
xgb_nowww,host_only,hannousse,phiusiil,45,cross,domain_dedup,53925,19850,0.6812007961397938,0.651369418249899,0.1172795969773299,0.2441309823677581
xgb_nowww,host_only,hannousse,mendeley_phishurl,45,cross,raw,60000,18933,0.7200535992630562,0.6103485653166101,0.0527121956372471,0.1569745946231447
xgb_nowww,host_only,hannousse,mendeley_phishurl,45,cross,url_dedup,59839,18776,0.7199345941209709,0.608900137454389,0.0527801448657861,0.1573817639539838
xgb_nowww,host_only,hannousse,mendeley_phishurl,45,cross,domain_dedup,46321,16337,0.671066384861504,0.5943348251272288,0.0455407969639468,0.1260329313827508
xgb_nowww,host_only,hannousse,kaggle_malicious,45,cross,raw,60000,10831,0.5716503815526506,0.2366549741037345,0.0003693103129904,0.0196657741667436
xgb_nowww,host_only,hannousse,kaggle_malicious,45,cross,url_dedup,59648,10482,0.5635974928822878,0.2247083651214321,0.0003816065636328,0.019652738027094
xgb_nowww,host_only,hannousse,kaggle_malicious,45,cross,domain_dedup,45927,8736,0.5549472540793525,0.2297385227068389,0.0003434065934065,0.0154532967032967
xgb_nowww,host_only,hannousse,ebbu2017,45,cross,raw,60000,30360,0.7000489570498152,0.6931885079903719,0.0177865612648221,0.0583333333333333
xgb_nowww,host_only,hannousse,ebbu2017,45,cross,url_dedup,54857,29276,0.6856665614950603,0.6999149992924225,0.0153026369722639,0.0485038939745866
xgb_nowww,host_only,hannousse,ebbu2017,45,cross,domain_dedup,42403,27806,0.606526904514845,0.7429065340885879,0.0109328921815435,0.0360353880457455
xgb_nowww,host_only,hannousse,hannousse,46,within,raw,1923,910,0.6764652918650944,0.7043374635182923,0.1593406593406593,0.1813186813186813
xgb_nowww,host_only,hannousse,phiusiil,46,cross,raw,60000,25603,0.7365807922605281,0.7589351472967348,0.1780260125766511,0.3476155138069757
xgb_nowww,host_only,hannousse,phiusiil,46,cross,url_dedup,59936,25585,0.7365108608427431,0.7589494227110136,0.1781512605042017,0.3476646472542505
xgb_nowww,host_only,hannousse,phiusiil,46,cross,domain_dedup,53925,19850,0.6823209840494834,0.6521916694453281,0.1179345088161209,0.2386397984886649
xgb_nowww,host_only,hannousse,mendeley_phishurl,46,cross,raw,60000,18933,0.7226893398451584,0.6108199282474001,0.0551946337083399,0.1519040828183595
xgb_nowww,host_only,hannousse,mendeley_phishurl,46,cross,url_dedup,59839,18776,0.722586274988246,0.6093682428495842,0.0552833404345973,0.1522688538559863
xgb_nowww,host_only,hannousse,mendeley_phishurl,46,cross,domain_dedup,46321,16337,0.6726129565729009,0.5935968647709442,0.0460304829528065,0.1235845014384525
xgb_nowww,host_only,hannousse,kaggle_malicious,46,cross,raw,60000,10831,0.5734953238773386,0.2366304558236512,0.0002769827347428,0.0232665497184008
xgb_nowww,host_only,hannousse,kaggle_malicious,46,cross,url_dedup,59648,10482,0.5655190386367759,0.2247420254467894,0.0002862049227246,0.023468803663423
xgb_nowww,host_only,hannousse,kaggle_malicious,46,cross,domain_dedup,45927,8736,0.5531280775568709,0.2289165606049656,0.0001144688644688,0.0164835164835164
xgb_nowww,host_only,hannousse,ebbu2017,46,cross,raw,60000,30360,0.699950709013209,0.6926483888792534,0.0174901185770751,0.0539196310935441
xgb_nowww,host_only,hannousse,ebbu2017,46,cross,url_dedup,54857,29276,0.6855852612689218,0.6993380934935536,0.0161224210957781,0.0454638611832217
xgb_nowww,host_only,hannousse,ebbu2017,46,cross,domain_dedup,42403,27806,0.6061975507091824,0.7425434711415246,0.011040782564914,0.0325828957778896
xgb_nowww,host_only,ebbu2017,ebbu2017,42,within,raw,11279,5871,0.6780812587747015,0.7200100736030841,0.030488843467893,0.0941917901549991
xgb_nowww,host_only,ebbu2017,phiusiil,42,cross,raw,60000,25603,0.5130172493434009,0.4980657357021188,0.0147638948560715,0.0399171972034527
xgb_nowww,host_only,ebbu2017,phiusiil,42,cross,url_dedup,59970,25601,0.5129402350876928,0.4981639520475922,0.0147650482403031,0.0399203156126713
xgb_nowww,host_only,ebbu2017,phiusiil,42,cross,domain_dedup,57759,24235,0.511395599510392,0.4891918069678255,0.0132865690117598,0.03853930266144
xgb_nowww,host_only,ebbu2017,mendeley_phishurl,42,cross,raw,60000,18933,0.697774376431368,0.5931939824683778,0.0385570168488881,0.1615697459462314
xgb_nowww,host_only,ebbu2017,mendeley_phishurl,42,cross,url_dedup,58479,17422,0.6869661858447575,0.5672206456682617,0.0379979336471128,0.1590517736195614
xgb_nowww,host_only,ebbu2017,mendeley_phishurl,42,cross,domain_dedup,40743,14899,0.6401915328054383,0.5917310403291844,0.0356399758373045,0.1249748305255386
xgb_nowww,host_only,ebbu2017,kaggle_malicious,42,cross,raw,60000,10831,0.5492728225369513,0.2267339849103056,0.0006462930477333,0.0228972394054103
xgb_nowww,host_only,ebbu2017,kaggle_malicious,42,cross,url_dedup,59967,10805,0.5489925609485218,0.2260910432637974,0.0006478482184173,0.0228597871355853
xgb_nowww,host_only,ebbu2017,kaggle_malicious,42,cross,domain_dedup,40491,8094,0.5396685043738512,0.2385894739686282,0.0006177415369409,0.012478379046207
xgb_nowww,host_only,ebbu2017,hannousse,42,cross,raw,11430,5715,0.6562016274649833,0.6941050611538264,0.0911636045494313,0.1296587926509186
xgb_nowww,host_only,ebbu2017,hannousse,42,cross,url_dedup,7982,5177,0.55653450731795,0.7386845660133035,0.0925246281630287,0.1205331272937995
xgb_nowww,host_only,ebbu2017,hannousse,42,cross,domain_dedup,6546,4429,0.5271621968532431,0.7515127229461243,0.107699254910815,0.1372770377060284
xgb_nowww,host_only,ebbu2017,ebbu2017,43,within,raw,11844,5990,0.7178914378992889,0.7405256681156407,0.0111853088480801,0.13889816360601
xgb_nowww,host_only,ebbu2017,phiusiil,43,cross,raw,60000,25603,0.5102614413271053,0.4949444747326864,0.0112096238722024,0.035855173221888
xgb_nowww,host_only,ebbu2017,phiusiil,43,cross,url_dedup,59970,25601,0.5101823415349586,0.4950421281521824,0.0112104995898597,0.0358579742978789
xgb_nowww,host_only,ebbu2017,phiusiil,43,cross,domain_dedup,57759,24235,0.507670242778257,0.4861005829980902,0.0108520734474932,0.0347431400866515
xgb_nowww,host_only,ebbu2017,mendeley_phishurl,43,cross,raw,60000,18933,0.6976633061924379,0.591921515800106,0.0385570168488881,0.1536470712512544
xgb_nowww,host_only,ebbu2017,mendeley_phishurl,43,cross,url_dedup,58479,17422,0.6868587071203207,0.5657482710195239,0.0376535414992538,0.1506141659970152
xgb_nowww,host_only,ebbu2017,mendeley_phishurl,43,cross,domain_dedup,40743,14899,0.6374079172251184,0.5887655842817748,0.0357070944358681,0.1380629572454527
xgb_nowww,host_only,ebbu2017,kaggle_malicious,43,cross,raw,60000,10831,0.5484233051647247,0.2269634930455737,0.0004616378912381,0.0209583602622103
xgb_nowww,host_only,ebbu2017,kaggle_malicious,43,cross,url_dedup,59967,10805,0.5481354469911552,0.2263023448330908,0.0004627487274409,0.0208236927348449
xgb_nowww,host_only,ebbu2017,kaggle_malicious,43,cross,domain_dedup,40491,8094,0.5388744766358011,0.2387579033151637,0.0004941932295527,0.0123548307388188
xgb_nowww,host_only,ebbu2017,hannousse,43,cross,raw,11430,5715,0.6584015908772558,0.6957500818768019,0.100262467191601,0.1361329833770778
xgb_nowww,host_only,ebbu2017,hannousse,43,cross,url_dedup,7982,5177,0.5597540816245721,0.740419616838113,0.0878887386517288,0.1214989376086536
xgb_nowww,host_only,ebbu2017,hannousse,43,cross,domain_dedup,6546,4429,0.5299393901128102,0.7529607293969991,0.1022804244750508,0.136825468503048
xgb_nowww,host_only,ebbu2017,ebbu2017,44,within,raw,13276,6081,0.7697674171444362,0.7366343000814498,0.0383160664364413,0.1386285150468673
xgb_nowww,host_only,ebbu2017,phiusiil,44,cross,raw,60000,25603,0.5087372625759712,0.4865960950705184,0.0109362184119048,0.0358161152989884
xgb_nowww,host_only,ebbu2017,phiusiil,44,cross,url_dedup,59970,25601,0.5086623776408505,0.4866970179835956,0.0109370727705949,0.0358189133236982
xgb_nowww,host_only,ebbu2017,phiusiil,44,cross,domain_dedup,57759,24235,0.5063278334700836,0.4778860020557166,0.0106870229007633,0.0349907159067464
xgb_nowww,host_only,ebbu2017,mendeley_phishurl,44,cross,raw,60000,18933,0.701606757218065,0.5968065669254753,0.0406169122695822,0.1619394707653303
xgb_nowww,host_only,ebbu2017,mendeley_phishurl,44,cross,url_dedup,58479,17422,0.6911230306088486,0.5712029571562656,0.0397198943864079,0.1597405579152795
xgb_nowww,host_only,ebbu2017,mendeley_phishurl,44,cross,domain_dedup,40743,14899,0.6417821532134668,0.5942231997710787,0.0334250620847036,0.1180616148734814
xgb_nowww,host_only,ebbu2017,kaggle_malicious,44,cross,raw,60000,10831,0.5509422299851489,0.22803188517413,0.0001846551564952,0.0228972394054103
xgb_nowww,host_only,ebbu2017,kaggle_malicious,44,cross,url_dedup,59967,10805,0.5506657493520134,0.2274010010344448,0.0001850994909763,0.0228597871355853
xgb_nowww,host_only,ebbu2017,kaggle_malicious,44,cross,domain_dedup,40491,8094,0.5400502296308343,0.2392046194022456,0.0002470966147763,0.0126019273535952
xgb_nowww,host_only,ebbu2017,hannousse,44,cross,raw,11430,5715,0.654206325696602,0.6906181898424179,0.1028871391076115,0.131758530183727
xgb_nowww,host_only,ebbu2017,hannousse,44,cross,url_dedup,7982,5177,0.552984078418977,0.7354508477309973,0.0882750627776704,0.1253621788680703
xgb_nowww,host_only,ebbu2017,hannousse,44,cross,domain_dedup,6546,4429,0.521942221112556,0.748087386008204,0.1027319936780311,0.1438247911492436
xgb_nowww,host_only,ebbu2017,ebbu2017,45,within,raw,12228,6433,0.724680334776183,0.7761961516573396,0.0404166018964713,0.1916679620705736
xgb_nowww,host_only,ebbu2017,phiusiil,45,cross,raw,60000,25603,0.5090699924303117,0.491020100782232,0.0140608522438776,0.0390969808225598
xgb_nowww,host_only,ebbu2017,phiusiil,45,cross,url_dedup,59970,25601,0.5089960751261743,0.4911210814561375,0.0140619507050505,0.0391000351548767
xgb_nowww,host_only,ebbu2017,phiusiil,45,cross,domain_dedup,57759,24235,0.5060616959869267,0.481161671427348,0.0135341448318547,0.0376315246544254
xgb_nowww,host_only,ebbu2017,mendeley_phishurl,45,cross,raw,60000,18933,0.6978494746751772,0.5913082068404819,0.0378175672106903,0.1560238736597475
xgb_nowww,host_only,ebbu2017,mendeley_phishurl,45,cross,url_dedup,58479,17422,0.6870727202036546,0.5649690244003869,0.0371943519687751,0.1523361267363104
xgb_nowww,host_only,ebbu2017,mendeley_phishurl,45,cross,domain_dedup,40743,14899,0.6381308315905022,0.5885749326438434,0.0349016712531042,0.1237666957513927
xgb_nowww,host_only,ebbu2017,kaggle_malicious,45,cross,raw,60000,10831,0.5498468772211025,0.2264769772544266,0.0002769827347428,0.0236358600313913
xgb_nowww,host_only,ebbu2017,kaggle_malicious,45,cross,url_dedup,59967,10805,0.5495652456786101,0.2258226987496125,0.0002776492364645,0.0235076353540027
xgb_nowww,host_only,ebbu2017,kaggle_malicious,45,cross,domain_dedup,40491,8094,0.5398453950261969,0.2384572472293278,0.0003706449221645,0.0135903138127007
xgb_nowww,host_only,ebbu2017,hannousse,45,cross,raw,11430,5715,0.6579863431331802,0.6946681476209773,0.1007874015748031,0.1349081364829396
xgb_nowww,host_only,ebbu2017,hannousse,45,cross,url_dedup,7982,5177,0.5577843450583738,0.7389497496960481,0.0960015452965037,0.1238168823643036
xgb_nowww,host_only,ebbu2017,hannousse,45,cross,domain_dedup,6546,4429,0.528583296013638,0.7518209938088498,0.1117633777376383,0.1426958681417927
xgb_nowww,host_only,ebbu2017,ebbu2017,46,within,raw,13622,6468,0.7571884505193544,0.7321864948001526,0.0306122448979591,0.151360544217687
xgb_nowww,host_only,ebbu2017,phiusiil,46,cross,raw,60000,25603,0.5098475723481992,0.4906014017908916,0.0133578096316837,0.0395266179744561
xgb_nowww,host_only,ebbu2017,phiusiil,46,cross,url_dedup,59970,25601,0.5097693486468279,0.4907000877656636,0.013358853169798,0.0395297058708644
xgb_nowww,host_only,ebbu2017,phiusiil,46,cross,domain_dedup,57759,24235,0.5073324015556127,0.4812901461494389,0.0129152052816174,0.0377553125644728
xgb_nowww,host_only,ebbu2017,mendeley_phishurl,46,cross,raw,60000,18933,0.6990963269953827,0.5936453003751814,0.0410922727512808,0.1530132572756562
xgb_nowww,host_only,ebbu2017,mendeley_phishurl,46,cross,url_dedup,58479,17422,0.6883996467561203,0.5676233201545897,0.0406382734473654,0.1496957869360578
xgb_nowww,host_only,ebbu2017,mendeley_phishurl,46,cross,domain_dedup,40743,14899,0.6396300144649357,0.5909888036576059,0.0377877709913417,0.1367877038727431
xgb_nowww,host_only,ebbu2017,kaggle_malicious,46,cross,raw,60000,10831,0.5500055610799357,0.2261054905814932,0.0003693103129904,0.0231742221401532
xgb_nowww,host_only,ebbu2017,kaggle_malicious,46,cross,url_dedup,59967,10805,0.5497264838941285,0.2254610155533281,0.0003701989819527,0.0231374363720499
xgb_nowww,host_only,ebbu2017,kaggle_malicious,46,cross,domain_dedup,40491,8094,0.539270132873026,0.2379888984041728,0.0002470966147763,0.0135903138127007
xgb_nowww,host_only,ebbu2017,hannousse,46,cross,raw,11430,5715,0.6570637812880564,0.6940011681691943,0.1009623797025371,0.1329833770778652
xgb_nowww,host_only,ebbu2017,hannousse,46,cross,url_dedup,7982,5177,0.5570711948536944,0.7384437882765325,0.0952288970446204,0.1236237203013328
xgb_nowww,host_only,ebbu2017,hannousse,46,cross,domain_dedup,6546,4429,0.5272008586000736,0.7510080056670927,0.1106344547301874,0.13930909911944
xgb_nowww,targeted_ablation,phiusiil,phiusiil,42,within,raw,14924,8036,0.9870401626912344,0.9920736127972,0.724365355898457,0.9510950721752116
xgb_nowww,targeted_ablation,phiusiil,mendeley_phishurl,42,cross,raw,60000,18933,0.4014145256233303,0.2608255189537141,0.0,0.0
xgb_nowww,targeted_ablation,phiusiil,mendeley_phishurl,42,cross,url_dedup,59776,18757,0.4015893434061415,0.2594405905343505,0.0,0.0
xgb_nowww,targeted_ablation,phiusiil,mendeley_phishurl,42,cross,domain_dedup,51556,13187,0.4041132845051903,0.2113859642224585,0.0,0.0
xgb_nowww,targeted_ablation,phiusiil,kaggle_malicious,42,cross,raw,60000,10831,0.3354713645656474,0.1306139341131677,0.0,0.0
xgb_nowww,targeted_ablation,phiusiil,kaggle_malicious,42,cross,url_dedup,59966,10829,0.3351599949508421,0.1306134685504837,0.0,0.0
xgb_nowww,targeted_ablation,phiusiil,kaggle_malicious,42,cross,domain_dedup,55591,9508,0.3275176735441897,0.1222333667351693,0.0,0.0
xgb_nowww,targeted_ablation,phiusiil,hannousse,42,cross,raw,11430,5715,0.5947542230886931,0.5411179570997919,0.0,0.0
xgb_nowww,targeted_ablation,phiusiil,hannousse,42,cross,url_dedup,11367,5698,0.5918239115011033,0.5405608550262434,0.0,0.0
xgb_nowww,targeted_ablation,phiusiil,hannousse,42,cross,domain_dedup,9512,4332,0.6136944200829243,0.5162356780967439,0.0,0.0
xgb_nowww,targeted_ablation,phiusiil,ebbu2017,42,cross,raw,60000,30360,0.4641575909153141,0.4873587705042405,0.0,0.0
xgb_nowww,targeted_ablation,phiusiil,ebbu2017,42,cross,url_dedup,59963,30360,0.4635258214135171,0.487368518221457,0.0,0.0
xgb_nowww,targeted_ablation,phiusiil,ebbu2017,42,cross,domain_dedup,57229,29934,0.4642187404706548,0.5051177744418712,0.0,0.0
xgb_nowww,targeted_ablation,phiusiil,phiusiil,43,within,raw,11624,4673,0.9899767018821456,0.9902968382187712,0.6556815750053498,0.9443612240530708
xgb_nowww,targeted_ablation,phiusiil,mendeley_phishurl,43,cross,raw,60000,18933,0.4050510340157006,0.2625844987538733,0.0,0.0
xgb_nowww,targeted_ablation,phiusiil,mendeley_phishurl,43,cross,url_dedup,59776,18757,0.4052281536193039,0.261198277055764,0.0,0.0
xgb_nowww,targeted_ablation,phiusiil,mendeley_phishurl,43,cross,domain_dedup,51556,13187,0.4061788128225743,0.2123877472764683,0.0,0.0
xgb_nowww,targeted_ablation,phiusiil,kaggle_malicious,43,cross,raw,60000,10831,0.3441889148248638,0.1328120856546713,0.0,0.0
xgb_nowww,targeted_ablation,phiusiil,kaggle_malicious,43,cross,url_dedup,59966,10829,0.3438823687764096,0.1328116221763397,0.0,0.0
xgb_nowww,targeted_ablation,phiusiil,kaggle_malicious,43,cross,domain_dedup,55591,9508,0.3361647340313713,0.1241712272448728,0.0,0.0
xgb_nowww,targeted_ablation,phiusiil,hannousse,43,cross,raw,11430,5715,0.5996288412329911,0.5478028143727866,0.0,0.0
xgb_nowww,targeted_ablation,phiusiil,hannousse,43,cross,url_dedup,11367,5698,0.5967262143395501,0.547223221344789,0.0,0.0
xgb_nowww,targeted_ablation,phiusiil,hannousse,43,cross,domain_dedup,9512,4332,0.6156769724809891,0.5207423962892691,0.0,0.0
xgb_nowww,targeted_ablation,phiusiil,ebbu2017,43,cross,raw,60000,30360,0.4750513096108062,0.4978637412859693,0.0,0.0
xgb_nowww,targeted_ablation,phiusiil,ebbu2017,43,cross,url_dedup,59963,30360,0.4744342607488638,0.4978737857673849,0.0,0.0
xgb_nowww,targeted_ablation,phiusiil,ebbu2017,43,cross,domain_dedup,57229,29934,0.4745807718422796,0.5154331622765704,0.0,0.0
xgb_nowww,targeted_ablation,phiusiil,phiusiil,44,within,raw,13064,6168,0.9927823343896048,0.994294399398393,0.7316796368352788,0.969195849546044
xgb_nowww,targeted_ablation,phiusiil,mendeley_phishurl,44,cross,raw,60000,18933,0.406720765311405,0.2631772151451509,0.0,0.0
xgb_nowww,targeted_ablation,phiusiil,mendeley_phishurl,44,cross,url_dedup,59776,18757,0.4068542210220698,0.2617593177691266,0.0,0.0
xgb_nowww,targeted_ablation,phiusiil,mendeley_phishurl,44,cross,domain_dedup,51556,13187,0.4071417168906082,0.2127559384308893,0.0,0.0
xgb_nowww,targeted_ablation,phiusiil,kaggle_malicious,44,cross,raw,60000,10831,0.3350516589315194,0.130470503284862,0.0,0.0
xgb_nowww,targeted_ablation,phiusiil,kaggle_malicious,44,cross,url_dedup,59966,10829,0.3347403819436823,0.1304700806420111,0.0,0.0
xgb_nowww,targeted_ablation,phiusiil,kaggle_malicious,44,cross,domain_dedup,55591,9508,0.3273363698784576,0.1220991307335341,0.0,0.0
xgb_nowww,targeted_ablation,phiusiil,hannousse,44,cross,raw,11430,5715,0.6013309206865327,0.5499037738134148,0.0,0.0
xgb_nowww,targeted_ablation,phiusiil,hannousse,44,cross,url_dedup,11367,5698,0.5984467290253144,0.5493113079785585,0.0,0.0
xgb_nowww,targeted_ablation,phiusiil,hannousse,44,cross,domain_dedup,9512,4332,0.6198498112279276,0.5253453324925161,0.0,0.0
xgb_nowww,targeted_ablation,phiusiil,ebbu2017,44,cross,raw,60000,30360,0.4741455564045667,0.4972539305321822,0.0,0.0
xgb_nowww,targeted_ablation,phiusiil,ebbu2017,44,cross,url_dedup,59963,30360,0.4735248831072697,0.4972633177704028,0.0,0.0
xgb_nowww,targeted_ablation,phiusiil,ebbu2017,44,cross,domain_dedup,57229,29934,0.4737319054964827,0.5148769007603405,0.0,0.0
xgb_nowww,targeted_ablation,phiusiil,phiusiil,45,within,raw,12349,5519,0.9920939032125676,0.992892162173036,0.6658815002717884,0.957601014676572
xgb_nowww,targeted_ablation,phiusiil,mendeley_phishurl,45,cross,raw,60000,18933,0.4024992911096449,0.2611236941724049,0.0,0.0
xgb_nowww,targeted_ablation,phiusiil,mendeley_phishurl,45,cross,url_dedup,59776,18757,0.4026476524818254,0.2597257962321502,0.0,0.0
xgb_nowww,targeted_ablation,phiusiil,mendeley_phishurl,45,cross,domain_dedup,51556,13187,0.4080112472151942,0.2126093564831895,0.0,0.0
xgb_nowww,targeted_ablation,phiusiil,kaggle_malicious,45,cross,raw,60000,10831,0.3363267762263102,0.1306689324715849,0.0,0.0
xgb_nowww,targeted_ablation,phiusiil,kaggle_malicious,45,cross,url_dedup,59966,10829,0.3360199114469929,0.1306690508708408,0.0,0.0
xgb_nowww,targeted_ablation,phiusiil,kaggle_malicious,45,cross,domain_dedup,55591,9508,0.3293619535569204,0.1224678618964311,0.0,0.0
xgb_nowww,targeted_ablation,phiusiil,hannousse,45,cross,raw,11430,5715,0.5991336056746188,0.5439841856786423,0.0,0.0
xgb_nowww,targeted_ablation,phiusiil,hannousse,45,cross,url_dedup,11367,5698,0.5962648491754154,0.5434313865783607,0.0,0.0
xgb_nowww,targeted_ablation,phiusiil,hannousse,45,cross,domain_dedup,9512,4332,0.6166387251913568,0.5177953540519105,0.0,0.0
xgb_nowww,targeted_ablation,phiusiil,ebbu2017,45,cross,raw,60000,30360,0.4744938298892819,0.4928508532845728,0.0,0.0
xgb_nowww,targeted_ablation,phiusiil,ebbu2017,45,cross,url_dedup,59963,30360,0.4738739968979927,0.4928603476995906,0.0,0.0
xgb_nowww,targeted_ablation,phiusiil,ebbu2017,45,cross,domain_dedup,57229,29934,0.4738422777653122,0.5100967236185701,0.0,0.0
xgb_nowww,targeted_ablation,phiusiil,phiusiil,46,within,raw,12031,5169,0.9911282391681142,0.9920161567409682,0.6968465854130392,0.9514412845811568
xgb_nowww,targeted_ablation,phiusiil,mendeley_phishurl,46,cross,raw,60000,18933,0.4053122094264476,0.2625018019381699,0.0,0.0
xgb_nowww,targeted_ablation,phiusiil,mendeley_phishurl,46,cross,url_dedup,59776,18757,0.4055651775731479,0.2611560249548933,0.0,0.0
xgb_nowww,targeted_ablation,phiusiil,mendeley_phishurl,46,cross,domain_dedup,51556,13187,0.4111994473338478,0.2140608444527577,0.0,0.0
xgb_nowww,targeted_ablation,phiusiil,kaggle_malicious,46,cross,raw,60000,10831,0.3440436700938859,0.1326056209114391,0.0,0.0
xgb_nowww,targeted_ablation,phiusiil,kaggle_malicious,46,cross,url_dedup,59966,10829,0.3437393451982229,0.1326055013085781,0.0,0.0
xgb_nowww,targeted_ablation,phiusiil,kaggle_malicious,46,cross,domain_dedup,55591,9508,0.3365655502553873,0.1240698464117114,0.0,0.0
xgb_nowww,targeted_ablation,phiusiil,hannousse,46,cross,raw,11430,5715,0.6004031692014001,0.547206692626952,0.0,0.0
xgb_nowww,targeted_ablation,phiusiil,hannousse,46,cross,url_dedup,11367,5698,0.5974925764571204,0.5466325162811648,0.0,0.0
xgb_nowww,targeted_ablation,phiusiil,hannousse,46,cross,domain_dedup,9512,4332,0.618846703351551,0.5221988847440142,0.0,0.0
xgb_nowww,targeted_ablation,phiusiil,ebbu2017,46,cross,raw,60000,30360,0.4779503315144047,0.4968510880624249,0.0,0.0
xgb_nowww,targeted_ablation,phiusiil,ebbu2017,46,cross,url_dedup,59963,30360,0.4773349522314999,0.4968606206118343,0.0,0.0
xgb_nowww,targeted_ablation,phiusiil,ebbu2017,46,cross,domain_dedup,57229,29934,0.4776971662870503,0.5144713898068406,0.0,0.0
xgb_nowww,targeted_ablation,mendeley_phishurl,mendeley_phishurl,42,within,raw,11979,3514,0.9151425350828564,0.8527120253948162,0.2048947068867387,0.458451906659078
xgb_nowww,targeted_ablation,mendeley_phishurl,phiusiil,42,cross,raw,60000,25603,0.897272729010048,0.8901096566191452,0.3113307034331914,0.4826778111940007
xgb_nowww,targeted_ablation,mendeley_phishurl,phiusiil,42,cross,url_dedup,59773,25423,0.8966809782268585,0.8889756042581969,0.3105455689729772,0.480903119222751
xgb_nowww,targeted_ablation,mendeley_phishurl,phiusiil,42,cross,domain_dedup,50234,16741,0.8567959729748932,0.7877713075660245,0.1790812974135356,0.32775819843498
xgb_nowww,targeted_ablation,mendeley_phishurl,kaggle_malicious,42,cross,raw,60000,10831,0.7478355403919597,0.3167155839786993,0.0001846551564952,0.0096943957160003
xgb_nowww,targeted_ablation,mendeley_phishurl,kaggle_malicious,42,cross,url_dedup,55381,10809,0.7395308364660369,0.3255041055412679,9.25154963456379e-05,0.0075862707003423
xgb_nowww,targeted_ablation,mendeley_phishurl,kaggle_malicious,42,cross,domain_dedup,27817,8445,0.5960480398913082,0.3336137701018102,0.0,0.0011841326228537
xgb_nowww,targeted_ablation,mendeley_phishurl,hannousse,42,cross,raw,11430,5715,0.8764477909202731,0.8930589495318142,0.1730533683289588,0.4187226596675416
xgb_nowww,targeted_ablation,mendeley_phishurl,hannousse,42,cross,url_dedup,11261,5550,0.8761195637942267,0.890888777462763,0.1756756756756756,0.4227027027027027
xgb_nowww,targeted_ablation,mendeley_phishurl,hannousse,42,cross,domain_dedup,7961,3946,0.8543335022807906,0.8746793607425238,0.1766345666497719,0.3998986315255955
xgb_nowww,targeted_ablation,mendeley_phishurl,ebbu2017,42,cross,raw,60000,30360,0.9076382204593018,0.9111001456698854,0.1851449275362318,0.3749670619235836
xgb_nowww,targeted_ablation,mendeley_phishurl,ebbu2017,42,cross,url_dedup,56886,27260,0.9056123437162504,0.9018121849240706,0.1900586940572267,0.3801540719002201
xgb_nowww,targeted_ablation,mendeley_phishurl,ebbu2017,42,cross,domain_dedup,36481,18306,0.8821238351959828,0.8854811858223277,0.1691795039877635,0.3237189992352234
xgb_nowww,targeted_ablation,mendeley_phishurl,mendeley_phishurl,43,within,raw,12746,3709,0.9287203027677504,0.8798085024420711,0.2790509571313022,0.5516311674305743
xgb_nowww,targeted_ablation,mendeley_phishurl,phiusiil,43,cross,raw,60000,25603,0.888652190543286,0.8851644397046196,0.3106276608209975,0.4888099050892474
xgb_nowww,targeted_ablation,mendeley_phishurl,phiusiil,43,cross,url_dedup,59773,25423,0.8880074009477258,0.8840047661849552,0.309955552059159,0.4869999606655391
xgb_nowww,targeted_ablation,mendeley_phishurl,phiusiil,43,cross,domain_dedup,50234,16741,0.8438614432008366,0.7800400553616411,0.1809330386476315,0.3383907771339824
xgb_nowww,targeted_ablation,mendeley_phishurl,kaggle_malicious,43,cross,raw,60000,10831,0.7494924813919484,0.3176157577215479,0.0004616378912381,0.007570861416305
xgb_nowww,targeted_ablation,mendeley_phishurl,kaggle_malicious,43,cross,url_dedup,55381,10809,0.7411072571843704,0.3263460914851783,0.0004625774817281,0.006383569247849
xgb_nowww,targeted_ablation,mendeley_phishurl,kaggle_malicious,43,cross,domain_dedup,27817,8445,0.5988132756352915,0.3348839327482083,0.0005920663114268,0.0017761989342806
xgb_nowww,targeted_ablation,mendeley_phishurl,hannousse,43,cross,raw,11430,5715,0.8785272903879141,0.8955204617386676,0.2139982502187226,0.4269466316710411
xgb_nowww,targeted_ablation,mendeley_phishurl,hannousse,43,cross,url_dedup,11261,5550,0.8780608940230722,0.8933034637211827,0.2171171171171171,0.4308108108108108
xgb_nowww,targeted_ablation,mendeley_phishurl,hannousse,43,cross,domain_dedup,7961,3946,0.8572434276177966,0.8778607049317657,0.2199695894576786,0.4069944247339077
xgb_nowww,targeted_ablation,mendeley_phishurl,ebbu2017,43,cross,raw,60000,30360,0.9086545051376288,0.9120037137121446,0.2048748353096179,0.375494071146245
xgb_nowww,targeted_ablation,mendeley_phishurl,ebbu2017,43,cross,url_dedup,56886,27260,0.906556009526244,0.902705939741126,0.2093910491562729,0.380520909757887
xgb_nowww,targeted_ablation,mendeley_phishurl,ebbu2017,43,cross,domain_dedup,36481,18306,0.8837747246826868,0.8866254856971381,0.165246367311264,0.3169998907462034
xgb_nowww,targeted_ablation,mendeley_phishurl,mendeley_phishurl,44,within,raw,10675,3893,0.9206795833064102,0.8888117592993188,0.1777549447726689,0.4788081171333162
xgb_nowww,targeted_ablation,mendeley_phishurl,phiusiil,44,cross,raw,60000,25603,0.9000998523401127,0.8947554837970033,0.3208998945436082,0.4724836933171893
xgb_nowww,targeted_ablation,mendeley_phishurl,phiusiil,44,cross,url_dedup,59773,25423,0.8995386560130396,0.8936922295841717,0.3199858395940683,0.4706761593832356
xgb_nowww,targeted_ablation,mendeley_phishurl,phiusiil,44,cross,domain_dedup,50234,16741,0.861081699645497,0.7982967556425458,0.1824861119407442,0.3269816617884236
xgb_nowww,targeted_ablation,mendeley_phishurl,kaggle_malicious,44,cross,raw,60000,10831,0.746983397911344,0.3161002469697914,0.0002769827347428,0.0127412057981719
xgb_nowww,targeted_ablation,mendeley_phishurl,kaggle_malicious,44,cross,url_dedup,55381,10809,0.7385635968317972,0.3248021674789266,0.0002775464890369,0.0108243130724396
xgb_nowww,targeted_ablation,mendeley_phishurl,kaggle_malicious,44,cross,domain_dedup,27817,8445,0.5937359677655775,0.3325874888453082,0.0003552397868561,0.0010657193605683
xgb_nowww,targeted_ablation,mendeley_phishurl,hannousse,44,cross,raw,11430,5715,0.8758405724218856,0.8918430308471985,0.1823272090988626,0.4194225721784776
xgb_nowww,targeted_ablation,mendeley_phishurl,hannousse,44,cross,url_dedup,11261,5550,0.8754685993996097,0.8896014122461254,0.1848648648648648,0.4234234234234234
xgb_nowww,targeted_ablation,mendeley_phishurl,hannousse,44,cross,domain_dedup,7961,3946,0.8545802644543177,0.8740817872764275,0.1933603649265078,0.3978712620375063
xgb_nowww,targeted_ablation,mendeley_phishurl,ebbu2017,44,cross,raw,60000,30360,0.9070910477775466,0.9106392849471154,0.1955533596837944,0.3772068511198946
xgb_nowww,targeted_ablation,mendeley_phishurl,ebbu2017,44,cross,url_dedup,56886,27260,0.9050296911325784,0.901264024530883,0.2003668378576669,0.382061628760088
xgb_nowww,targeted_ablation,mendeley_phishurl,ebbu2017,44,cross,domain_dedup,36481,18306,0.8822027534060659,0.8854273302697786,0.1731672675625478,0.3256309406751884
xgb_nowww,targeted_ablation,mendeley_phishurl,mendeley_phishurl,45,within,raw,13399,3390,0.9073169103559008,0.8213573229864394,0.2029498525073746,0.4262536873156342
xgb_nowww,targeted_ablation,mendeley_phishurl,phiusiil,45,cross,raw,60000,25603,0.8865027279098243,0.8834024929350184,0.3109401242041948,0.4745147053079717
xgb_nowww,targeted_ablation,mendeley_phishurl,phiusiil,45,cross,url_dedup,59773,25423,0.8858555511487981,0.8822349361627806,0.309955552059159,0.4728395547339024
xgb_nowww,targeted_ablation,mendeley_phishurl,phiusiil,45,cross,domain_dedup,50234,16741,0.8416863276872004,0.7778476958681624,0.1762140851800967,0.3225016426736754
xgb_nowww,targeted_ablation,mendeley_phishurl,kaggle_malicious,45,cross,raw,60000,10831,0.7466994524427619,0.3155674026223404,0.0005539654694857,0.0099713784507432
xgb_nowww,targeted_ablation,mendeley_phishurl,kaggle_malicious,45,cross,url_dedup,55381,10809,0.7382896308244796,0.3243193059393603,0.0005550929780738,0.0076787861966879
xgb_nowww,targeted_ablation,mendeley_phishurl,kaggle_malicious,45,cross,domain_dedup,27817,8445,0.5955239426212804,0.3327011052907552,0.0005920663114268,0.0013025458851391
xgb_nowww,targeted_ablation,mendeley_phishurl,hannousse,45,cross,raw,11430,5715,0.8794893179909817,0.8949400004805267,0.1128608923884514,0.43167104111986
xgb_nowww,targeted_ablation,mendeley_phishurl,hannousse,45,cross,url_dedup,11261,5550,0.8791315321625249,0.8927990411305945,0.1145945945945945,0.4351351351351351
xgb_nowww,targeted_ablation,mendeley_phishurl,hannousse,45,cross,domain_dedup,7961,3946,0.8580334515965534,0.8767927852565567,0.1147997972630511,0.4115560060821084
xgb_nowww,targeted_ablation,mendeley_phishurl,ebbu2017,45,cross,raw,60000,30360,0.9094836656478532,0.912759790109012,0.1883399209486166,0.3818840579710145
xgb_nowww,targeted_ablation,mendeley_phishurl,ebbu2017,45,cross,url_dedup,56886,27260,0.9073833096278432,0.9035241935985332,0.1926999266324284,0.3867938371239912
xgb_nowww,targeted_ablation,mendeley_phishurl,ebbu2017,45,cross,domain_dedup,36481,18306,0.8839030505553535,0.8870188842845697,0.1607123347536327,0.3296733311482574
xgb_nowww,targeted_ablation,mendeley_phishurl,mendeley_phishurl,46,within,raw,10950,3747,0.9184457844400375,0.8822880638262356,0.2836936215639178,0.4929276754737123
xgb_nowww,targeted_ablation,mendeley_phishurl,phiusiil,46,cross,raw,60000,25603,0.8914904389714583,0.8871133204254216,0.3222278639221966,0.4836542592664922
xgb_nowww,targeted_ablation,mendeley_phishurl,phiusiil,46,cross,url_dedup,59773,25423,0.8908747886774695,0.8859750497388237,0.3212445423435471,0.4819258152067026
xgb_nowww,targeted_ablation,mendeley_phishurl,phiusiil,46,cross,domain_dedup,50234,16741,0.8488947778264091,0.7844022398611861,0.1893554745833582,0.3343288931366107
xgb_nowww,targeted_ablation,mendeley_phishurl,kaggle_malicious,46,cross,raw,60000,10831,0.7495776096386048,0.3182422214960154,0.0005539654694857,0.0115409472809528
xgb_nowww,targeted_ablation,mendeley_phishurl,kaggle_malicious,46,cross,url_dedup,55381,10809,0.7411859219244764,0.3269483594996007,0.0005550929780738,0.0092515496345637
xgb_nowww,targeted_ablation,mendeley_phishurl,kaggle_malicious,46,cross,domain_dedup,27817,8445,0.5973934748253232,0.3344858764373196,0.0002368265245707,0.0013025458851391
xgb_nowww,targeted_ablation,mendeley_phishurl,hannousse,46,cross,raw,11430,5715,0.8777683017094429,0.8941648007249083,0.2027996500437445,0.4293963254593176
xgb_nowww,targeted_ablation,mendeley_phishurl,hannousse,46,cross,url_dedup,11261,5550,0.8774132265692411,0.8919871610078025,0.2057657657657657,0.432972972972973
xgb_nowww,targeted_ablation,mendeley_phishurl,hannousse,46,cross,domain_dedup,7961,3946,0.8572556410672347,0.8765328905067062,0.2017232640648758,0.4123162696401419
xgb_nowww,targeted_ablation,mendeley_phishurl,ebbu2017,46,cross,raw,60000,30360,0.9078562518558226,0.9113481629259008,0.1980895915678524,0.3795125164690382
xgb_nowww,targeted_ablation,mendeley_phishurl,ebbu2017,46,cross,url_dedup,56886,27260,0.9057699678491248,0.9019923982547426,0.2022377109317681,0.3842259721203228
xgb_nowww,targeted_ablation,mendeley_phishurl,ebbu2017,46,cross,domain_dedup,36481,18306,0.8831341683208773,0.8866601336100774,0.1640445755490003,0.3313121380967989
xgb_nowww,targeted_ablation,kaggle_malicious,kaggle_malicious,42,within,raw,12523,2109,0.7993112865627597,0.4653653153384119,0.0241820768136557,0.096728307254623
xgb_nowww,targeted_ablation,kaggle_malicious,phiusiil,42,cross,raw,60000,25603,0.5042568928919191,0.4674044784163266,0.0115611451782994,0.0304651798617349
xgb_nowww,targeted_ablation,kaggle_malicious,phiusiil,42,cross,url_dedup,59966,25601,0.5041858985700336,0.4675334816298877,0.011562048357486,0.0304675598609429
xgb_nowww,targeted_ablation,kaggle_malicious,phiusiil,42,cross,domain_dedup,52752,19367,0.5074760269153422,0.4087619621965078,0.0092425259461971,0.0286569938555274
xgb_nowww,targeted_ablation,kaggle_malicious,mendeley_phishurl,42,cross,raw,60000,18933,0.8308505615094166,0.6954356048818326,0.0545080019014419,0.1595626683568372
xgb_nowww,targeted_ablation,kaggle_malicious,mendeley_phishurl,42,cross,url_dedup,55379,18909,0.8289809738162182,0.7127988194506006,0.0495002379819133,0.1527843883864826
xgb_nowww,targeted_ablation,kaggle_malicious,mendeley_phishurl,42,cross,domain_dedup,28121,15987,0.7009269156581184,0.7615674311801021,0.0275849127416025,0.1070870081941577
xgb_nowww,targeted_ablation,kaggle_malicious,hannousse,42,cross,raw,11430,5715,0.7082645552945426,0.6918285977958336,0.0206474190726159,0.0757655293088364
xgb_nowww,targeted_ablation,kaggle_malicious,hannousse,42,cross,url_dedup,11033,5320,0.6986673317285863,0.6648514013357798,0.0178571428571428,0.0676691729323308
xgb_nowww,targeted_ablation,kaggle_malicious,hannousse,42,cross,domain_dedup,7697,3663,0.6255189136944219,0.5735487818669617,0.0043680043680043,0.0267540267540267
xgb_nowww,targeted_ablation,kaggle_malicious,ebbu2017,42,cross,raw,60000,30360,0.7748106505114515,0.7481874245206381,0.0119894598155467,0.0739459815546772
xgb_nowww,targeted_ablation,kaggle_malicious,ebbu2017,42,cross,url_dedup,59950,30325,0.7747065646773178,0.7479614378282888,0.0120032976092333,0.0738664468260511
xgb_nowww,targeted_ablation,kaggle_malicious,ebbu2017,42,cross,domain_dedup,46489,28616,0.7593244136584405,0.8101082431262604,0.0246715124405926,0.0737699189264747
xgb_nowww,targeted_ablation,kaggle_malicious,kaggle_malicious,43,within,raw,13894,1917,0.8180682466990613,0.4480518018964566,0.0453834115805946,0.1231090245174752
xgb_nowww,targeted_ablation,kaggle_malicious,phiusiil,43,cross,raw,60000,25603,0.5157986828408443,0.4890613275907753,0.0101160020310119,0.044252626645315
xgb_nowww,targeted_ablation,kaggle_malicious,phiusiil,43,cross,url_dedup,59966,25601,0.5157145669295925,0.4891811672601766,0.0101167923128002,0.0442560837467286
xgb_nowww,targeted_ablation,kaggle_malicious,phiusiil,43,cross,domain_dedup,52752,19367,0.518466478419698,0.4273734565424731,0.0100170392936438,0.0369701037847885
xgb_nowww,targeted_ablation,kaggle_malicious,mendeley_phishurl,43,cross,raw,60000,18933,0.8321416081052966,0.7021897557918838,0.0658110177996091,0.167221253895315
xgb_nowww,targeted_ablation,kaggle_malicious,mendeley_phishurl,43,cross,url_dedup,55379,18909,0.8302312964073975,0.7190412723736896,0.0635147284361944,0.1588661483949442
xgb_nowww,targeted_ablation,kaggle_malicious,mendeley_phishurl,43,cross,domain_dedup,28121,15987,0.703005096371311,0.7659213724023924,0.0329017326577844,0.1058359917432914
xgb_nowww,targeted_ablation,kaggle_malicious,hannousse,43,cross,raw,11430,5715,0.6973984288709317,0.6802595736016588,0.0129483814523184,0.0822397200349956
xgb_nowww,targeted_ablation,kaggle_malicious,hannousse,43,cross,url_dedup,11033,5320,0.6873845299402891,0.6522353090107368,0.0101503759398496,0.0736842105263157
xgb_nowww,targeted_ablation,kaggle_malicious,hannousse,43,cross,domain_dedup,7697,3663,0.6087708477396132,0.5579609487265493,0.0068250068250068,0.036036036036036
xgb_nowww,targeted_ablation,kaggle_malicious,ebbu2017,43,cross,raw,60000,30360,0.7781368978243978,0.7501357036838276,0.0099802371541501,0.0761857707509881
xgb_nowww,targeted_ablation,kaggle_malicious,ebbu2017,43,cross,url_dedup,59950,30325,0.7780326246256273,0.7499318995100605,0.0099917559769167,0.0764056059356966
xgb_nowww,targeted_ablation,kaggle_malicious,ebbu2017,43,cross,domain_dedup,46489,28616,0.7627320452158639,0.8130464189224789,0.0270827509085826,0.0758666480290746
xgb_nowww,targeted_ablation,kaggle_malicious,kaggle_malicious,44,within,raw,9851,1934,0.8064593437681197,0.5239453886400902,0.0392967942088934,0.1365046535677352
xgb_nowww,targeted_ablation,kaggle_malicious,phiusiil,44,cross,raw,60000,25603,0.512912538863993,0.4745132506853874,0.0110533921806038,0.0286685154083505
xgb_nowww,targeted_ablation,kaggle_malicious,phiusiil,44,cross,url_dedup,59966,25601,0.5128541431000068,0.4746575886862653,0.0110542556931369,0.0286707550486309
xgb_nowww,targeted_ablation,kaggle_malicious,phiusiil,44,cross,domain_dedup,52752,19367,0.5106098283242118,0.4124613885264939,0.0083131099292611,0.0266948933753291
xgb_nowww,targeted_ablation,kaggle_malicious,mendeley_phishurl,44,cross,raw,60000,18933,0.8295998218369549,0.6929748391993469,0.0556171763587387,0.1557597845032483
xgb_nowww,targeted_ablation,kaggle_malicious,mendeley_phishurl,44,cross,url_dedup,55379,18909,0.8276295471580415,0.7104154071493554,0.0543127611190438,0.1501401449045428
xgb_nowww,targeted_ablation,kaggle_malicious,mendeley_phishurl,44,cross,domain_dedup,28121,15987,0.6998146487263032,0.7596533549457243,0.0283355226121223,0.1000813160693063
xgb_nowww,targeted_ablation,kaggle_malicious,hannousse,44,cross,raw,11430,5715,0.7002037278148632,0.6843252429874361,0.0117235345581802,0.0794400699912511
xgb_nowww,targeted_ablation,kaggle_malicious,hannousse,44,cross,url_dedup,11033,5320,0.6902943787352156,0.6571534787686825,0.0101503759398496,0.0723684210526315
xgb_nowww,targeted_ablation,kaggle_malicious,hannousse,44,cross,domain_dedup,7697,3663,0.6124694803425592,0.5645385720523604,0.0049140049140049,0.0322140322140322
xgb_nowww,targeted_ablation,kaggle_malicious,ebbu2017,44,cross,raw,60000,30360,0.7768942749978219,0.7500520122529911,0.0036561264822134,0.0781949934123847
xgb_nowww,targeted_ablation,kaggle_malicious,ebbu2017,44,cross,url_dedup,59950,30325,0.7768071133744491,0.7498682796458026,0.0036603462489694,0.0781203627370156
xgb_nowww,targeted_ablation,kaggle_malicious,ebbu2017,44,cross,domain_dedup,46489,28616,0.7605757838507116,0.8116600968243453,0.0252306402012859,0.0768101761252446
xgb_nowww,targeted_ablation,kaggle_malicious,kaggle_malicious,45,within,raw,12371,1941,0.7936148252647739,0.4487050646638394,0.0360638845955692,0.1200412158681092
xgb_nowww,targeted_ablation,kaggle_malicious,phiusiil,45,cross,raw,60000,25603,0.5175496784684269,0.4871292754407351,0.0172636019216498,0.0358942311447877
xgb_nowww,targeted_ablation,kaggle_malicious,phiusiil,45,cross,url_dedup,59966,25601,0.517480326422894,0.4872636429973179,0.0172649505878676,0.0358970352720596
xgb_nowww,targeted_ablation,kaggle_malicious,phiusiil,45,cross,domain_dedup,52752,19367,0.516735122675823,0.4255906769817917,0.0134248980224092,0.031703413022151
xgb_nowww,targeted_ablation,kaggle_malicious,mendeley_phishurl,45,cross,raw,60000,18933,0.8321515377341117,0.7031110424872582,0.0671842814134051,0.1739819363016954
xgb_nowww,targeted_ablation,kaggle_malicious,mendeley_phishurl,45,cross,url_dedup,55379,18909,0.830365042054202,0.7201316058450186,0.063091649479084,0.1693902374530646
xgb_nowww,targeted_ablation,kaggle_malicious,mendeley_phishurl,45,cross,domain_dedup,28121,15987,0.7030412638816921,0.766527712024619,0.0336523425283042,0.1112153624820166
xgb_nowww,targeted_ablation,kaggle_malicious,hannousse,45,cross,raw,11430,5715,0.7068233203133074,0.6950656104381181,0.0104986876640419,0.0853893263342082
xgb_nowww,targeted_ablation,kaggle_malicious,hannousse,45,cross,url_dedup,11033,5320,0.6974119012304085,0.669039423947366,0.0090225563909774,0.0783834586466165
xgb_nowww,targeted_ablation,kaggle_malicious,hannousse,45,cross,domain_dedup,7697,3663,0.6248817213120634,0.5824615252950814,0.0081900081900081,0.0374010374010374
xgb_nowww,targeted_ablation,kaggle_malicious,ebbu2017,45,cross,raw,60000,30360,0.781040099218732,0.7552012213540512,0.0067852437417654,0.0830039525691699
xgb_nowww,targeted_ablation,kaggle_malicious,ebbu2017,45,cross,url_dedup,59950,30325,0.7809557701552451,0.7550146905579975,0.00679307502061,0.0830008244023083
xgb_nowww,targeted_ablation,kaggle_malicious,ebbu2017,45,cross,domain_dedup,46489,28616,0.765751477462964,0.816305290499344,0.0296337713167458,0.0818423259714844
xgb_nowww,targeted_ablation,kaggle_malicious,kaggle_malicious,46,within,raw,10545,2082,0.787486196057359,0.485223630417422,0.0278578290105667,0.1013448607108549
xgb_nowww,targeted_ablation,kaggle_malicious,phiusiil,46,cross,raw,60000,25603,0.5197793332163165,0.4804594293766497,0.0062492676639456,0.0343709721517009
xgb_nowww,targeted_ablation,kaggle_malicious,phiusiil,46,cross,url_dedup,59966,25601,0.5197157223796928,0.4805971016749664,0.0062497558689113,0.0343736572790125
xgb_nowww,targeted_ablation,kaggle_malicious,phiusiil,46,cross,domain_dedup,52752,19367,0.5197939202910039,0.4199990880930516,0.0071771570196726,0.0324779263695977
xgb_nowww,targeted_ablation,kaggle_malicious,mendeley_phishurl,46,cross,raw,60000,18933,0.8322192278227527,0.6982984588880761,0.0593144245497279,0.1608302963080335
xgb_nowww,targeted_ablation,kaggle_malicious,mendeley_phishurl,46,cross,url_dedup,55379,18909,0.8303234055512698,0.7154420845932851,0.0569570046009836,0.155798825955894
xgb_nowww,targeted_ablation,kaggle_malicious,mendeley_phishurl,46,cross,domain_dedup,28121,15987,0.7032180624877047,0.7630430747841299,0.0252705323074998,0.104772627760055
xgb_nowww,targeted_ablation,kaggle_malicious,hannousse,46,cross,raw,11430,5715,0.7016476724311473,0.6838743967902574,0.0129483814523184,0.0748906386701662
xgb_nowww,targeted_ablation,kaggle_malicious,hannousse,46,cross,url_dedup,11033,5320,0.6916287908200398,0.6560600275119173,0.0105263157894736,0.0665413533834586
xgb_nowww,targeted_ablation,kaggle_malicious,hannousse,46,cross,domain_dedup,7697,3663,0.6200273040877898,0.5668747795544868,0.0046410046410046,0.0308490308490308
xgb_nowww,targeted_ablation,kaggle_malicious,ebbu2017,46,cross,raw,60000,30360,0.7764892216701427,0.7495253653872989,0.003524374176548,0.0757575757575757
xgb_nowww,targeted_ablation,kaggle_malicious,ebbu2017,46,cross,url_dedup,59950,30325,0.7764015252486252,0.74934234141101,0.0035284418796372,0.0755812036273701
xgb_nowww,targeted_ablation,kaggle_malicious,ebbu2017,46,cross,domain_dedup,46489,28616,0.7605378879523672,0.8110282247866576,0.021666200726866,0.074433883142298
xgb_nowww,targeted_ablation,hannousse,hannousse,42,within,raw,1939,907,0.9071033435040128,0.9058508296086728,0.2943770672546857,0.432194046306505
xgb_nowww,targeted_ablation,hannousse,phiusiil,42,cross,raw,60000,25603,0.8016013205618062,0.8364509102221882,0.3153927274147561,0.4819747685818068
xgb_nowww,targeted_ablation,hannousse,phiusiil,42,cross,url_dedup,59936,25585,0.8014597710821586,0.8363859512317056,0.3154582763337893,0.481844830955638
xgb_nowww,targeted_ablation,hannousse,phiusiil,42,cross,domain_dedup,53925,19850,0.7492870734470376,0.7596460860780397,0.2416624685138539,0.3880100755667506
xgb_nowww,targeted_ablation,hannousse,mendeley_phishurl,42,cross,raw,60000,18933,0.875237676864737,0.8031371586905551,0.1424496910156868,0.3315375270691385
xgb_nowww,targeted_ablation,hannousse,mendeley_phishurl,42,cross,url_dedup,59839,18776,0.8747431260886591,0.8016648334060106,0.1429484448231785,0.3317533020877716
xgb_nowww,targeted_ablation,hannousse,mendeley_phishurl,42,cross,domain_dedup,46321,16337,0.8506882171236057,0.7940523530231955,0.127134724857685,0.2891595764216196
xgb_nowww,targeted_ablation,hannousse,kaggle_malicious,42,cross,raw,60000,10831,0.6559241188121878,0.2573178676947359,0.0003693103129904,0.0100637060289908
xgb_nowww,targeted_ablation,hannousse,kaggle_malicious,42,cross,url_dedup,59648,10482,0.6485862715179831,0.2451326415168248,0.0003816065636328,0.0103033772180881
xgb_nowww,targeted_ablation,hannousse,kaggle_malicious,42,cross,domain_dedup,45927,8736,0.6155013172398931,0.2399633066506961,0.0003434065934065,0.0077838827838827
xgb_nowww,targeted_ablation,hannousse,ebbu2017,42,cross,raw,60000,30360,0.9215518284632986,0.9231842003595064,0.1873847167325428,0.397167325428195
xgb_nowww,targeted_ablation,hannousse,ebbu2017,42,cross,url_dedup,54857,29276,0.912650045060994,0.9221279794730072,0.1802500341576718,0.3788768957507856
xgb_nowww,targeted_ablation,hannousse,ebbu2017,42,cross,domain_dedup,42403,27806,0.8833862636213797,0.932895195826518,0.1558656405092426,0.3249658347119327
xgb_nowww,targeted_ablation,hannousse,hannousse,43,within,raw,2229,1037,0.8908748778419939,0.8892089964198253,0.2025072324011571,0.3799421407907425
xgb_nowww,targeted_ablation,hannousse,phiusiil,43,cross,raw,60000,25603,0.8024915515369088,0.8363638742899697,0.2803577705737609,0.470804202632504
xgb_nowww,targeted_ablation,hannousse,phiusiil,43,cross,url_dedup,59936,25585,0.8023552552834771,0.8363033777954252,0.280437756497948,0.4707445769005277
xgb_nowww,targeted_ablation,hannousse,phiusiil,43,cross,domain_dedup,53925,19850,0.7505398685297472,0.7597337801378076,0.2097229219143576,0.3796473551637279
xgb_nowww,targeted_ablation,hannousse,mendeley_phishurl,43,cross,raw,60000,18933,0.8773893543120249,0.8055944337934153,0.15169281149316,0.3370833993556225
xgb_nowww,targeted_ablation,hannousse,mendeley_phishurl,43,cross,url_dedup,59839,18776,0.876921030656532,0.804145326625708,0.1521090754154239,0.3372390285470814
xgb_nowww,targeted_ablation,hannousse,mendeley_phishurl,43,cross,domain_dedup,46321,16337,0.8531735084567189,0.7961042464959902,0.1290934688131235,0.286527514231499
xgb_nowww,targeted_ablation,hannousse,kaggle_malicious,43,cross,raw,60000,10831,0.6582899855425441,0.2595257982001147,0.0004616378912381,0.0107099990767242
xgb_nowww,targeted_ablation,hannousse,kaggle_malicious,43,cross,url_dedup,59648,10482,0.6510123054029477,0.2471127877058821,0.0004770082045411,0.010684983781721
xgb_nowww,targeted_ablation,hannousse,kaggle_malicious,43,cross,domain_dedup,45927,8736,0.6174877510835807,0.2418119376530286,0.0002289377289377,0.0060668498168498
xgb_nowww,targeted_ablation,hannousse,ebbu2017,43,cross,raw,60000,30360,0.9216745639149816,0.9230182813354078,0.1926877470355731,0.3859025032938076
xgb_nowww,targeted_ablation,hannousse,ebbu2017,43,cross,url_dedup,54857,29276,0.9127520907884078,0.9219497323101404,0.1816504987020084,0.3721136767317939
xgb_nowww,targeted_ablation,hannousse,ebbu2017,43,cross,domain_dedup,42403,27806,0.8833890107104494,0.9327490305451616,0.1401496079982737,0.3196072790045314
xgb_nowww,targeted_ablation,hannousse,hannousse,44,within,raw,2670,1384,0.90401944237183,0.916184631850698,0.282514450867052,0.4328034682080925
xgb_nowww,targeted_ablation,hannousse,phiusiil,44,cross,raw,60000,25603,0.8020525356916908,0.8369009246415682,0.2839120415576299,0.4689294223333203
xgb_nowww,targeted_ablation,hannousse,phiusiil,44,cross,url_dedup,59936,25585,0.8019218528976746,0.8368444183823716,0.2839945280437757,0.4688293922220051
xgb_nowww,targeted_ablation,hannousse,phiusiil,44,cross,domain_dedup,53925,19850,0.7497795993797945,0.7606047034393971,0.2189420654911839,0.3808060453400503
xgb_nowww,targeted_ablation,hannousse,mendeley_phishurl,44,cross,raw,60000,18933,0.8783755752578786,0.806829630995863,0.1498970052289653,0.3362911318861247
xgb_nowww,targeted_ablation,hannousse,mendeley_phishurl,44,cross,url_dedup,59839,18776,0.8779004574906728,0.8053844063769859,0.1502982530890498,0.3364933958244567
xgb_nowww,targeted_ablation,hannousse,mendeley_phishurl,44,cross,domain_dedup,46321,16337,0.8536908478874353,0.7968513568490565,0.1220542327232662,0.3000550896737467
xgb_nowww,targeted_ablation,hannousse,kaggle_malicious,44,cross,raw,60000,10831,0.6582649953744482,0.2585085509089571,0.0002769827347428,0.0079401717292955
xgb_nowww,targeted_ablation,hannousse,kaggle_malicious,44,cross,url_dedup,59648,10482,0.6509826066311355,0.2462675561122845,0.0002862049227246,0.0082045411181072
xgb_nowww,targeted_ablation,hannousse,kaggle_malicious,44,cross,domain_dedup,45927,8736,0.6172820527717378,0.2413082987436983,0.0001144688644688,0.0065247252747252
xgb_nowww,targeted_ablation,hannousse,ebbu2017,44,cross,raw,60000,30360,0.9220557821437398,0.9232937378653264,0.2030961791831357,0.383893280632411
xgb_nowww,targeted_ablation,hannousse,ebbu2017,44,cross,url_dedup,54857,29276,0.9132005869879932,0.9222610140026228,0.1863984150840278,0.373684929635196
xgb_nowww,targeted_ablation,hannousse,ebbu2017,44,cross,domain_dedup,42403,27806,0.8840365981544953,0.9330741150726164,0.1554340789757606,0.3214773789829533
xgb_nowww,targeted_ablation,hannousse,hannousse,45,within,raw,2161,824,0.8925603256094286,0.8604696899285331,0.2063106796116504,0.4114077669902912
xgb_nowww,targeted_ablation,hannousse,phiusiil,45,cross,raw,60000,25603,0.801119638730485,0.8349567691847558,0.2833652306370347,0.468851306487521
xgb_nowww,targeted_ablation,hannousse,phiusiil,45,cross,url_dedup,59936,25585,0.8009946512758336,0.8349048880191182,0.2834864178229431,0.4687512214188001
xgb_nowww,targeted_ablation,hannousse,phiusiil,45,cross,domain_dedup,53925,19850,0.7491614689037924,0.7580139446387798,0.2154156171284634,0.3779345088161209
xgb_nowww,targeted_ablation,hannousse,mendeley_phishurl,45,cross,raw,60000,18933,0.8760281521008618,0.8036183776697252,0.1390693498124967,0.3321713410447367
xgb_nowww,targeted_ablation,hannousse,mendeley_phishurl,45,cross,url_dedup,59839,18776,0.8755299508291898,0.8021318662988615,0.1394865786109927,0.3326587132509587
xgb_nowww,targeted_ablation,hannousse,mendeley_phishurl,45,cross,domain_dedup,46321,16337,0.8519987699954841,0.79470196708099,0.1132398849237926,0.2897104731590867
xgb_nowww,targeted_ablation,hannousse,kaggle_malicious,45,cross,raw,60000,10831,0.6579003343950569,0.259242684181037,0.0001846551564952,0.0119102575939433
xgb_nowww,targeted_ablation,hannousse,kaggle_malicious,45,cross,url_dedup,59648,10482,0.6506400709648811,0.2470241052703295,0.0001908032818164,0.0121160083953444
xgb_nowww,targeted_ablation,hannousse,kaggle_malicious,45,cross,domain_dedup,45927,8736,0.615260357371604,0.2410144210236388,0.0002289377289377,0.0088141025641025
xgb_nowww,targeted_ablation,hannousse,ebbu2017,45,cross,raw,60000,30360,0.920891488374326,0.92244717490081,0.1906785243741765,0.3824769433465085
xgb_nowww,targeted_ablation,hannousse,ebbu2017,45,cross,url_dedup,54857,29276,0.9118965586804606,0.9213554140886924,0.1882087716901216,0.3658969804618117
xgb_nowww,targeted_ablation,hannousse,ebbu2017,45,cross,domain_dedup,42403,27806,0.8825271934347025,0.9324084440966436,0.1490325828957779,0.3253254693231676
xgb_nowww,targeted_ablation,hannousse,hannousse,46,within,raw,1923,910,0.9151465020665416,0.9189080672904458,0.3637362637362637,0.5296703296703297
xgb_nowww,targeted_ablation,hannousse,phiusiil,46,cross,raw,60000,25603,0.800729361545489,0.8360189444308763,0.2862164590087099,0.4745537632308714
xgb_nowww,targeted_ablation,hannousse,phiusiil,46,cross,url_dedup,59936,25585,0.8006069712206181,0.835967447802466,0.2863396521399257,0.4744186046511628
xgb_nowww,targeted_ablation,hannousse,phiusiil,46,cross,domain_dedup,53925,19850,0.7486886801414128,0.7596293842278096,0.2162216624685138,0.3814609571788413
xgb_nowww,targeted_ablation,hannousse,mendeley_phishurl,46,cross,raw,60000,18933,0.877522672810013,0.8055378699315051,0.1418686948713886,0.3287381820102467
xgb_nowww,targeted_ablation,hannousse,mendeley_phishurl,46,cross,url_dedup,59839,18776,0.8770443369303537,0.8040848982863552,0.1423093310609288,0.3289305496378355
xgb_nowww,targeted_ablation,hannousse,mendeley_phishurl,46,cross,domain_dedup,46321,16337,0.8525956003124949,0.7956520274380243,0.1232784476954153,0.2914243741200955
xgb_nowww,targeted_ablation,hannousse,kaggle_malicious,46,cross,raw,60000,10831,0.6586606872756465,0.2586175181932393,0.0002769827347428,0.0091404302465146
xgb_nowww,targeted_ablation,hannousse,kaggle_malicious,46,cross,url_dedup,59648,10482,0.651459659464846,0.2465058755384886,0.0002862049227246,0.0093493608090059
xgb_nowww,targeted_ablation,hannousse,kaggle_malicious,46,cross,domain_dedup,45927,8736,0.6167480617208878,0.2412921757124308,0.0001144688644688,0.0069826007326007
xgb_nowww,targeted_ablation,hannousse,ebbu2017,46,cross,raw,60000,30360,0.9224401658283236,0.923942419374048,0.1878458498023715,0.3905138339920949
xgb_nowww,targeted_ablation,hannousse,ebbu2017,46,cross,url_dedup,54857,29276,0.9135753546387796,0.922840500863805,0.1840415357289247,0.3724894111217379
xgb_nowww,targeted_ablation,hannousse,ebbu2017,46,cross,domain_dedup,42403,27806,0.8846606480959142,0.9335954881763888,0.156908580881824,0.3215852693663238
xgb_nowww,targeted_ablation,ebbu2017,ebbu2017,42,within,raw,11279,5871,0.9210949775448272,0.928830683097806,0.2462953500255493,0.4402997785726452
xgb_nowww,targeted_ablation,ebbu2017,phiusiil,42,cross,raw,60000,25603,0.6602681758295917,0.6722126866170608,0.1068624770534703,0.1857594813107839
xgb_nowww,targeted_ablation,ebbu2017,phiusiil,42,cross,url_dedup,59970,25601,0.6602217481809742,0.6722950682459158,0.1068708253583844,0.1857739932033905
xgb_nowww,targeted_ablation,ebbu2017,phiusiil,42,cross,domain_dedup,57759,24235,0.6534006990228397,0.6607470018554104,0.1071178048277285,0.1813492882195172
xgb_nowww,targeted_ablation,ebbu2017,mendeley_phishurl,42,cross,raw,60000,18933,0.858154364940779,0.7731534493224749,0.1221676437965457,0.3061321502139122
xgb_nowww,targeted_ablation,ebbu2017,mendeley_phishurl,42,cross,url_dedup,58479,17422,0.849863357226569,0.7479648943283684,0.1151417747675353,0.2889450120537252
xgb_nowww,targeted_ablation,ebbu2017,mendeley_phishurl,42,cross,domain_dedup,40743,14899,0.8153890259834368,0.7502460130451645,0.0935633263977448,0.2413584804349285
xgb_nowww,targeted_ablation,ebbu2017,kaggle_malicious,42,cross,raw,60000,10831,0.6885846996451347,0.2744364726594531,0.0001846551564952,0.009048102668267
xgb_nowww,targeted_ablation,ebbu2017,kaggle_malicious,42,cross,url_dedup,59967,10805,0.6884134371567707,0.273846197421371,0.0001850994909763,0.0090698750578435
xgb_nowww,targeted_ablation,ebbu2017,kaggle_malicious,42,cross,domain_dedup,40491,8094,0.6714225843377082,0.2782691443101928,0.0001235483073881,0.0058067704472448
xgb_nowww,targeted_ablation,ebbu2017,hannousse,42,cross,raw,11430,5715,0.878627562193396,0.8940502590213368,0.247419072615923,0.4082239720034996
xgb_nowww,targeted_ablation,ebbu2017,hannousse,42,cross,url_dedup,7982,5177,0.8113274227807967,0.9015570530530332,0.2142167278346533,0.3639173266370485
xgb_nowww,targeted_ablation,ebbu2017,hannousse,42,cross,domain_dedup,6546,4429,0.8123106574278067,0.9132424033366692,0.2409121697900203,0.3707383156468729
xgb_nowww,targeted_ablation,ebbu2017,ebbu2017,43,within,raw,11844,5990,0.9248455887930744,0.9297602298688128,0.2260434056761268,0.4527545909849749
xgb_nowww,targeted_ablation,ebbu2017,phiusiil,43,cross,raw,60000,25603,0.6624511420693016,0.6730689112536501,0.1030348006093036,0.1688083427723313
xgb_nowww,targeted_ablation,ebbu2017,phiusiil,43,cross,url_dedup,59970,25601,0.6623920513257632,0.673140621921672,0.1030428498886762,0.1688215304089684
xgb_nowww,targeted_ablation,ebbu2017,phiusiil,43,cross,domain_dedup,57759,24235,0.6560481979942894,0.661960038303297,0.1032803796162574,0.1670724159273777
xgb_nowww,targeted_ablation,ebbu2017,mendeley_phishurl,43,cross,raw,60000,18933,0.8610632246546295,0.7761197420266444,0.1237521787355411,0.2980510220250356
xgb_nowww,targeted_ablation,ebbu2017,mendeley_phishurl,43,cross,url_dedup,58479,17422,0.8529858435173802,0.7511763896834762,0.1165193433589714,0.2810239926529675
xgb_nowww,targeted_ablation,ebbu2017,mendeley_phishurl,43,cross,domain_dedup,40743,14899,0.8188548884575843,0.7536582801685452,0.1068528089133498,0.2370628901268541
xgb_nowww,targeted_ablation,ebbu2017,kaggle_malicious,43,cross,raw,60000,10831,0.6897734193275529,0.2751317117461804,0.0001846551564952,0.0095097405595051
xgb_nowww,targeted_ablation,ebbu2017,kaggle_malicious,43,cross,url_dedup,59967,10805,0.6896074610283248,0.2745427208985949,0.0001850994909763,0.0095326237852845
xgb_nowww,targeted_ablation,ebbu2017,kaggle_malicious,43,cross,domain_dedup,40491,8094,0.6726305925287127,0.2786085360555023,0.0001235483073881,0.0060538670620212
xgb_nowww,targeted_ablation,ebbu2017,hannousse,43,cross,raw,11430,5715,0.878224010275181,0.8938781253235748,0.2418197725284339,0.4167979002624672
xgb_nowww,targeted_ablation,ebbu2017,hannousse,43,cross,url_dedup,7982,5177,0.8090083417777176,0.9007136718720689,0.2285107204944949,0.3583156268108943
xgb_nowww,targeted_ablation,ebbu2017,hannousse,43,cross,domain_dedup,6546,4429,0.8109313662805362,0.912992219737082,0.2571686610973132,0.3596748701738541
xgb_nowww,targeted_ablation,ebbu2017,ebbu2017,44,within,raw,13276,6081,0.9360456971948878,0.9288594541029892,0.2810393027462588,0.480677520144713
xgb_nowww,targeted_ablation,ebbu2017,phiusiil,44,cross,raw,60000,25603,0.6530353052839505,0.6635066349701004,0.1011209623872202,0.1744326836698824
xgb_nowww,targeted_ablation,ebbu2017,phiusiil,44,cross,url_dedup,59970,25601,0.6529699264287477,0.6635801736040148,0.1011288621538221,0.1744463106909886
xgb_nowww,targeted_ablation,ebbu2017,phiusiil,44,cross,domain_dedup,57759,24235,0.6459393240337232,0.6525178371287974,0.1015060862389106,0.1741283268000825
xgb_nowww,targeted_ablation,ebbu2017,mendeley_phishurl,44,cross,raw,60000,18933,0.860642307682726,0.7764068455660103,0.1252310780119368,0.3047588866001162
xgb_nowww,targeted_ablation,ebbu2017,mendeley_phishurl,44,cross,url_dedup,58479,17422,0.8525543369687552,0.7516488034768505,0.1174377224199288,0.2887154172884858
xgb_nowww,targeted_ablation,ebbu2017,mendeley_phishurl,44,cross,domain_dedup,40743,14899,0.8185957349366557,0.7549264037415762,0.1029599301966574,0.243640512786093
xgb_nowww,targeted_ablation,ebbu2017,kaggle_malicious,44,cross,raw,60000,10831,0.6874268381306097,0.274558651310728,9.232757824762255e-05,0.0087711199335241
xgb_nowww,targeted_ablation,ebbu2017,kaggle_malicious,44,cross,url_dedup,59967,10805,0.6872581767978756,0.2739747080672765,9.254974548819992e-05,0.0087922258213789
xgb_nowww,targeted_ablation,ebbu2017,kaggle_malicious,44,cross,domain_dedup,40491,8094,0.6718436904508275,0.2787325467103512,0.0001235483073881,0.0050654806029157
xgb_nowww,targeted_ablation,ebbu2017,hannousse,44,cross,raw,11430,5715,0.877063827214074,0.8924914786138496,0.2572178477690289,0.3982502187226596
xgb_nowww,targeted_ablation,ebbu2017,hannousse,44,cross,url_dedup,7982,5177,0.8086749392365863,0.9000759157651876,0.232953447942824,0.3407378790805486
xgb_nowww,targeted_ablation,ebbu2017,hannousse,44,cross,domain_dedup,6546,4429,0.8099680222026145,0.9120279669249394,0.2610069993226462,0.3621585007902461
xgb_nowww,targeted_ablation,ebbu2017,ebbu2017,45,within,raw,12228,6433,0.9320198764808344,0.9429287538922206,0.2564899735737603,0.4887299860096378
xgb_nowww,targeted_ablation,ebbu2017,phiusiil,45,cross,raw,60000,25603,0.6564866905429573,0.6638435292731104,0.0976448072491504,0.1719329766043041
xgb_nowww,targeted_ablation,ebbu2017,phiusiil,45,cross,url_dedup,59970,25601,0.6564288388260023,0.6639212065786607,0.0976524354517401,0.1719464083434241
xgb_nowww,targeted_ablation,ebbu2017,phiusiil,45,cross,domain_dedup,57759,24235,0.6498169872086565,0.6524622093355255,0.0980812873942645,0.1697132246750567
xgb_nowww,targeted_ablation,ebbu2017,mendeley_phishurl,45,cross,raw,60000,18933,0.85777018264386,0.7695383089202563,0.1243331748798394,0.3018010880473247
xgb_nowww,targeted_ablation,ebbu2017,mendeley_phishurl,45,cross,url_dedup,58479,17422,0.8494778652558669,0.7438232680765847,0.1174951211112386,0.2850419010446562
xgb_nowww,targeted_ablation,ebbu2017,mendeley_phishurl,45,cross,domain_dedup,40743,14899,0.8139922506534455,0.7448471145074509,0.1000067118598563,0.2415598362306195
xgb_nowww,targeted_ablation,ebbu2017,kaggle_malicious,45,cross,raw,60000,10831,0.6884037962529896,0.2751698074144836,9.232757824762255e-05,0.0081248268857907
xgb_nowww,targeted_ablation,ebbu2017,kaggle_malicious,45,cross,url_dedup,59967,10805,0.6882433622685106,0.2745864969933489,9.254974548819992e-05,0.0081443776029615
xgb_nowww,targeted_ablation,ebbu2017,kaggle_malicious,45,cross,domain_dedup,40491,8094,0.673898450926099,0.2796831200558713,0.0001235483073881,0.0050654806029157
xgb_nowww,targeted_ablation,ebbu2017,hannousse,45,cross,raw,11430,5715,0.8767562606730152,0.8925432446736186,0.2570428696412948,0.4090988626421697
xgb_nowww,targeted_ablation,ebbu2017,hannousse,45,cross,url_dedup,7982,5177,0.8077027246180399,0.9000343441843155,0.2246474792350782,0.358701950936836
xgb_nowww,targeted_ablation,ebbu2017,hannousse,45,cross,domain_dedup,6546,4429,0.8085439900821153,0.911668322390152,0.2522013998645292,0.3840596071347934
xgb_nowww,targeted_ablation,ebbu2017,ebbu2017,46,within,raw,13622,6468,0.94360092627795,0.9412174262566506,0.2688620902906617,0.5341682127396413
xgb_nowww,targeted_ablation,ebbu2017,phiusiil,46,cross,raw,60000,25603,0.658593771634008,0.6670182843341432,0.10459711752529,0.179080576494942
xgb_nowww,targeted_ablation,ebbu2017,phiusiil,46,cross,url_dedup,59970,25601,0.658535310026761,0.6670945551888467,0.104605288855904,0.1790945666184914
xgb_nowww,targeted_ablation,ebbu2017,phiusiil,46,cross,domain_dedup,57759,24235,0.6513660106403052,0.6554861726607161,0.1052197235403342,0.1773055498246337
xgb_nowww,targeted_ablation,ebbu2017,mendeley_phishurl,46,cross,raw,60000,18933,0.8602373111706745,0.7750463382426541,0.1264458881318333,0.3005862779274283
xgb_nowww,targeted_ablation,ebbu2017,mendeley_phishurl,46,cross,url_dedup,58479,17422,0.8521167056748585,0.7500688252500805,0.119848467454942,0.2832051429227413
xgb_nowww,targeted_ablation,ebbu2017,mendeley_phishurl,46,cross,domain_dedup,40743,14899,0.8179066434728504,0.7517897889163652,0.1032284045909121,0.2406872944492919
xgb_nowww,targeted_ablation,ebbu2017,kaggle_malicious,46,cross,raw,60000,10831,0.6899584603637148,0.2752740330427287,0.0001846551564952,0.0095097405595051
xgb_nowww,targeted_ablation,ebbu2017,kaggle_malicious,46,cross,url_dedup,59967,10805,0.6897931243419442,0.2746860522945174,0.0001850994909763,0.0095326237852845
xgb_nowww,targeted_ablation,ebbu2017,kaggle_malicious,46,cross,domain_dedup,40491,8094,0.6727227074649972,0.2782715891438869,0.0,0.0064245119841858
xgb_nowww,targeted_ablation,ebbu2017,hannousse,46,cross,raw,11430,5715,0.8798576140362157,0.8948899842870761,0.2656167979002625,0.4090988626421697
xgb_nowww,targeted_ablation,ebbu2017,hannousse,46,cross,url_dedup,7982,5177,0.8128634915781685,0.9024108320425204,0.2169209967162449,0.3588951129998068
xgb_nowww,targeted_ablation,ebbu2017,hannousse,46,cross,domain_dedup,6546,4429,0.8134093976094562,0.9138038745424208,0.2433958004064123,0.3827048995258523
xgb_nowww,full,phiusiil,phiusiil,42,within,raw,14924,8036,0.99830758501667,0.9990318828296484,0.993529118964659,0.995395719263315
xgb_nowww,full,phiusiil,mendeley_phishurl,42,cross,raw,60000,18933,0.7446736955937415,0.6524181724075228,0.1068504727195901,0.2126445888131833
xgb_nowww,full,phiusiil,mendeley_phishurl,42,cross,url_dedup,59776,18757,0.7464546403565834,0.6530251346342688,0.1075331876099589,0.2139467931972064
xgb_nowww,full,phiusiil,mendeley_phishurl,42,cross,domain_dedup,51556,13187,0.802164549804152,0.6733849532620698,0.1359672404640934,0.2443315386365359
xgb_nowww,full,phiusiil,kaggle_malicious,42,cross,raw,60000,10831,0.280941526820386,0.1202282194482719,0.0,0.0
xgb_nowww,full,phiusiil,kaggle_malicious,42,cross,url_dedup,59966,10829,0.2806629083415151,0.1202354779589295,0.0,0.0
xgb_nowww,full,phiusiil,kaggle_malicious,42,cross,domain_dedup,55591,9508,0.2741251515860186,0.1125954290559968,0.0,0.0
xgb_nowww,full,phiusiil,hannousse,42,cross,raw,11430,5715,0.6490381331379946,0.6199754242598976,0.000174978127734,0.0173228346456692
xgb_nowww,full,phiusiil,hannousse,42,cross,url_dedup,11367,5698,0.6471141133780047,0.6196357133625314,0.0001755001755001,0.0173745173745173
xgb_nowww,full,phiusiil,hannousse,42,cross,domain_dedup,9512,4332,0.6714130855231962,0.5867640543606556,0.000230840258541,0.0120036934441366
xgb_nowww,full,phiusiil,ebbu2017,42,cross,raw,60000,30360,0.617503288251286,0.5762663085921959,0.0010540184453227,0.0010540184453227
xgb_nowww,full,phiusiil,ebbu2017,42,cross,url_dedup,59963,30360,0.6171381680594722,0.5763104710835023,0.0010540184453227,0.0010540184453227
xgb_nowww,full,phiusiil,ebbu2017,42,cross,domain_dedup,57229,29934,0.6157564024991269,0.5906088595115672,0.0010690185073829,0.0119596445513462
xgb_nowww,full,phiusiil,phiusiil,43,within,raw,11624,4673,0.99601404136682,0.9968176639773324,0.9871602824737856,0.9905842071474428
xgb_nowww,full,phiusiil,mendeley_phishurl,43,cross,raw,60000,18933,0.7512289991163987,0.6712324742743542,0.181376432683674,0.2153382982094755
xgb_nowww,full,phiusiil,mendeley_phishurl,43,cross,url_dedup,59776,18757,0.7530558532240458,0.6719758336393302,0.1825984965612838,0.2168257183984645
xgb_nowww,full,phiusiil,mendeley_phishurl,43,cross,domain_dedup,51556,13187,0.8088692587206253,0.6973678824343753,0.2375824675817092,0.2832334875255934
xgb_nowww,full,phiusiil,kaggle_malicious,43,cross,raw,60000,10831,0.2810799336885602,0.1209911793930086,0.0008309482042286,0.0008309482042286
xgb_nowww,full,phiusiil,kaggle_malicious,43,cross,url_dedup,59966,10829,0.2807794906885718,0.1209942128941707,0.0008311016714378,0.0008311016714378
xgb_nowww,full,phiusiil,kaggle_malicious,43,cross,domain_dedup,55591,9508,0.2747948336638403,0.113509385545982,0.0009465713083718,0.0009465713083718
xgb_nowww,full,phiusiil,hannousse,43,cross,raw,11430,5715,0.6579899712885845,0.6323540620330249,0.0019247594050743,0.0019247594050743
xgb_nowww,full,phiusiil,hannousse,43,cross,url_dedup,11367,5698,0.6561130404400822,0.6319550287282804,0.0019305019305019,0.0019305019305019
xgb_nowww,full,phiusiil,hannousse,43,cross,domain_dedup,9512,4332,0.6856499356499357,0.6098406558003511,0.0025392428439519,0.0025392428439519
xgb_nowww,full,phiusiil,ebbu2017,43,cross,raw,60000,30360,0.643389024130586,0.6082915062878732,0.0022727272727272,0.0022727272727272
xgb_nowww,full,phiusiil,ebbu2017,43,cross,url_dedup,59963,30360,0.6430377136802492,0.608326017761949,0.0022727272727272,0.0022727272727272
xgb_nowww,full,phiusiil,ebbu2017,43,cross,domain_dedup,57229,29934,0.642615054334655,0.622629922958844,0.0023050711565443,0.0023050711565443
xgb_nowww,full,phiusiil,phiusiil,44,within,raw,13064,6168,0.9974441235130198,0.9982369239552494,0.9915693904020751,0.9936770428015564
xgb_nowww,full,phiusiil,mendeley_phishurl,44,cross,raw,60000,18933,0.7071679319750678,0.6335774231649168,0.1519569006496593,0.2553742143347594
xgb_nowww,full,phiusiil,mendeley_phishurl,44,cross,url_dedup,59776,18757,0.7091362208920895,0.6344364109207796,0.1530095431039078,0.2571839846457323
xgb_nowww,full,phiusiil,mendeley_phishurl,44,cross,domain_dedup,51556,13187,0.786345500622492,0.6772008312676163,0.2005004929096837,0.3360127398195192
xgb_nowww,full,phiusiil,kaggle_malicious,44,cross,raw,60000,10831,0.2824610383262463,0.1216514352554762,0.0,0.0004616378912381
xgb_nowww,full,phiusiil,kaggle_malicious,44,cross,url_dedup,59966,10829,0.2821653179064108,0.1216560641068927,0.0,0.0004617231507987
xgb_nowww,full,phiusiil,kaggle_malicious,44,cross,domain_dedup,55591,9508,0.2745016397814734,0.1136910288450873,0.0,0.0005258729490954
xgb_nowww,full,phiusiil,hannousse,44,cross,raw,11430,5715,0.644286091535146,0.6072191161673431,0.0013998250218722,0.0013998250218722
xgb_nowww,full,phiusiil,hannousse,44,cross,url_dedup,11367,5698,0.64215678292235,0.6066722885708435,0.0014040014040014,0.0014040014040014
xgb_nowww,full,phiusiil,hannousse,44,cross,domain_dedup,9512,4332,0.6721929289796327,0.5854900419062551,0.0018467220683287,0.0018467220683287
xgb_nowww,full,phiusiil,ebbu2017,44,cross,raw,60000,30360,0.6319070940659899,0.5980036667000785,0.0015151515151515,0.0015151515151515
xgb_nowww,full,phiusiil,ebbu2017,44,cross,url_dedup,59963,30360,0.6315236768279681,0.5980301678868056,0.0015151515151515,0.0015151515151515
xgb_nowww,full,phiusiil,ebbu2017,44,cross,domain_dedup,57229,29934,0.6322832879951451,0.6134180939174433,0.0015367141043629,0.0015367141043629
xgb_nowww,full,phiusiil,phiusiil,45,within,raw,12349,5519,0.9976098010413648,0.9981287053061728,0.9903968110164884,0.9922087334662076
xgb_nowww,full,phiusiil,mendeley_phishurl,45,cross,raw,60000,18933,0.7515055342308081,0.6641615781639376,0.1143506047641683,0.1623091955844293
xgb_nowww,full,phiusiil,mendeley_phishurl,45,cross,url_dedup,59776,18757,0.7534797261182061,0.6650029880503117,0.114997067761369,0.1632990350269232
xgb_nowww,full,phiusiil,mendeley_phishurl,45,cross,domain_dedup,51556,13187,0.8181335608405196,0.6977847978907947,0.1490862212785318,0.2127853188746492
xgb_nowww,full,phiusiil,kaggle_malicious,45,cross,raw,60000,10831,0.2817163638022347,0.1209093858391805,0.0,0.0
xgb_nowww,full,phiusiil,kaggle_malicious,45,cross,url_dedup,59966,10829,0.2814418351183762,0.1209174633312305,0.0,0.0
xgb_nowww,full,phiusiil,kaggle_malicious,45,cross,domain_dedup,55591,9508,0.2753180340559261,0.1133253990979284,0.0,0.0
xgb_nowww,full,phiusiil,hannousse,45,cross,raw,11430,5715,0.6457993997469477,0.6121240016922394,0.000349956255468,0.000349956255468
xgb_nowww,full,phiusiil,hannousse,45,cross,url_dedup,11367,5698,0.6437076329914573,0.6115955580772982,0.0003510003510003,0.0003510003510003
xgb_nowww,full,phiusiil,hannousse,45,cross,domain_dedup,9512,4332,0.6711197891599554,0.583183024893411,0.0004616805170821,0.0004616805170821
xgb_nowww,full,phiusiil,ebbu2017,45,cross,raw,60000,30360,0.6394156880813059,0.5944356220141639,6.587615283267457e-05,6.587615283267457e-05
xgb_nowww,full,phiusiil,ebbu2017,45,cross,url_dedup,59963,30360,0.6390529424585167,0.5944691076912869,6.587615283267457e-05,6.587615283267457e-05
xgb_nowww,full,phiusiil,ebbu2017,45,cross,domain_dedup,57229,29934,0.637816294706509,0.6085283030488691,6.681365671143182e-05,6.681365671143182e-05
xgb_nowww,full,phiusiil,phiusiil,46,within,raw,12031,5169,0.9964499536759256,0.997290167981612,0.9883923389437028,0.9903269491197524
xgb_nowww,full,phiusiil,mendeley_phishurl,46,cross,raw,60000,18933,0.7459635300045094,0.6645602126086999,0.1267099772883325,0.1849152273807637
xgb_nowww,full,phiusiil,mendeley_phishurl,46,cross,url_dedup,59776,18757,0.748004929878634,0.6655202850751337,0.1275790371594604,0.186223809777683
xgb_nowww,full,phiusiil,mendeley_phishurl,46,cross,domain_dedup,51556,13187,0.8154792756388933,0.6988658092278266,0.1634943504967013,0.242435732160461
xgb_nowww,full,phiusiil,kaggle_malicious,46,cross,raw,60000,10831,0.2814472516982597,0.1211030079026441,0.0,0.0
xgb_nowww,full,phiusiil,kaggle_malicious,46,cross,url_dedup,59966,10829,0.2811942324727963,0.1211139182927089,0.0,0.0
xgb_nowww,full,phiusiil,kaggle_malicious,46,cross,domain_dedup,55591,9508,0.2768256643180208,0.1137072543556717,0.0,0.0
xgb_nowww,full,phiusiil,hannousse,46,cross,raw,11430,5715,0.6342833589370882,0.6031133208550011,0.000174978127734,0.0134733158355205
xgb_nowww,full,phiusiil,hannousse,46,cross,url_dedup,11367,5698,0.632344577087918,0.6028360219520056,0.0001755001755001,0.0135135135135135
xgb_nowww,full,phiusiil,hannousse,46,cross,domain_dedup,9512,4332,0.6594243655012353,0.5701070461663551,0.000230840258541,0.0083102493074792
xgb_nowww,full,phiusiil,ebbu2017,46,cross,raw,60000,30360,0.6197854791089916,0.5750285896036255,0.0,0.0101449275362318
xgb_nowww,full,phiusiil,ebbu2017,46,cross,url_dedup,59963,30360,0.6194007762450812,0.5750606562286366,0.0,0.0101449275362318
xgb_nowww,full,phiusiil,ebbu2017,46,cross,domain_dedup,57229,29934,0.6177477927779883,0.5892398435159188,0.0,0.0100220485067147
xgb_nowww,full,mendeley_phishurl,mendeley_phishurl,42,within,raw,11979,3514,0.983058685854002,0.9741471697617194,0.8235628912919749,0.8881616391576551
xgb_nowww,full,mendeley_phishurl,phiusiil,42,cross,raw,60000,25603,0.9269217076321924,0.9444915779684796,0.6752333710893255,0.8041245166582042
xgb_nowww,full,mendeley_phishurl,phiusiil,42,cross,url_dedup,59773,25423,0.9264928604518105,0.9440279213487364,0.6764740589230225,0.8041930535342013
xgb_nowww,full,mendeley_phishurl,phiusiil,42,cross,domain_dedup,50234,16741,0.9072179868607972,0.9178929242708908,0.7530613463950779,0.8125560002389344
xgb_nowww,full,mendeley_phishurl,kaggle_malicious,42,cross,raw,60000,10831,0.6080983731916014,0.2484366002983045,0.0024005170344381,0.0161573261933339
xgb_nowww,full,mendeley_phishurl,kaggle_malicious,42,cross,url_dedup,55381,10809,0.6022793848930837,0.258697961287231,0.0007401239707651,0.0137848089555
xgb_nowww,full,mendeley_phishurl,kaggle_malicious,42,cross,domain_dedup,27817,8445,0.5179109778238586,0.3022731968429691,0.0004736530491415,0.0048549437537004
xgb_nowww,full,mendeley_phishurl,hannousse,42,cross,raw,11430,5715,0.7633264673936755,0.7976371531963342,0.1049868766404199,0.2456692913385826
xgb_nowww,full,mendeley_phishurl,hannousse,42,cross,url_dedup,11261,5550,0.7600440906674492,0.7909544250578817,0.1043243243243243,0.2443243243243243
xgb_nowww,full,mendeley_phishurl,hannousse,42,cross,domain_dedup,7961,3946,0.7782225359918047,0.8147423237933455,0.1419158641662443,0.2653319817536746
xgb_nowww,full,mendeley_phishurl,ebbu2017,42,cross,raw,60000,30360,0.9088255675483936,0.9142947729653284,0.1902832674571805,0.37266139657444
xgb_nowww,full,mendeley_phishurl,ebbu2017,42,cross,url_dedup,56886,27260,0.90891547432187,0.9070868314306898,0.192993396918562,0.3753118121790169
xgb_nowww,full,mendeley_phishurl,ebbu2017,42,cross,domain_dedup,36481,18306,0.8882826310057466,0.8942276864339929,0.1509341199606686,0.31765541352562
xgb_nowww,full,mendeley_phishurl,mendeley_phishurl,43,within,raw,12746,3709,0.9869490733595652,0.9804089279068892,0.789431113507684,0.9236991102723106
xgb_nowww,full,mendeley_phishurl,phiusiil,43,cross,raw,60000,25603,0.9280004918457254,0.9453651438860312,0.6667187438971995,0.8027184314338164
xgb_nowww,full,mendeley_phishurl,phiusiil,43,cross,url_dedup,59773,25423,0.927579412240094,0.9449093463785512,0.6682138221295677,0.80285568186288
xgb_nowww,full,mendeley_phishurl,phiusiil,43,cross,domain_dedup,50234,16741,0.907983138759488,0.9189170616675004,0.7535989486888477,0.8145272086494235
xgb_nowww,full,mendeley_phishurl,kaggle_malicious,43,cross,raw,60000,10831,0.5907123629511513,0.2426273094883158,0.0012925860954667,0.0192041362755054
xgb_nowww,full,mendeley_phishurl,kaggle_malicious,43,cross,url_dedup,55381,10809,0.5848607709861042,0.2527232478299305,0.0012952169488389,0.0179480062910537
xgb_nowww,full,mendeley_phishurl,kaggle_malicious,43,cross,domain_dedup,27817,8445,0.503558140655053,0.2971892108714099,0.0004736530491415,0.0055654233274126
xgb_nowww,full,mendeley_phishurl,hannousse,43,cross,raw,11430,5715,0.7581854477289202,0.7924169416573398,0.0874890638670166,0.2552930883639545
xgb_nowww,full,mendeley_phishurl,hannousse,43,cross,url_dedup,11261,5550,0.7549307248064032,0.7858974161524398,0.0868468468468468,0.2545945945945946
xgb_nowww,full,mendeley_phishurl,hannousse,43,cross,domain_dedup,7961,3946,0.7718846393939605,0.8099255478858806,0.1540800810947795,0.2906741003547896
xgb_nowww,full,mendeley_phishurl,ebbu2017,43,cross,raw,60000,30360,0.906653564779995,0.9126191652938492,0.1995388669301712,0.3779973649538867
xgb_nowww,full,mendeley_phishurl,ebbu2017,43,cross,url_dedup,56886,27260,0.906861015777074,0.905559089969065,0.2031914893617021,0.382061628760088
xgb_nowww,full,mendeley_phishurl,ebbu2017,43,cross,domain_dedup,36481,18306,0.8852979089544682,0.8921727039604949,0.1273352999016715,0.3302742270293892
xgb_nowww,full,mendeley_phishurl,mendeley_phishurl,44,within,raw,10675,3893,0.9621594703436356,0.9542734616148928,0.697148728487028,0.811199589005908
xgb_nowww,full,mendeley_phishurl,phiusiil,44,cross,raw,60000,25603,0.9270106391513242,0.9446853613825016,0.6723821427176503,0.8020935046674218
xgb_nowww,full,mendeley_phishurl,phiusiil,44,cross,url_dedup,59773,25423,0.9265738024130976,0.9442231675370588,0.67379931558038,0.8021869960272194
xgb_nowww,full,mendeley_phishurl,phiusiil,44,cross,domain_dedup,50234,16741,0.9071064650203072,0.9180142475597948,0.7482826593393466,0.811958664356968
xgb_nowww,full,mendeley_phishurl,kaggle_malicious,44,cross,raw,60000,10831,0.6041103575362137,0.2431719709855951,0.0005539654694857,0.011725602437448
xgb_nowww,full,mendeley_phishurl,kaggle_malicious,44,cross,url_dedup,55381,10809,0.5983648120568407,0.2534671473781634,0.0005550929780738,0.0107317975760939
xgb_nowww,full,mendeley_phishurl,kaggle_malicious,44,cross,domain_dedup,27817,8445,0.5159951243467619,0.298975175386698,0.0,0.001894612196566
xgb_nowww,full,mendeley_phishurl,hannousse,44,cross,raw,11430,5715,0.760490887895356,0.7951987127653722,0.0846894138232721,0.252843394575678
xgb_nowww,full,mendeley_phishurl,hannousse,44,cross,url_dedup,11261,5550,0.7571914481457469,0.7886275528681391,0.0845045045045045,0.2515315315315315
xgb_nowww,full,mendeley_phishurl,hannousse,44,cross,domain_dedup,7961,3946,0.7728971880031735,0.8103094337714871,0.1302584896097313,0.2787633046122655
xgb_nowww,full,mendeley_phishurl,ebbu2017,44,cross,raw,60000,30360,0.9059417883953068,0.9110263951236266,0.1729249011857707,0.3566205533596838
xgb_nowww,full,mendeley_phishurl,ebbu2017,44,cross,url_dedup,56886,27260,0.906236726489824,0.903831234192,0.1778429933969185,0.3611151870873074
xgb_nowww,full,mendeley_phishurl,ebbu2017,44,cross,domain_dedup,36481,18306,0.8849886891513085,0.8906335774963274,0.1419206817436906,0.3058013765978368
xgb_nowww,full,mendeley_phishurl,mendeley_phishurl,45,within,raw,13399,3390,0.9798300850768232,0.9680542430164168,0.8238938053097346,0.8793510324483775
xgb_nowww,full,mendeley_phishurl,phiusiil,45,cross,raw,60000,25603,0.9258319158451908,0.9436099205915196,0.6714056946451588,0.8017029254384251
xgb_nowww,full,mendeley_phishurl,phiusiil,45,cross,url_dedup,59773,25423,0.9254123502535068,0.9431559265931292,0.6728159540573496,0.8018723203398498
xgb_nowww,full,mendeley_phishurl,phiusiil,45,cross,domain_dedup,50234,16741,0.906128778507261,0.9168478204160636,0.744519443282958,0.8115405292395914
xgb_nowww,full,mendeley_phishurl,kaggle_malicious,45,cross,raw,60000,10831,0.5940960206325558,0.2451836121489987,0.0022158618779429,0.0174499122888006
xgb_nowww,full,mendeley_phishurl,kaggle_malicious,45,cross,url_dedup,55381,10809,0.588021567319113,0.2551062701443859,0.0022203719122953,0.0157276343787584
xgb_nowww,full,mendeley_phishurl,kaggle_malicious,45,cross,domain_dedup,27817,8445,0.5047554153651416,0.2970823182059879,0.0008288928359976,0.0041444641799881
xgb_nowww,full,mendeley_phishurl,hannousse,45,cross,raw,11430,5715,0.7612814277480406,0.7974657517849599,0.1291338582677165,0.2591426071741032
xgb_nowww,full,mendeley_phishurl,hannousse,45,cross,url_dedup,11261,5550,0.7580091367851829,0.7910193711131457,0.1295495495495495,0.2590990990990991
xgb_nowww,full,mendeley_phishurl,hannousse,45,cross,domain_dedup,7961,3946,0.7749259461005011,0.8143132480273891,0.1611758743030917,0.3068930562595033
xgb_nowww,full,mendeley_phishurl,ebbu2017,45,cross,raw,60000,30360,0.9093798479203228,0.9151957755208971,0.1746047430830039,0.3816534914361001
xgb_nowww,full,mendeley_phishurl,ebbu2017,45,cross,url_dedup,56886,27260,0.9092091551070104,0.908015204463868,0.1795304475421863,0.3856199559794571
xgb_nowww,full,mendeley_phishurl,ebbu2017,45,cross,domain_dedup,36481,18306,0.8869081806748217,0.8940276889975428,0.1408281437779963,0.3243198951163553
xgb_nowww,full,mendeley_phishurl,mendeley_phishurl,46,within,raw,10950,3747,0.985861334724682,0.9814964752393354,0.767013610888711,0.8833733653589538
xgb_nowww,full,mendeley_phishurl,phiusiil,46,cross,raw,60000,25603,0.9283252833932664,0.9453239258848468,0.6712494629535601,0.8100613209389524
xgb_nowww,full,mendeley_phishurl,phiusiil,46,cross,url_dedup,59773,25423,0.9279038911973312,0.944868929201059,0.6725799472918224,0.8101718915942256
xgb_nowww,full,mendeley_phishurl,phiusiil,46,cross,domain_dedup,50234,16741,0.9089358897587444,0.9190749709093312,0.7559882922167135,0.8154829460605698
xgb_nowww,full,mendeley_phishurl,kaggle_malicious,46,cross,raw,60000,10831,0.5945748550492793,0.242576355523104,0.0017542239867048,0.0126488782199242
xgb_nowww,full,mendeley_phishurl,kaggle_malicious,46,cross,url_dedup,55381,10809,0.5888490706111429,0.252828955027373,0.0017577944305671,0.0113794060505134
xgb_nowww,full,mendeley_phishurl,kaggle_malicious,46,cross,domain_dedup,27817,8445,0.5078362017925317,0.2967694719908376,0.0001184132622853,0.0034339846062759
xgb_nowww,full,mendeley_phishurl,hannousse,46,cross,raw,11430,5715,0.7631480295059355,0.7975255351125166,0.0925634295713035,0.2608923884514436
xgb_nowww,full,mendeley_phishurl,hannousse,46,cross,url_dedup,11261,5550,0.7599330673695934,0.7911186048727168,0.092072072072072,0.2598198198198198
xgb_nowww,full,mendeley_phishurl,hannousse,46,cross,domain_dedup,7961,3946,0.7774684896160431,0.8155903105185918,0.1502787633046122,0.2921946274708565
xgb_nowww,full,mendeley_phishurl,ebbu2017,46,cross,raw,60000,30360,0.9133798400302976,0.9191114999607632,0.1676218708827404,0.3992094861660079
xgb_nowww,full,mendeley_phishurl,ebbu2017,46,cross,url_dedup,56886,27260,0.9137951205240544,0.9126043854060052,0.1699559794570799,0.4029347028613353
xgb_nowww,full,mendeley_phishurl,ebbu2017,46,cross,domain_dedup,36481,18306,0.8924819472002099,0.8993431477792774,0.134163662187261,0.3457336392439637
xgb_nowww,full,kaggle_malicious,kaggle_malicious,42,within,raw,12523,2109,0.8908722510629862,0.7261425336955493,0.2740635372214319,0.4096728307254623
xgb_nowww,full,kaggle_malicious,phiusiil,42,cross,raw,60000,25603,0.071352252841905,0.2589361957257597,3.905792289966019e-05,0.0003124633831972
xgb_nowww,full,kaggle_malicious,phiusiil,42,cross,url_dedup,59966,25601,0.0713183154941529,0.2590833718962946,3.906097418069607e-05,0.0003124877934455
xgb_nowww,full,kaggle_malicious,phiusiil,42,cross,domain_dedup,52752,19367,0.0679007735768633,0.2161944847458191,5.163422316311251e-05,0.0003098053389786
xgb_nowww,full,kaggle_malicious,mendeley_phishurl,42,cross,raw,60000,18933,0.3101760100371037,0.2761773953551475,0.0011619922885966,0.0236623884223313
xgb_nowww,full,kaggle_malicious,mendeley_phishurl,42,cross,url_dedup,55379,18909,0.3098224538773825,0.2975527029715985,0.0011634671320535,0.0214183722037125
xgb_nowww,full,kaggle_malicious,mendeley_phishurl,42,cross,domain_dedup,28121,15987,0.2369862096107859,0.4568669176189667,0.0004378557578032,0.006129980609245
xgb_nowww,full,kaggle_malicious,hannousse,42,cross,raw,11430,5715,0.5680895924754812,0.5520456966283437,0.0033245844269466,0.0288713910761154
xgb_nowww,full,kaggle_malicious,hannousse,42,cross,url_dedup,11033,5320,0.564071669415092,0.5316700668967921,0.0030075187969924,0.0278195488721804
xgb_nowww,full,kaggle_malicious,hannousse,42,cross,domain_dedup,7697,3663,0.5367817788492057,0.4899647782763489,0.003003003003003,0.0147420147420147
xgb_nowww,full,kaggle_malicious,ebbu2017,42,cross,raw,60000,30360,0.5448908020532736,0.4776284309296692,0.0001317523056653,0.0021080368906455
xgb_nowww,full,kaggle_malicious,ebbu2017,42,cross,url_dedup,59950,30325,0.5450054430031896,0.4775421817582276,0.0001319043693322,0.0021104699093157
xgb_nowww,full,kaggle_malicious,ebbu2017,42,cross,domain_dedup,46489,28616,0.6163357046574736,0.6244154485796989,0.0006639642158233,0.0034246575342465
xgb_nowww,full,kaggle_malicious,kaggle_malicious,43,within,raw,13894,1917,0.8941542843222942,0.7170149869825394,0.3390714658320292,0.4387063119457485
xgb_nowww,full,kaggle_malicious,phiusiil,43,cross,raw,60000,25603,0.0522333768724461,0.2572627029267292,0.0,0.0001171737686989
xgb_nowww,full,kaggle_malicious,phiusiil,43,cross,url_dedup,59966,25601,0.0521843498617972,0.257406877839814,0.0,0.000117182922542
xgb_nowww,full,kaggle_malicious,phiusiil,43,cross,domain_dedup,52752,19367,0.0480966493982656,0.2148102727865072,0.0,0.0001549026694893
xgb_nowww,full,kaggle_malicious,mendeley_phishurl,43,cross,raw,60000,18933,0.2948708559910183,0.2568118290876833,0.0004753604816986,0.0149474462578566
xgb_nowww,full,kaggle_malicious,mendeley_phishurl,43,cross,url_dedup,55379,18909,0.2944719062942174,0.2777737048172092,0.0003173092178327,0.0136971812364482
xgb_nowww,full,kaggle_malicious,mendeley_phishurl,43,cross,domain_dedup,28121,15987,0.2237771089950093,0.4381819070853878,6.255082254331645e-05,0.0035028460624257
xgb_nowww,full,kaggle_malicious,hannousse,43,cross,raw,11430,5715,0.5625016208057108,0.5410838651965044,0.0008748906386701,0.0183727034120734
xgb_nowww,full,kaggle_malicious,hannousse,43,cross,url_dedup,11033,5320,0.5581447273004847,0.5204954293947649,0.0009398496240601,0.0165413533834586
xgb_nowww,full,kaggle_malicious,hannousse,43,cross,domain_dedup,7697,3663,0.5294856875174179,0.4801035183940909,0.0005460005460005,0.0092820092820092
xgb_nowww,full,kaggle_malicious,ebbu2017,43,cross,raw,60000,30360,0.5455515110842628,0.4782574785310898,3.293807641633728e-05,0.0021739130434782
xgb_nowww,full,kaggle_malicious,ebbu2017,43,cross,url_dedup,59950,30325,0.545658428070029,0.4781691348586737,3.2976092333058534e-05,0.0021764220939818
xgb_nowww,full,kaggle_malicious,ebbu2017,43,cross,domain_dedup,46489,28616,0.6189481773453276,0.6261759394991032,0.0006639642158233,0.0034945485043332
xgb_nowww,full,kaggle_malicious,kaggle_malicious,44,within,raw,9851,1934,0.8978037913779453,0.7711159579964824,0.3562564632885212,0.451913133402275
xgb_nowww,full,kaggle_malicious,phiusiil,44,cross,raw,60000,25603,0.0478945414870498,0.2565064729369355,0.0,0.0001562316915986
xgb_nowww,full,kaggle_malicious,phiusiil,44,cross,url_dedup,59966,25601,0.0478484782925981,0.2566510507200776,0.0,0.0001562438967227
xgb_nowww,full,kaggle_malicious,phiusiil,44,cross,domain_dedup,52752,19367,0.045194530756462,0.2143211335413498,0.0,0.0001549026694893
xgb_nowww,full,kaggle_malicious,mendeley_phishurl,44,cross,raw,60000,18933,0.3038206514649084,0.2746609047486293,0.000686631806898,0.0260391908308244
xgb_nowww,full,kaggle_malicious,mendeley_phishurl,44,cross,url_dedup,55379,18909,0.3034241365239948,0.2954727155463644,0.0006346184356655,0.0234279972499867
xgb_nowww,full,kaggle_malicious,mendeley_phishurl,44,cross,domain_dedup,28121,15987,0.2388807072096828,0.4574540134231716,6.255082254331645e-05,0.0049415149809219
xgb_nowww,full,kaggle_malicious,hannousse,44,cross,raw,11430,5715,0.5745195258291751,0.5596627992022178,0.0012248468941382,0.0227471566054243
xgb_nowww,full,kaggle_malicious,hannousse,44,cross,url_dedup,11033,5320,0.5706067417800584,0.5395827112404116,0.0013157894736842,0.0210526315789473
xgb_nowww,full,kaggle_malicious,hannousse,44,cross,domain_dedup,7697,3663,0.5449472210751338,0.5022706593563376,0.001092001092001,0.0147420147420147
xgb_nowww,full,kaggle_malicious,ebbu2017,44,cross,raw,60000,30360,0.5489485547029884,0.4800185766672605,0.0001646903820816,0.0018774703557312
xgb_nowww,full,kaggle_malicious,ebbu2017,44,cross,url_dedup,59950,30325,0.5490566719887575,0.4799287725167016,0.0001648804616652,0.0018796372629843
xgb_nowww,full,kaggle_malicious,ebbu2017,44,cross,domain_dedup,46489,28616,0.6226464725155765,0.6280683139285318,0.0005591277606933,0.0033198210791165
xgb_nowww,full,kaggle_malicious,kaggle_malicious,45,within,raw,12371,1941,0.8707687174327217,0.6925469580227817,0.315816589386914,0.401854714064915
xgb_nowww,full,kaggle_malicious,phiusiil,45,cross,raw,60000,25603,0.0532496771527187,0.2574219819207508,0.0,0.0001562316915986
xgb_nowww,full,kaggle_malicious,phiusiil,45,cross,url_dedup,59966,25601,0.053200677991212,0.2575659872313909,0.0,0.0001562438967227
xgb_nowww,full,kaggle_malicious,phiusiil,45,cross,domain_dedup,52752,19367,0.0498270593782508,0.2149840411724231,0.0,0.0002065368926524
xgb_nowww,full,kaggle_malicious,mendeley_phishurl,45,cross,raw,60000,18933,0.3080280160891908,0.2655346319908735,0.0004225426503987,0.0159509850525537
xgb_nowww,full,kaggle_malicious,mendeley_phishurl,45,cross,url_dedup,55379,18909,0.307579869312743,0.2866898091716339,0.0002644243481939,0.0143846845417526
xgb_nowww,full,kaggle_malicious,mendeley_phishurl,45,cross,domain_dedup,28121,15987,0.2338149411593887,0.4458385861364501,0.0001251016450866,0.0041909051104022
xgb_nowww,full,kaggle_malicious,hannousse,45,cross,raw,11430,5715,0.569900087948324,0.5539966134184668,0.0008748906386701,0.0225721784776902
xgb_nowww,full,kaggle_malicious,hannousse,45,cross,url_dedup,11033,5320,0.5651327963265418,0.5329194037291639,0.0009398496240601,0.0210526315789473
xgb_nowww,full,kaggle_malicious,hannousse,45,cross,domain_dedup,7697,3663,0.5332516227409634,0.4887547926791634,0.0008190008190008,0.0128310128310128
xgb_nowww,full,kaggle_malicious,ebbu2017,45,cross,raw,60000,30360,0.5496365965587934,0.4803294403967607,3.293807641633728e-05,0.0018115942028985
xgb_nowww,full,kaggle_malicious,ebbu2017,45,cross,url_dedup,59950,30325,0.5497460982812777,0.48023932391963,3.2976092333058534e-05,0.0018136850783182
xgb_nowww,full,kaggle_malicious,ebbu2017,45,cross,domain_dedup,46489,28616,0.6214366094962468,0.6278903181875652,0.0004542913055633,0.0031800391389432
xgb_nowww,full,kaggle_malicious,kaggle_malicious,46,within,raw,10545,2082,0.8937366564725492,0.7407171737492392,0.2905859750240154,0.3948126801152737
xgb_nowww,full,kaggle_malicious,phiusiil,46,cross,raw,60000,25603,0.0422337060663417,0.2558100253126608,3.905792289966019e-05,0.0001171737686989
xgb_nowww,full,kaggle_malicious,phiusiil,46,cross,url_dedup,59966,25601,0.0421899781543275,0.2559550212856628,3.906097418069607e-05,0.000117182922542
xgb_nowww,full,kaggle_malicious,phiusiil,46,cross,domain_dedup,52752,19367,0.0391419589201461,0.2136722738820149,5.163422316311251e-05,0.0001549026694893
xgb_nowww,full,kaggle_malicious,mendeley_phishurl,46,cross,raw,60000,18933,0.3115841562870921,0.2763617827737126,0.0010563566259969,0.0266201869751228
xgb_nowww,full,kaggle_malicious,mendeley_phishurl,46,cross,url_dedup,55379,18909,0.3111451730564191,0.2972540749735445,0.0009519276534983,0.0236924215981807
xgb_nowww,full,kaggle_malicious,mendeley_phishurl,46,cross,domain_dedup,28121,15987,0.2328258814085686,0.4528382152661758,0.0002502032901732,0.0093200725589541
xgb_nowww,full,kaggle_malicious,hannousse,46,cross,raw,11430,5715,0.5758808036134591,0.5663010200278614,0.0010498687664041,0.0285214348206474
xgb_nowww,full,kaggle_malicious,hannousse,46,cross,url_dedup,11033,5320,0.5719718186591982,0.54690928237522,0.0011278195488721,0.0270676691729323
xgb_nowww,full,kaggle_malicious,hannousse,46,cross,domain_dedup,7697,3663,0.5438187770860057,0.5082705579901505,0.0013650013650013,0.0185640185640185
xgb_nowww,full,kaggle_malicious,ebbu2017,46,cross,raw,60000,30360,0.5463403091156238,0.4789083244170338,0.000197628458498,0.0020092226613965
xgb_nowww,full,kaggle_malicious,ebbu2017,46,cross,url_dedup,59950,30325,0.5464434861434321,0.4788159961519079,0.0001978565539983,0.0020115416323165
xgb_nowww,full,kaggle_malicious,ebbu2017,46,cross,domain_dedup,46489,28616,0.6177991536470604,0.6261239797545934,0.0010833100363433,0.0032848755940732
xgb_nowww,full,hannousse,hannousse,42,within,raw,1939,907,0.9274633983744008,0.9226975821589992,0.1223814773980154,0.4399117971334068
xgb_nowww,full,hannousse,phiusiil,42,cross,raw,60000,25603,0.7928508441285571,0.8276624643622567,0.2825450142561418,0.470804202632504
xgb_nowww,full,hannousse,phiusiil,42,cross,url_dedup,59936,25585,0.7927356895030482,0.827621328890759,0.2825874535860856,0.4706664060973226
xgb_nowww,full,hannousse,phiusiil,42,cross,domain_dedup,53925,19850,0.7403816762180033,0.7488219524698906,0.2163727959697733,0.3878589420654912
xgb_nowww,full,hannousse,mendeley_phishurl,42,cross,raw,60000,18933,0.9111994902736524,0.8512581947215505,0.1851793165372629,0.3935456610151587
xgb_nowww,full,hannousse,mendeley_phishurl,42,cross,url_dedup,59839,18776,0.9107686371916012,0.849905262643992,0.1854495100127823,0.3935342991052407
xgb_nowww,full,hannousse,mendeley_phishurl,42,cross,domain_dedup,46321,16337,0.8948288794565687,0.8454301851553322,0.1595764216196364,0.3517169614984391
xgb_nowww,full,hannousse,kaggle_malicious,42,cross,raw,60000,10831,0.6728387202375777,0.2654696232518188,0.0007386206259809,0.0096943957160003
xgb_nowww,full,hannousse,kaggle_malicious,42,cross,url_dedup,59648,10482,0.6655270181382181,0.2525404593477487,0.0006678114863575,0.0094447624499141
xgb_nowww,full,hannousse,kaggle_malicious,42,cross,domain_dedup,45927,8736,0.634446863830737,0.2480199784121396,0.0005723443223443,0.005837912087912
xgb_nowww,full,hannousse,ebbu2017,42,cross,raw,60000,30360,0.9609176571426284,0.9614563757032416,0.2987483530961792,0.5299077733860342
xgb_nowww,full,hannousse,ebbu2017,42,cross,url_dedup,54857,29276,0.955534700917797,0.9603290778716702,0.2851140866238557,0.508027052876076
xgb_nowww,full,hannousse,ebbu2017,42,cross,domain_dedup,42403,27806,0.9386695882620032,0.9652848923200552,0.2492627490469682,0.4461626986981227
xgb_nowww,full,hannousse,hannousse,43,within,raw,2229,1037,0.9194485253667976,0.9150911173935444,0.2622950819672131,0.4300867888138862
xgb_nowww,full,hannousse,phiusiil,43,cross,raw,60000,25603,0.7912344607686976,0.8273774327823182,0.2782877006600789,0.4746709369995703
xgb_nowww,full,hannousse,phiusiil,43,cross,url_dedup,59936,25585,0.7911322755022787,0.8273468085601607,0.2783271448114129,0.4744967754543678
xgb_nowww,full,hannousse,phiusiil,43,cross,domain_dedup,53925,19850,0.7385263969869398,0.7486156229442539,0.2208564231738035,0.3835768261964735
xgb_nowww,full,hannousse,mendeley_phishurl,43,cross,raw,60000,18933,0.9110423081272152,0.8517846337949001,0.1838060529234669,0.4042676807690276
xgb_nowww,full,hannousse,mendeley_phishurl,43,cross,url_dedup,59839,18776,0.9106090902688824,0.8504436891086797,0.1842245419684703,0.4041329356625479
xgb_nowww,full,hannousse,mendeley_phishurl,43,cross,domain_dedup,46321,16337,0.895602504192479,0.8468735751473757,0.1622696945583644,0.3617555242700618
xgb_nowww,full,hannousse,kaggle_malicious,43,cross,raw,60000,10831,0.669695290956827,0.2648898544107574,0.0006462930477333,0.0095097405595051
xgb_nowww,full,hannousse,kaggle_malicious,43,cross,url_dedup,59648,10482,0.6622599126294364,0.2519239162863093,0.0006678114863575,0.0091585575271894
xgb_nowww,full,hannousse,kaggle_malicious,43,cross,domain_dedup,45927,8736,0.63058638283239,0.2475481260698159,0.0006868131868131,0.0069826007326007
xgb_nowww,full,hannousse,ebbu2017,43,cross,raw,60000,30360,0.9612459833104856,0.9618597685810368,0.2932147562582345,0.5374835309617918
xgb_nowww,full,hannousse,ebbu2017,43,cross,url_dedup,54857,29276,0.9559305846086932,0.960759498918296,0.2723391173657603,0.5120576581500205
xgb_nowww,full,hannousse,ebbu2017,43,cross,domain_dedup,42403,27806,0.9392825808619464,0.9656833159064612,0.2355966338200388,0.4486441775156441
xgb_nowww,full,hannousse,hannousse,44,within,raw,2670,1384,0.9099891337570456,0.9183172975017462,0.2940751445086705,0.4212427745664739
xgb_nowww,full,hannousse,phiusiil,44,cross,raw,60000,25603,0.7912616441610067,0.8255482717679414,0.2608288091239308,0.4662344256532437
xgb_nowww,full,hannousse,phiusiil,44,cross,url_dedup,59936,25585,0.7911475621713867,0.8255082687447715,0.2608559702950948,0.4660152433066249
xgb_nowww,full,hannousse,phiusiil,44,cross,domain_dedup,53925,19850,0.7383834873066709,0.7456612950918383,0.1990931989924433,0.3825692695214105
xgb_nowww,full,hannousse,mendeley_phishurl,44,cross,raw,60000,18933,0.9114824065619966,0.8515462534676976,0.181006707864575,0.3977182696878466
xgb_nowww,full,hannousse,mendeley_phishurl,44,cross,url_dedup,59839,18776,0.9110545020656372,0.8502098681902424,0.1812952705581593,0.3976352790796761
xgb_nowww,full,hannousse,mendeley_phishurl,44,cross,domain_dedup,46321,16337,0.8959737505266118,0.8467111745701779,0.151190549060415,0.3590010405827263
xgb_nowww,full,hannousse,kaggle_malicious,44,cross,raw,60000,10831,0.6739002423397539,0.2665565077495307,0.0008309482042286,0.0100637060289908
xgb_nowww,full,hannousse,kaggle_malicious,44,cross,url_dedup,59648,10482,0.6666162153311007,0.2536761840986837,0.000858614768174,0.0099217706544552
xgb_nowww,full,hannousse,kaggle_malicious,44,cross,domain_dedup,45927,8736,0.6343706374346347,0.2484846181440723,0.0009157509157509,0.0065247252747252
xgb_nowww,full,hannousse,ebbu2017,44,cross,raw,60000,30360,0.9619842573997324,0.9626180762353566,0.3102766798418972,0.5365942028985508
xgb_nowww,full,hannousse,ebbu2017,44,cross,url_dedup,54857,29276,0.9567596809406133,0.9615313127933626,0.3080680420822517,0.5148244295668807
xgb_nowww,full,hannousse,ebbu2017,44,cross,domain_dedup,42403,27806,0.9402871457552884,0.9663160237490146,0.2738257929943177,0.4467740775372222
xgb_nowww,full,hannousse,hannousse,45,within,raw,2161,824,0.9246583424708266,0.8987905508731889,0.2366504854368932,0.441747572815534
xgb_nowww,full,hannousse,phiusiil,45,cross,raw,60000,25603,0.7866715541549489,0.8228785987968059,0.2676248877084716,0.4705307971722063
xgb_nowww,full,hannousse,phiusiil,45,cross,url_dedup,59936,25585,0.7865543703895753,0.8228362772130344,0.26765683017393,0.4703537228845026
xgb_nowww,full,hannousse,phiusiil,45,cross,domain_dedup,53925,19850,0.7324812173472726,0.7419795069358035,0.2012090680100755,0.3838790931989924
xgb_nowww,full,hannousse,mendeley_phishurl,45,cross,raw,60000,18933,0.9115878711682356,0.8521855471502333,0.1732424866634976,0.3990387154703428
xgb_nowww,full,hannousse,mendeley_phishurl,45,cross,url_dedup,59839,18776,0.9111617499505396,0.8508488372018841,0.1734661269706007,0.3989135066041755
xgb_nowww,full,hannousse,mendeley_phishurl,45,cross,domain_dedup,46321,16337,0.8964315868791853,0.8476405900396885,0.1540062434963579,0.3455346758890861
xgb_nowww,full,hannousse,kaggle_malicious,45,cross,raw,60000,10831,0.6672362920280908,0.2642426793626214,0.0007386206259809,0.0125565506416766
xgb_nowww,full,hannousse,kaggle_malicious,45,cross,url_dedup,59648,10482,0.6597270180792298,0.2511842141668431,0.0007632131272657,0.0122114100362526
xgb_nowww,full,hannousse,kaggle_malicious,45,cross,domain_dedup,45927,8736,0.6295742331955732,0.2468166066960119,0.0006868131868131,0.0108745421245421
xgb_nowww,full,hannousse,ebbu2017,45,cross,raw,60000,30360,0.9611657934298096,0.9617992097200102,0.3015480895915678,0.533399209486166
xgb_nowww,full,hannousse,ebbu2017,45,cross,url_dedup,54857,29276,0.9557948558997572,0.960665556705495,0.2939950812952589,0.5160199480803388
xgb_nowww,full,hannousse,ebbu2017,45,cross,domain_dedup,42403,27806,0.9387353496323244,0.9653957356953008,0.2654103430914191,0.4530676832338344
xgb_nowww,full,hannousse,hannousse,46,within,raw,1923,910,0.9466989575084346,0.9455864780856224,0.3527472527472527,0.4659340659340659
xgb_nowww,full,hannousse,phiusiil,46,cross,raw,60000,25603,0.7938523993247291,0.8290885717816915,0.2589930867476467,0.4717025348591961
xgb_nowww,full,hannousse,phiusiil,46,cross,url_dedup,59936,25585,0.79373570050012,0.8290474122886188,0.2590580418213797,0.4715653703341801
xgb_nowww,full,hannousse,phiusiil,46,cross,domain_dedup,53925,19850,0.7409202503737681,0.7504372321086414,0.1970780856423173,0.381712846347607
xgb_nowww,full,hannousse,mendeley_phishurl,46,cross,raw,60000,18933,0.9116480064819712,0.8525853419328535,0.1829081497913695,0.4028944171552316
xgb_nowww,full,hannousse,mendeley_phishurl,46,cross,url_dedup,59839,18776,0.9112154744119424,0.8512380037689387,0.1831060928845334,0.403014486578611
xgb_nowww,full,hannousse,mendeley_phishurl,46,cross,domain_dedup,46321,16337,0.8959166114441628,0.8474577781579259,0.1677786619330354,0.3569198751300728
xgb_nowww,full,hannousse,kaggle_malicious,46,cross,raw,60000,10831,0.6717099489799669,0.264525043581997,0.0007386206259809,0.0110793093897147
xgb_nowww,full,hannousse,kaggle_malicious,46,cross,url_dedup,59648,10482,0.6643306905646786,0.2514240398853227,0.0006678114863575,0.0107803854226292
xgb_nowww,full,hannousse,kaggle_malicious,46,cross,domain_dedup,45927,8736,0.6328219698200843,0.2472613439150445,0.0006868131868131,0.0072115384615384
xgb_nowww,full,hannousse,ebbu2017,46,cross,raw,60000,30360,0.9615097696290488,0.9621536981301624,0.3017786561264822,0.5379117259552042
xgb_nowww,full,hannousse,ebbu2017,46,cross,url_dedup,54857,29276,0.9561917450527884,0.961035262637226,0.2844309331875939,0.5207337067905452
xgb_nowww,full,hannousse,ebbu2017,46,cross,domain_dedup,42403,27806,0.9393919211663194,0.965797465611026,0.243544558728332,0.4578508235632597
xgb_nowww,full,ebbu2017,ebbu2017,42,within,raw,11279,5871,0.9706555212210454,0.9731699085825803,0.3966956225515244,0.6126724578436382
xgb_nowww,full,ebbu2017,phiusiil,42,cross,raw,60000,25603,0.676729708991472,0.754655885647028,0.4054212396984728,0.4596726946061008
xgb_nowww,full,ebbu2017,phiusiil,42,cross,url_dedup,59970,25601,0.676673275490125,0.7546931642478096,0.4053747900472638,0.4596304831842506
xgb_nowww,full,ebbu2017,phiusiil,42,cross,domain_dedup,57759,24235,0.685700200875338,0.7592734572913808,0.4202599546110996,0.4747266350319785
xgb_nowww,full,ebbu2017,mendeley_phishurl,42,cross,raw,60000,18933,0.9343992400488068,0.8959670985671881,0.3736861564464163,0.555854856599588
xgb_nowww,full,ebbu2017,mendeley_phishurl,42,cross,url_dedup,58479,17422,0.929002567239896,0.8796472227418208,0.3423257949718746,0.5221558948455975
xgb_nowww,full,ebbu2017,mendeley_phishurl,42,cross,domain_dedup,40743,14899,0.9186725702015508,0.8886101336304345,0.2862608228740184,0.4825156050741661
xgb_nowww,full,ebbu2017,kaggle_malicious,42,cross,raw,60000,10831,0.7513094310104043,0.3545235082274544,0.0010156033607238,0.0137568091588957
xgb_nowww,full,ebbu2017,kaggle_malicious,42,cross,url_dedup,59967,10805,0.7512102702468758,0.3539401685163911,0.0010180472003701,0.0137899120777417
xgb_nowww,full,ebbu2017,kaggle_malicious,42,cross,domain_dedup,40491,8094,0.7565259873341037,0.3673044914897974,0.0008648381517173,0.0098838645910551
xgb_nowww,full,ebbu2017,hannousse,42,cross,raw,11430,5715,0.8817397694054648,0.8726272368788732,0.1079615048118985,0.1979002624671916
xgb_nowww,full,ebbu2017,hannousse,42,cross,url_dedup,7982,5177,0.8139054993342623,0.8761950249156205,0.0847981456441954,0.1632219432103535
xgb_nowww,full,ebbu2017,hannousse,42,cross,domain_dedup,6546,4429,0.8220323536428911,0.8942977020413434,0.0977647324452472,0.1779182659742605
xgb_nowww,full,ebbu2017,ebbu2017,43,within,raw,11844,5990,0.9742759826906592,0.9743120171600416,0.3724540901502504,0.6133555926544241
xgb_nowww,full,ebbu2017,phiusiil,43,cross,raw,60000,25603,0.631988149187812,0.7243714083856274,0.377924461977112,0.4379955473967894
xgb_nowww,full,ebbu2017,phiusiil,43,cross,url_dedup,59970,25601,0.6319339364945251,0.7244173080821882,0.3778758642240537,0.4379516425139643
xgb_nowww,full,ebbu2017,phiusiil,43,cross,domain_dedup,57759,24235,0.6400430066120408,0.7284464559978614,0.397276665978956,0.4527336496802145
xgb_nowww,full,ebbu2017,mendeley_phishurl,43,cross,raw,60000,18933,0.9326191510346522,0.8945891440688845,0.3687212803042307,0.5412771351608303
xgb_nowww,full,ebbu2017,mendeley_phishurl,43,cross,url_dedup,58479,17422,0.927080515644108,0.878085281073346,0.3385948800367351,0.5062564573527724
xgb_nowww,full,ebbu2017,mendeley_phishurl,43,cross,domain_dedup,40743,14899,0.9169067075061332,0.8875786659123354,0.2979394590240956,0.4627827370964494
xgb_nowww,full,ebbu2017,kaggle_malicious,43,cross,raw,60000,10831,0.7502601847638036,0.3525939988401758,0.0008309482042286,0.0101560336072384
xgb_nowww,full,ebbu2017,kaggle_malicious,43,cross,url_dedup,59967,10805,0.7501595655730535,0.3520058624228186,0.0008329477093937,0.0101804720037019
xgb_nowww,full,ebbu2017,kaggle_malicious,43,cross,domain_dedup,40491,8094,0.7561248795950297,0.3669383050469235,0.0003706449221645,0.0081541882876204
xgb_nowww,full,ebbu2017,hannousse,43,cross,raw,11430,5715,0.8804037050049408,0.8722762813547257,0.11583552055993,0.205424321959755
xgb_nowww,full,ebbu2017,hannousse,43,cross,url_dedup,7982,5177,0.8127730738281931,0.8761648173807233,0.1004442727448329,0.1717210739810701
xgb_nowww,full,ebbu2017,hannousse,43,cross,domain_dedup,6546,4429,0.8217566553930791,0.8950325995299343,0.1156017159629713,0.1946263264845337
xgb_nowww,full,ebbu2017,ebbu2017,44,within,raw,13276,6081,0.9794191662498362,0.9762583308073652,0.4219700707120539,0.6556487419832264
xgb_nowww,full,ebbu2017,phiusiil,44,cross,raw,60000,25603,0.6286714755531077,0.7234222388866347,0.3917509666835918,0.4410030074600632
xgb_nowww,full,ebbu2017,phiusiil,44,cross,url_dedup,59970,25601,0.6286161017345749,0.7234653949469783,0.3917034490840201,0.4409593375258779
xgb_nowww,full,ebbu2017,phiusiil,44,cross,domain_dedup,57759,24235,0.6364936616607062,0.727268041238243,0.4056529812255003,0.4555395089746235
xgb_nowww,full,ebbu2017,mendeley_phishurl,44,cross,raw,60000,18933,0.9323616051054824,0.8933917423944111,0.3574182644060635,0.5421222204616278
xgb_nowww,full,ebbu2017,mendeley_phishurl,44,cross,url_dedup,58479,17422,0.9267986466463112,0.8766437748788862,0.328377912983584,0.5068304442658708
xgb_nowww,full,ebbu2017,mendeley_phishurl,44,cross,domain_dedup,40743,14899,0.9158885170154476,0.8853611151015472,0.291294717766293,0.4676823947915967
xgb_nowww,full,ebbu2017,kaggle_malicious,44,cross,raw,60000,10831,0.7505943067944908,0.3530132140470372,0.0012925860954667,0.007570861416305
xgb_nowww,full,ebbu2017,kaggle_malicious,44,cross,url_dedup,59967,10805,0.7505136000704524,0.3524328723872522,0.0012956964368347,0.0075890791300323
xgb_nowww,full,ebbu2017,kaggle_malicious,44,cross,domain_dedup,40491,8094,0.7578295503037629,0.3696305854004529,0.0012354830738818,0.0074128984432913
xgb_nowww,full,ebbu2017,hannousse,44,cross,raw,11430,5715,0.8809150759042258,0.873546085697454,0.1356080489938757,0.1900262467191601
xgb_nowww,full,ebbu2017,hannousse,44,cross,url_dedup,7982,5177,0.8134236271290436,0.8772254056855073,0.1211126134827119,0.1672783465327409
xgb_nowww,full,ebbu2017,hannousse,44,cross,domain_dedup,6546,4429,0.8207433443402883,0.8945830407005708,0.1397606683224204,0.1824339580040641
xgb_nowww,full,ebbu2017,ebbu2017,45,within,raw,12228,6433,0.9736426190076058,0.976621531636254,0.3808487486398259,0.6286336079589616
xgb_nowww,full,ebbu2017,phiusiil,45,cross,raw,60000,25603,0.66326001703862,0.7444345037673229,0.3987423348826309,0.4529937897902589
xgb_nowww,full,ebbu2017,phiusiil,45,cross,url_dedup,59970,25601,0.6632014706528948,0.7444752750651764,0.3986953634623647,0.4529510565993516
xgb_nowww,full,ebbu2017,phiusiil,45,cross,domain_dedup,57759,24235,0.672212343579171,0.7491033833516397,0.4134516195584898,0.4675881988859088
xgb_nowww,full,ebbu2017,mendeley_phishurl,45,cross,raw,60000,18933,0.9348826774774596,0.8998357119308532,0.3550942798288702,0.5648867057518618
xgb_nowww,full,ebbu2017,mendeley_phishurl,45,cross,url_dedup,58479,17422,0.9295159435004284,0.8842150036133137,0.3261393640225002,0.5313396854551716
xgb_nowww,full,ebbu2017,mendeley_phishurl,45,cross,domain_dedup,40743,14899,0.9206570617850228,0.8938384896384167,0.2974696288341499,0.4931203436472246
xgb_nowww,full,ebbu2017,kaggle_malicious,45,cross,raw,60000,10831,0.7545520388765258,0.3573836250778371,0.0020312067214476,0.0107099990767242
xgb_nowww,full,ebbu2017,kaggle_malicious,45,cross,url_dedup,59967,10805,0.7544590153743986,0.3567861084815355,0.0020360944007403,0.0107357704766311
xgb_nowww,full,ebbu2017,kaggle_malicious,45,cross,domain_dedup,40491,8094,0.7581241468704691,0.3714543179921592,0.001976772918211,0.0100074128984432
xgb_nowww,full,ebbu2017,hannousse,45,cross,raw,11430,5715,0.8798544757583342,0.8705884673795172,0.0915135608048993,0.1909011373578302
xgb_nowww,full,ebbu2017,hannousse,45,cross,url_dedup,7982,5177,0.8109828987875551,0.8739310776489855,0.0838323353293413,0.1466100057948619
xgb_nowww,full,ebbu2017,hannousse,45,cross,domain_dedup,6546,4429,0.8200433800797403,0.892699313438594,0.0968615940392865,0.1442763603522239
xgb_nowww,full,ebbu2017,ebbu2017,46,within,raw,13622,6468,0.9808183000752592,0.980087709954078,0.4689239332096475,0.717377860235003
xgb_nowww,full,ebbu2017,phiusiil,46,cross,raw,60000,25603,0.6012799493786972,0.7062896670491159,0.3780025778229113,0.43448033433582
xgb_nowww,full,ebbu2017,phiusiil,46,cross,url_dedup,59970,25601,0.6012293030352616,0.7063412207245298,0.3779539861724151,0.4344361548377016
xgb_nowww,full,ebbu2017,phiusiil,46,cross,domain_dedup,57759,24235,0.609942302097199,0.7110307319801503,0.3922013616670105,0.4492263255622034
xgb_nowww,full,ebbu2017,mendeley_phishurl,46,cross,raw,60000,18933,0.9332842747549398,0.8941784148841819,0.3630697723551471,0.5449215655205197
xgb_nowww,full,ebbu2017,mendeley_phishurl,46,cross,url_dedup,58479,17422,0.9278166510291568,0.877558509633813,0.3327402135231316,0.5102743657444611
xgb_nowww,full,ebbu2017,mendeley_phishurl,46,cross,domain_dedup,40743,14899,0.9185531752421108,0.8879702533051455,0.2924357339418753,0.4719108665011075
xgb_nowww,full,ebbu2017,kaggle_malicious,46,cross,raw,60000,10831,0.7490904370288897,0.3519959046143925,0.0016618964084572,0.0091404302465146
xgb_nowww,full,ebbu2017,kaggle_malicious,46,cross,url_dedup,59967,10805,0.7489897973704254,0.3513976467525735,0.0016658954187875,0.0091624248033317
xgb_nowww,full,ebbu2017,kaggle_malicious,46,cross,domain_dedup,40491,8094,0.7553964815324435,0.3675419483877461,0.0008648381517173,0.0082777365950086
xgb_nowww,full,ebbu2017,hannousse,46,cross,raw,11430,5715,0.8809902108693107,0.8720760181496912,0.1128608923884514,0.1875765529308836
xgb_nowww,full,ebbu2017,hannousse,46,cross,url_dedup,7982,5177,0.8129005056989694,0.8753135050419769,0.1027622175004829,0.1311570407571952
xgb_nowww,full,ebbu2017,hannousse,46,cross,domain_dedup,6546,4429,0.82087463429987,0.8927719300889594,0.1178595619778731,0.141792729735832
lr,full,phiusiil,phiusiil,42,within,raw,14924,8036,0.9984603799452983,0.999197493174915,0.9940268790443006,0.996266799402688
lr,full,phiusiil,mendeley_phishurl,42,cross,raw,60000,18933,0.7171751528556745,0.4870914735602771,0.0,0.0
lr,full,phiusiil,mendeley_phishurl,42,cross,url_dedup,59776,18757,0.7185040334561859,0.4864183037612247,0.0,0.0
lr,full,phiusiil,mendeley_phishurl,42,cross,domain_dedup,51556,13187,0.7625382357371263,0.4655016736026018,0.0,0.0
lr,full,phiusiil,kaggle_malicious,42,cross,raw,60000,10831,0.3554741346746588,0.139922665611206,0.0,0.0
lr,full,phiusiil,kaggle_malicious,42,cross,url_dedup,59966,10829,0.3553090484339814,0.1399397986413294,0.0,0.0
lr,full,phiusiil,kaggle_malicious,42,cross,domain_dedup,55591,9508,0.3507214525425401,0.1314775243841642,0.0,0.0
lr,full,phiusiil,hannousse,42,cross,raw,11430,5715,0.6804619698128285,0.6402451976258271,0.0,0.0
lr,full,phiusiil,hannousse,42,cross,url_dedup,11367,5698,0.6784204934672389,0.6397961325683461,0.0,0.0
lr,full,phiusiil,hannousse,42,cross,domain_dedup,9512,4332,0.7306251270067059,0.6430319931042696,0.0,0.0
lr,full,phiusiil,ebbu2017,42,cross,raw,60000,30360,0.722573014402963,0.659832070170453,0.0,0.0
lr,full,phiusiil,ebbu2017,42,cross,url_dedup,59963,30360,0.7222417406908292,0.6598365331166216,0.0,0.0
lr,full,phiusiil,ebbu2017,42,cross,domain_dedup,57229,29934,0.7306975663979226,0.6823392635047398,0.0,0.0
lr,full,phiusiil,phiusiil,43,within,raw,11624,4673,0.9970301110863692,0.9977680400838936,0.9873742777658892,0.9922961694842714
lr,full,phiusiil,phiusiil,44,within,raw,13064,6168,0.9975555153685964,0.9984146764967796,0.9899481193255512,0.993514915693904
lr,full,phiusiil,phiusiil,45,within,raw,12349,5519,0.997917522775706,0.9986003808549964,0.9889472730567131,0.9942018481608988
lr,full,phiusiil,phiusiil,46,within,raw,12031,5169,0.9970752765221044,0.9978949057684628,0.987425033855678,0.9928419423486168
lr,full,mendeley_phishurl,mendeley_phishurl,42,within,raw,11979,3514,0.98675171897004,0.9818391425529998,0.8053500284575982,0.9032441661923734
lr,full,mendeley_phishurl,phiusiil,42,cross,raw,60000,25603,0.9680835946650768,0.9784008157057118,0.8349021599031363,0.9428582587977972
lr,full,mendeley_phishurl,phiusiil,42,cross,url_dedup,59773,25423,0.9680225856527926,0.9783174812883382,0.8356606222711718,0.943122369507926
lr,full,mendeley_phishurl,phiusiil,42,cross,domain_dedup,50234,16741,0.9651170041311804,0.9713683704005608,0.8813093602532704,0.9400872110387672
lr,full,mendeley_phishurl,kaggle_malicious,42,cross,raw,60000,10831,0.323859547808105,0.1435354961971358,0.0,0.0
lr,full,mendeley_phishurl,kaggle_malicious,42,cross,url_dedup,55381,10809,0.3254070818831552,0.1545130225383739,0.0,0.0
lr,full,mendeley_phishurl,kaggle_malicious,42,cross,domain_dedup,27817,8445,0.3397629619795138,0.2413830293947926,0.0,0.0
lr,full,mendeley_phishurl,hannousse,42,cross,raw,11430,5715,0.6883606172150616,0.7183896661008551,0.0876640419947506,0.1497812773403324
lr,full,mendeley_phishurl,hannousse,42,cross,url_dedup,11261,5550,0.6864835839166079,0.7128435571481528,0.0893693693693693,0.1515315315315315
lr,full,mendeley_phishurl,hannousse,42,cross,domain_dedup,7961,3946,0.721608621748524,0.751833863032839,0.138114546376077,0.1971616827166751
lr,full,mendeley_phishurl,ebbu2017,42,cross,raw,60000,30360,0.837134862975824,0.8358260081172069,0.0880434782608695,0.200296442687747
lr,full,mendeley_phishurl,ebbu2017,42,cross,url_dedup,56886,27260,0.8414838162915237,0.8272112459753193,0.0924431401320616,0.2085106382978723
lr,full,mendeley_phishurl,ebbu2017,42,cross,domain_dedup,36481,18306,0.8258711171884474,0.8257042729520621,0.0963072216759532,0.2022287774500163
lr,full,mendeley_phishurl,mendeley_phishurl,43,within,raw,12746,3709,0.9892043831785524,0.986928186852966,0.8050687516850903,0.955783229981127
lr,full,mendeley_phishurl,mendeley_phishurl,44,within,raw,10675,3893,0.9887690576959014,0.9868420700260244,0.8147957873105575,0.8944258926277935
lr,full,mendeley_phishurl,mendeley_phishurl,45,within,raw,13399,3390,0.981634051477564,0.9753389811699378,0.8041297935103244,0.8955752212389381
lr,full,mendeley_phishurl,mendeley_phishurl,46,within,raw,10950,3747,0.9874586512654984,0.9851854880397056,0.822257806244996,0.8897784894582332
lr,full,kaggle_malicious,kaggle_malicious,42,within,raw,12523,2109,0.8445124569243923,0.5733488061386497,0.0559506875296349,0.1612138454243717
lr,full,kaggle_malicious,phiusiil,42,cross,raw,60000,25603,0.012590725175068,0.2548171470486333,0.001835722376284,0.0030855759090731
lr,full,kaggle_malicious,phiusiil,42,cross,url_dedup,59966,25601,0.012592753971621,0.2549671381439276,0.0018358657864927,0.0030858169602749
lr,full,kaggle_malicious,phiusiil,42,cross,domain_dedup,52752,19367,0.014558565013716,0.213948016492963,0.0022202715960138,0.0034594929519285
lr,full,kaggle_malicious,mendeley_phishurl,42,cross,raw,60000,18933,0.1347196167798372,0.1918393895161396,0.001003538794697,0.0041726086726879
lr,full,kaggle_malicious,mendeley_phishurl,42,cross,url_dedup,55379,18909,0.1345750496261495,0.2098895167812344,0.0010048125231371,0.0041250198318261
lr,full,kaggle_malicious,mendeley_phishurl,42,cross,domain_dedup,28121,15987,0.0895139077325776,0.3762676658359362,0.0008757115156064,0.0022518296115593
lr,full,kaggle_malicious,hannousse,42,cross,raw,11430,5715,0.3655598649468904,0.4112101763918139,0.0061242344706911,0.0094488188976377
lr,full,kaggle_malicious,hannousse,42,cross,url_dedup,11033,5320,0.3660742746065233,0.394697028274079,0.0062030075187969,0.0093984962406015
lr,full,kaggle_malicious,hannousse,42,cross,domain_dedup,7697,3663,0.336599117709678,0.3728892856738099,0.004095004095004,0.0062790062790062
lr,full,kaggle_malicious,ebbu2017,42,cross,raw,60000,30360,0.2777737177486891,0.370994498025756,0.0008563899868247,0.0016139657444005
lr,full,kaggle_malicious,ebbu2017,42,cross,url_dedup,59950,30325,0.2778808494474417,0.3708886036844272,0.0008573784006595,0.0016158285243198
lr,full,kaggle_malicious,ebbu2017,42,cross,domain_dedup,46489,28616,0.3210494110584009,0.4902755732375308,0.0008386916410399,0.0015725468269499
lr,full,kaggle_malicious,kaggle_malicious,43,within,raw,13894,1917,0.8901557710877687,0.6029077319424971,0.0839853938445487,0.1987480438184663
lr,full,kaggle_malicious,kaggle_malicious,44,within,raw,9851,1934,0.8505534867372047,0.5933798743714138,0.0579110651499482,0.1158221302998965
lr,full,kaggle_malicious,kaggle_malicious,45,within,raw,12371,1941,0.8510515134136805,0.5454520425835392,0.0716125708397733,0.1282843894899536
lr,full,kaggle_malicious,kaggle_malicious,46,within,raw,10545,2082,0.8665163996343694,0.6197342645001724,0.069164265129683,0.1123919308357348
lr,full,hannousse,hannousse,42,within,raw,1939,907,0.902773326324966,0.8825998433150657,0.0165380374862183,0.3296582138919515
lr,full,hannousse,phiusiil,42,cross,raw,60000,25603,0.9265200532672536,0.931409621836956,0.5080264031558802,0.6801937272975823
lr,full,hannousse,phiusiil,42,cross,url_dedup,59936,25585,0.9264410261384008,0.9313631629513132,0.507953879226109,0.679968731678718
lr,full,hannousse,phiusiil,42,cross,domain_dedup,53925,19850,0.9067527941586846,0.895518178458576,0.4328463476070529,0.5952644836272041
lr,full,hannousse,mendeley_phishurl,42,cross,raw,60000,18933,0.8943574790691546,0.8221992714039427,0.1772566418422859,0.3445307135689008
lr,full,hannousse,mendeley_phishurl,42,cross,url_dedup,59839,18776,0.8944724606399173,0.8216052587807974,0.1780464422667234,0.3452812100553898
lr,full,hannousse,mendeley_phishurl,42,cross,domain_dedup,46321,16337,0.9025752850562352,0.8536935014561404,0.1903654281691865,0.3657342229295464
lr,full,hannousse,kaggle_malicious,42,cross,raw,60000,10831,0.4848786320850861,0.1790709128750015,9.232757824762255e-05,0.0076631889945526
lr,full,hannousse,kaggle_malicious,42,cross,url_dedup,59648,10482,0.4788160332316712,0.1712735265270973,9.540164090822362e-05,0.0073459263499332
lr,full,hannousse,kaggle_malicious,42,cross,domain_dedup,45927,8736,0.4470981824298151,0.1749310018564459,0.0001144688644688,0.0041208791208791
lr,full,hannousse,ebbu2017,42,cross,raw,60000,30360,0.9136679176245824,0.9098095086730328,0.183498023715415,0.3270092226613966
lr,full,hannousse,ebbu2017,42,cross,url_dedup,54857,29276,0.9135798852271249,0.9177392541621164,0.1854078426014483,0.3290408525754884
lr,full,hannousse,ebbu2017,42,cross,domain_dedup,42403,27806,0.9098912199046968,0.9447943003681394,0.1725526864705459,0.3132777098467956
lr,full,hannousse,hannousse,43,within,raw,2229,1037,0.8830624284040824,0.8776448110633618,0.2198649951783992,0.2989392478302796
lr,full,hannousse,hannousse,44,within,raw,2670,1384,0.8737352682062945,0.8847768919701225,0.1979768786127167,0.3171965317919075
lr,full,hannousse,hannousse,45,within,raw,2161,824,0.8884529921357044,0.8427906390800862,0.1953883495145631,0.3143203883495146
lr,full,hannousse,hannousse,46,within,raw,1923,910,0.9162871679159932,0.9131181464227224,0.3120879120879121,0.3758241758241758
lr,full,ebbu2017,ebbu2017,42,within,raw,11279,5871,0.9523444893615092,0.9570238272845588,0.1803781297904956,0.5397717594958269
lr,full,ebbu2017,phiusiil,42,cross,raw,60000,25603,0.9510455889533316,0.9567586274062698,0.5723938600945202,0.7744404952544623
lr,full,ebbu2017,phiusiil,42,cross,url_dedup,59970,25601,0.9510339394632228,0.9567695382509528,0.5723604546697395,0.7744228741064803
lr,full,ebbu2017,phiusiil,42,cross,domain_dedup,57759,24235,0.9521931410183964,0.9569493342422906,0.5804002475758201,0.7815968640396121
lr,full,ebbu2017,mendeley_phishurl,42,cross,raw,60000,18933,0.9067398496708602,0.8818478938651149,0.1760418317223895,0.6295885490941742
lr,full,ebbu2017,mendeley_phishurl,42,cross,url_dedup,58479,17422,0.8991146106820417,0.8654088866006072,0.1689243485248536,0.6001033176443578
lr,full,ebbu2017,mendeley_phishurl,42,cross,domain_dedup,40743,14899,0.9040291068253528,0.8941272960990313,0.1472582052486744,0.6148063628431438
lr,full,ebbu2017,kaggle_malicious,42,cross,raw,60000,10831,0.4989902533725136,0.1774114388833405,0.0,0.0119102575939433
lr,full,ebbu2017,kaggle_malicious,42,cross,url_dedup,59967,10805,0.4989193600148013,0.1770821482684844,0.0,0.0119389171679777
lr,full,ebbu2017,kaggle_malicious,42,cross,domain_dedup,40491,8094,0.4638965757162429,0.1871810907734445,0.0,0.0118606375092661
lr,full,ebbu2017,hannousse,42,cross,raw,11430,5715,0.8130852103679516,0.8447675545008844,0.094838145231846,0.363079615048119
lr,full,ebbu2017,hannousse,42,cross,url_dedup,7982,5177,0.8009743838181839,0.8958235013763037,0.0,0.3880625845084025
lr,full,ebbu2017,hannousse,42,cross,domain_dedup,6546,4429,0.8267850288491289,0.918314454827039,0.0,0.408895913298713
lr,full,ebbu2017,ebbu2017,43,within,raw,11844,5990,0.9570684799229784,0.9586464317639156,0.1796327212020033,0.5373956594323873
lr,full,ebbu2017,ebbu2017,44,within,raw,13276,6081,0.9706278421755684,0.965879368624,0.2685413583292221,0.6115770432494656
lr,full,ebbu2017,ebbu2017,45,within,raw,12228,6433,0.95602675323139,0.9611698710623068,0.2409451266905021,0.5476449556971864
lr,full,ebbu2017,ebbu2017,46,within,raw,13622,6468,0.9672415469097644,0.9645972017281352,0.3345701917130488,0.5913729128014842
lr,targeted_ablation,phiusiil,phiusiil,42,within,raw,14924,8036,0.9272094173778972,0.9542792417700854,0.5675709308113489,0.7475111996017919
lr,targeted_ablation,phiusiil,mendeley_phishurl,42,cross,raw,60000,18933,0.6540358579223926,0.4739430607882856,0.0,0.0840859874293561
lr,targeted_ablation,phiusiil,mendeley_phishurl,42,cross,url_dedup,59776,18757,0.6533148511624254,0.4717670052368389,0.0,0.0841285919923228
lr,targeted_ablation,phiusiil,mendeley_phishurl,42,cross,domain_dedup,51556,13187,0.610443795642187,0.3678737781438639,0.0,0.0819746720254796
lr,targeted_ablation,phiusiil,kaggle_malicious,42,cross,raw,60000,10831,0.2817062990089827,0.1241698326274105,0.0,0.0
lr,targeted_ablation,phiusiil,kaggle_malicious,42,cross,url_dedup,59966,10829,0.2815032318844589,0.1241867998001666,0.0,0.0
lr,targeted_ablation,phiusiil,kaggle_malicious,42,cross,domain_dedup,55591,9508,0.2672036477303838,0.1144320168509927,0.0,0.0
lr,targeted_ablation,phiusiil,hannousse,42,cross,raw,11430,5715,0.7483676745131269,0.7484361747132364,0.0,0.1471566054243219
lr,targeted_ablation,phiusiil,hannousse,42,cross,url_dedup,11367,5698,0.7469710663395617,0.7484452048203242,0.0,0.147069147069147
lr,targeted_ablation,phiusiil,hannousse,42,cross,domain_dedup,9512,4332,0.7409687313946316,0.7173801491909162,0.0,0.1710526315789473
lr,targeted_ablation,phiusiil,ebbu2017,42,cross,raw,60000,30360,0.5563690365857128,0.6018701493142187,0.0,0.0838274044795784
lr,targeted_ablation,phiusiil,ebbu2017,42,cross,url_dedup,59963,30360,0.5559129276948527,0.6019013631365782,0.0,0.0838274044795784
lr,targeted_ablation,phiusiil,ebbu2017,42,cross,domain_dedup,57229,29934,0.5560106705044804,0.6156172317731731,0.0,0.0829825616355983
lr,targeted_ablation,phiusiil,phiusiil,43,within,raw,11624,4673,0.8771389331261787,0.8854360082277405,0.4170768243098652,0.5865610956558955
lr,targeted_ablation,phiusiil,phiusiil,44,within,raw,13064,6168,0.9028480814457376,0.925684372212599,0.4763294422827496,0.692769130998703
lr,targeted_ablation,phiusiil,phiusiil,45,within,raw,12349,5519,0.8915429249203537,0.909917222869866,0.4259829679289726,0.640876970465664
lr,targeted_ablation,phiusiil,phiusiil,46,within,raw,12031,5169,0.8885523009258782,0.9038672251697472,0.3822789707873863,0.6362932869026892
lr,targeted_ablation,mendeley_phishurl,mendeley_phishurl,42,within,raw,11979,3514,0.9418186506358333,0.9089052626512324,0.2037564029595902,0.5002845759817871
lr,targeted_ablation,mendeley_phishurl,phiusiil,42,cross,raw,60000,25603,0.7403208850285283,0.80063135641689,0.37815880951451,0.5537632308713822
lr,targeted_ablation,mendeley_phishurl,phiusiil,42,cross,url_dedup,59773,25423,0.7386866767424722,0.7987224572197127,0.3769814734689061,0.5519411556464618
lr,targeted_ablation,mendeley_phishurl,phiusiil,42,cross,domain_dedup,50234,16741,0.6276680444651959,0.638989751184163,0.2954423272205961,0.3785914819903231
lr,targeted_ablation,mendeley_phishurl,kaggle_malicious,42,cross,raw,60000,10831,0.3697182516419851,0.1613777191185431,0.0017542239867048,0.0133874988459052
lr,targeted_ablation,mendeley_phishurl,kaggle_malicious,42,cross,url_dedup,55381,10809,0.3697980758586719,0.172202949057611,0.0014802479415302,0.0128596539920436
lr,targeted_ablation,mendeley_phishurl,kaggle_malicious,42,cross,domain_dedup,27817,8445,0.3495413778310959,0.245453148489629,0.0,0.0106571936056838
lr,targeted_ablation,mendeley_phishurl,hannousse,42,cross,raw,11430,5715,0.8036388867839465,0.823208527126942,0.0943132108486439,0.2624671916010498
lr,targeted_ablation,mendeley_phishurl,hannousse,42,cross,url_dedup,11261,5550,0.8054052949815514,0.8216730037519764,0.0967567567567567,0.2664864864864865
lr,targeted_ablation,mendeley_phishurl,hannousse,42,cross,domain_dedup,7961,3946,0.8266899847821052,0.8430007981575658,0.0367460719716168,0.3094272681196148
lr,targeted_ablation,mendeley_phishurl,ebbu2017,42,cross,raw,60000,30360,0.8540872568983267,0.8704650560499476,0.1717391304347826,0.3118247694334651
lr,targeted_ablation,mendeley_phishurl,ebbu2017,42,cross,url_dedup,56886,27260,0.8604084323376202,0.8659084867024752,0.1785766691122524,0.3239545121056493
lr,targeted_ablation,mendeley_phishurl,ebbu2017,42,cross,domain_dedup,36481,18306,0.8502404229729926,0.8644570490582508,0.166393532175243,0.3073309297498088
lr,targeted_ablation,mendeley_phishurl,mendeley_phishurl,43,within,raw,12746,3709,0.958554796131407,0.9509897606788016,0.705581019142626,0.8581827985980048
lr,targeted_ablation,mendeley_phishurl,mendeley_phishurl,44,within,raw,10675,3893,0.9200516272695064,0.9231035768172596,0.4194708451066016,0.7916773696378114
lr,targeted_ablation,mendeley_phishurl,mendeley_phishurl,45,within,raw,13399,3390,0.938939438281358,0.902734947020588,0.2174041297935103,0.6601769911504425
lr,targeted_ablation,mendeley_phishurl,mendeley_phishurl,46,within,raw,10950,3747,0.9158381543496632,0.916026955487992,0.4598345342941019,0.7827595409661062
lr,targeted_ablation,kaggle_malicious,kaggle_malicious,42,within,raw,12523,2109,0.7919503353029073,0.4418373160959643,0.0037932669511616,0.0592697961119013
lr,targeted_ablation,kaggle_malicious,phiusiil,42,cross,raw,60000,25603,0.1993187446391377,0.3102679791114951,0.0081240479631293,0.0152716478537671
lr,targeted_ablation,kaggle_malicious,phiusiil,42,cross,url_dedup,59966,25601,0.19932798586153,0.3104566776253433,0.0081246826295847,0.0152728409046521
lr,targeted_ablation,kaggle_malicious,phiusiil,42,cross,domain_dedup,52752,19367,0.2575050289235554,0.2860650634964008,0.0103784788557856,0.0195177363556565
lr,targeted_ablation,kaggle_malicious,mendeley_phishurl,42,cross,raw,60000,18933,0.3119937906129519,0.26945974407974,0.0313209739608091,0.0402471874504832
lr,targeted_ablation,kaggle_malicious,mendeley_phishurl,42,cross,url_dedup,55379,18909,0.3114567493339689,0.2901788766297024,0.031413612565445,0.0401925009254852
lr,targeted_ablation,kaggle_malicious,mendeley_phishurl,42,cross,domain_dedup,28121,15987,0.2318467012235475,0.4544990393749369,0.0356539688496903,0.0425971101519985
lr,targeted_ablation,kaggle_malicious,hannousse,42,cross,raw,11430,5715,0.3549465918684924,0.4373654367482992,0.0250218722659667,0.037270341207349
lr,targeted_ablation,kaggle_malicious,hannousse,42,cross,url_dedup,11033,5320,0.3540444132824622,0.4203373861797556,0.025375939849624,0.0370300751879699
lr,targeted_ablation,kaggle_malicious,hannousse,42,cross,domain_dedup,7697,3663,0.3277368615742438,0.4087526389519781,0.0316680316680316,0.0425880425880425
lr,targeted_ablation,kaggle_malicious,ebbu2017,42,cross,raw,60000,30360,0.4606606179067564,0.5231727779459132,0.0270421607378129,0.0477931488801054
lr,targeted_ablation,kaggle_malicious,ebbu2017,42,cross,url_dedup,59950,30325,0.4607977464945509,0.5231353315497502,0.0270403957131079,0.0478153338829348
lr,targeted_ablation,kaggle_malicious,ebbu2017,42,cross,domain_dedup,46489,28616,0.4719463480421558,0.628460243338443,0.0270827509085826,0.0427383282079955
lr,targeted_ablation,kaggle_malicious,kaggle_malicious,43,within,raw,13894,1917,0.8610627550832192,0.4756907859344769,0.0036515388628064,0.0865936358894105
lr,targeted_ablation,kaggle_malicious,kaggle_malicious,44,within,raw,9851,1934,0.8143440496077516,0.4954807125670319,0.0036194415718717,0.062047569803516
lr,targeted_ablation,kaggle_malicious,kaggle_malicious,45,within,raw,12371,1941,0.8286733815337697,0.4529058500011613,0.0092735703245749,0.0602782071097372
lr,targeted_ablation,kaggle_malicious,kaggle_malicious,46,within,raw,10545,2082,0.851446222994982,0.539818966164598,0.0081652257444764,0.0480307396733909
lr,targeted_ablation,hannousse,hannousse,42,within,raw,1939,907,0.8791580130424006,0.869786300302678,0.0463065049614112,0.3660418963616317
lr,targeted_ablation,hannousse,phiusiil,42,cross,raw,60000,25603,0.8026539842145515,0.8458252786460234,0.3926883568331836,0.597351872827403
lr,targeted_ablation,hannousse,phiusiil,42,cross,url_dedup,59936,25585,0.802496064450736,0.845758141189618,0.3926910299003322,0.5972249364862224
lr,targeted_ablation,hannousse,phiusiil,42,cross,domain_dedup,53925,19850,0.7492584715520476,0.7745894384478689,0.3346095717884131,0.5123425692695214
lr,targeted_ablation,hannousse,mendeley_phishurl,42,cross,raw,60000,18933,0.8751315897676817,0.7931178683832756,0.1605133893202345,0.3157978133417842
lr,targeted_ablation,hannousse,mendeley_phishurl,42,cross,url_dedup,59839,18776,0.875580983976724,0.792732155795732,0.1614294844482318,0.3166808691947166
lr,targeted_ablation,hannousse,mendeley_phishurl,42,cross,domain_dedup,46321,16337,0.8775987120902464,0.8210388456828754,0.1657587072289894,0.3380057538103691
lr,targeted_ablation,hannousse,kaggle_malicious,42,cross,raw,60000,10831,0.4692052910039775,0.1768995946551002,0.0001846551564952,0.0085864647770288
lr,targeted_ablation,hannousse,kaggle_malicious,42,cross,url_dedup,59648,10482,0.4632003567259958,0.1691518874023998,0.0001908032818164,0.0083953443999236
lr,targeted_ablation,hannousse,kaggle_malicious,42,cross,domain_dedup,45927,8736,0.4380108147299806,0.1734053577988986,0.0001144688644688,0.0041208791208791
lr,targeted_ablation,hannousse,ebbu2017,42,cross,raw,60000,30360,0.8717010121679742,0.8759545210283842,0.1837615283267457,0.3047101449275362
lr,targeted_ablation,hannousse,ebbu2017,42,cross,url_dedup,54857,29276,0.8718091191799718,0.8863072279878718,0.1801475611422325,0.3076581500204946
lr,targeted_ablation,hannousse,ebbu2017,42,cross,domain_dedup,42403,27806,0.8664879086123144,0.9221322655615886,0.1683449615190966,0.303639502265698
lr,targeted_ablation,hannousse,hannousse,43,within,raw,2229,1037,0.8557953052493965,0.8522029740329968,0.2179363548698167,0.3124397299903568
lr,targeted_ablation,hannousse,hannousse,44,within,raw,2670,1384,0.8655788437508428,0.87874117369736,0.2015895953757225,0.2767341040462427
lr,targeted_ablation,hannousse,hannousse,45,within,raw,2161,824,0.8662679451895635,0.8244567361052219,0.1759708737864077,0.3349514563106796
lr,targeted_ablation,hannousse,hannousse,46,within,raw,1923,910,0.9038575442326676,0.9053080175085226,0.3142857142857143,0.4010989010989011
lr,targeted_ablation,ebbu2017,ebbu2017,42,within,raw,11279,5871,0.9052784837013542,0.9208545916587452,0.2212570260602963,0.4181570430931698
lr,targeted_ablation,ebbu2017,phiusiil,42,cross,raw,60000,25603,0.5503281372526001,0.6163410515270792,0.1390462055227903,0.2227082763738624
lr,targeted_ablation,ebbu2017,phiusiil,42,cross,url_dedup,59970,25601,0.550299075805804,0.6164625941215023,0.139057068083278,0.2227256747783289
lr,targeted_ablation,ebbu2017,phiusiil,42,cross,domain_dedup,57759,24235,0.542070557360936,0.6060667611794502,0.1360429131421497,0.2212502578914792
lr,targeted_ablation,ebbu2017,mendeley_phishurl,42,cross,raw,60000,18933,0.866748750312067,0.8144311524534695,0.1160935931970633,0.3866793429461786
lr,targeted_ablation,ebbu2017,mendeley_phishurl,42,cross,url_dedup,58479,17422,0.8611793113279376,0.7981362985522458,0.1156583629893238,0.3792905521754104
lr,targeted_ablation,ebbu2017,mendeley_phishurl,42,cross,domain_dedup,40743,14899,0.8466268265860166,0.8209306224631594,0.1126921269883884,0.3795556748775086
lr,targeted_ablation,ebbu2017,kaggle_malicious,42,cross,raw,60000,10831,0.5084094201815504,0.1854732388732156,0.0,0.0137568091588957
lr,targeted_ablation,ebbu2017,kaggle_malicious,42,cross,url_dedup,59967,10805,0.5084016049762177,0.185164426223252,0.0,0.0137899120777417
lr,targeted_ablation,ebbu2017,kaggle_malicious,42,cross,domain_dedup,40491,8094,0.4936647637473929,0.1998025306579107,0.0,0.0138374104274771
lr,targeted_ablation,ebbu2017,hannousse,42,cross,raw,11430,5715,0.8139701894218604,0.8440514270509365,0.0647419072615923,0.3597550306211723
lr,targeted_ablation,ebbu2017,hannousse,42,cross,url_dedup,7982,5177,0.7837925322375776,0.887315732420389,0.0245315819972957,0.3579293026849526
lr,targeted_ablation,ebbu2017,hannousse,42,cross,domain_dedup,6546,4429,0.7865162865141535,0.9014571377067336,0.0270941521788214,0.375931361481147
lr,targeted_ablation,ebbu2017,ebbu2017,43,within,raw,11844,5990,0.9122773378703716,0.9232509727476392,0.2617696160267111,0.4734557595993322
lr,targeted_ablation,ebbu2017,ebbu2017,44,within,raw,13276,6081,0.9346513976992784,0.9306249230732486,0.2330208847229074,0.4721262950172669
lr,targeted_ablation,ebbu2017,ebbu2017,45,within,raw,12228,6433,0.9161448457834502,0.9321531478915536,0.3029690657547023,0.4812684595056739
lr,targeted_ablation,ebbu2017,ebbu2017,46,within,raw,13622,6468,0.925089857657552,0.9265792484519072,0.3033395176252319,0.4833024118738404
lr,host_only,phiusiil,phiusiil,42,within,raw,14924,8036,0.9011807403126116,0.9394021923561202,0.2878297660527625,0.73456943753111
lr,host_only,phiusiil,mendeley_phishurl,42,cross,raw,60000,18933,0.854212119669574,0.7149096078024937,0.0946495536893255,0.1270268842761316
lr,host_only,phiusiil,mendeley_phishurl,42,cross,url_dedup,59776,18757,0.8535335369527087,0.7120323256943866,0.094578024204297,0.1264594551367489
lr,host_only,phiusiil,mendeley_phishurl,42,cross,domain_dedup,51556,13187,0.850687418370854,0.631955817775396,0.0494426328960339,0.0649882459998483
lr,host_only,phiusiil,kaggle_malicious,42,cross,raw,60000,10831,0.3255268897203739,0.1538943490677688,0.0,0.0161573261933339
lr,host_only,phiusiil,kaggle_malicious,42,cross,url_dedup,59966,10829,0.3254879497154782,0.1539179443656036,0.0,0.0161603102779573
lr,host_only,phiusiil,kaggle_malicious,42,cross,domain_dedup,55591,9508,0.3036428921655153,0.1368275131989835,0.0,0.0139882204459402
lr,host_only,phiusiil,hannousse,42,cross,raw,11430,5715,0.7708204147272493,0.7737269390355641,0.0433945756780402,0.121434820647419
lr,host_only,phiusiil,hannousse,42,cross,url_dedup,11367,5698,0.7701069520173418,0.7739367703252403,0.0435240435240435,0.1217971217971218
lr,host_only,phiusiil,hannousse,42,cross,domain_dedup,9512,4332,0.7488076075679955,0.7275455011585716,0.0406278855032317,0.1297322253000923
lr,host_only,phiusiil,ebbu2017,42,cross,raw,60000,30360,0.6815488991525892,0.6360261402973539,0.0121212121212121,0.0223978919631093
lr,host_only,phiusiil,ebbu2017,42,cross,url_dedup,59963,30360,0.6813977398402229,0.6362164708776308,0.0121212121212121,0.0223978919631093
lr,host_only,phiusiil,ebbu2017,42,cross,domain_dedup,57229,29934,0.6856099453480444,0.65857682101384,0.012460746976682,0.0266586490278612
lr,host_only,phiusiil,phiusiil,43,within,raw,11624,4673,0.8374534738799981,0.8499800922416586,0.1647763749197517,0.5850631286111706
lr,host_only,phiusiil,phiusiil,44,within,raw,13064,6168,0.87077703083951,0.9038221493274434,0.2206549935149157,0.6823929961089494
lr,host_only,phiusiil,phiusiil,45,within,raw,12349,5519,0.8436284529657563,0.8769296783798031,0.2817539409313281,0.6377967023011415
lr,host_only,phiusiil,phiusiil,46,within,raw,12031,5169,0.8494009446603942,0.8739949215227187,0.224414780421745,0.6254594699168118
lr,host_only,mendeley_phishurl,mendeley_phishurl,42,within,raw,11979,3514,0.9075017960391998,0.8716812595097001,0.1132612407512805,0.3588503130335799
lr,host_only,mendeley_phishurl,phiusiil,42,cross,raw,60000,25603,0.7189261892702341,0.7797455220069438,0.3524586962465336,0.5141584970511268
lr,host_only,mendeley_phishurl,phiusiil,42,cross,url_dedup,59773,25423,0.7174376553088554,0.7778857960163851,0.3513747394091964,0.5123706879597215
lr,host_only,mendeley_phishurl,phiusiil,42,cross,domain_dedup,50234,16741,0.6027698229251077,0.6077185029011073,0.2636640582999821,0.3385102443103757
lr,host_only,mendeley_phishurl,kaggle_malicious,42,cross,raw,60000,10831,0.2834746484447991,0.134835715351937,0.0013849136737143,0.0149570676761148
lr,host_only,mendeley_phishurl,kaggle_malicious,42,cross,url_dedup,55381,10809,0.2852231009990502,0.1457070824136239,0.0011101859561476,0.0128596539920436
lr,host_only,mendeley_phishurl,kaggle_malicious,42,cross,domain_dedup,27817,8445,0.2934773192635981,0.2272134647304773,0.0001184132622853,0.0068679692125518
lr,host_only,mendeley_phishurl,hannousse,42,cross,raw,11430,5715,0.6611587899719009,0.6842444087331088,0.0272965879265091,0.0622922134733158
lr,host_only,mendeley_phishurl,hannousse,42,cross,url_dedup,11261,5550,0.6627042959611686,0.6805928451854265,0.0277477477477477,0.0637837837837837
lr,host_only,mendeley_phishurl,hannousse,42,cross,domain_dedup,7961,3946,0.6594649814841581,0.6792877279145703,0.0324379118094272,0.0552458185504308
lr,host_only,mendeley_phishurl,ebbu2017,42,cross,raw,60000,30360,0.7334490705550489,0.7420707410320025,0.0103425559947299,0.0990118577075098
lr,host_only,mendeley_phishurl,ebbu2017,42,cross,url_dedup,56886,27260,0.7407308830126261,0.7287867537749722,0.0106749816581071,0.1016507703595011
lr,host_only,mendeley_phishurl,ebbu2017,42,cross,domain_dedup,36481,18306,0.7253581728677589,0.7267796212780685,0.0134928438763247,0.1118212607888124
lr,host_only,mendeley_phishurl,mendeley_phishurl,43,within,raw,12746,3709,0.9335708418758232,0.931192316573967,0.7737934753302778,0.8425451604205986
lr,host_only,mendeley_phishurl,mendeley_phishurl,44,within,raw,10675,3893,0.8745121547245495,0.8958881851713518,0.4325712817878243,0.7870536861032623
lr,host_only,mendeley_phishurl,mendeley_phishurl,45,within,raw,13399,3390,0.8965167779676756,0.8476959574350111,0.0654867256637168,0.5386430678466076
lr,host_only,mendeley_phishurl,mendeley_phishurl,46,within,raw,10950,3747,0.8653798322104395,0.8844266639938275,0.6421136909527622,0.7595409661062184
lr,host_only,kaggle_malicious,kaggle_malicious,42,within,raw,12523,2109,0.7484586893505051,0.3875893103430951,0.0047415836889521,0.0459933617828354
lr,host_only,kaggle_malicious,phiusiil,42,cross,raw,60000,25603,0.190142644492039,0.2997118797510654,0.0070304261219388,0.013904620552279
lr,host_only,kaggle_malicious,phiusiil,42,cross,url_dedup,59966,25601,0.1901259171109532,0.2998765069022903,0.0070309753525252,0.0139057068083277
lr,host_only,kaggle_malicious,phiusiil,42,cross,domain_dedup,52752,19367,0.2417101997093744,0.2718260324422006,0.0091392574998709,0.0180203438839262
lr,host_only,kaggle_malicious,mendeley_phishurl,42,cross,raw,60000,18933,0.1460086530004698,0.2367861607555676,0.0293667142027148,0.0360745787777953
lr,host_only,kaggle_malicious,mendeley_phishurl,42,cross,url_dedup,55379,18909,0.1459711394201048,0.2556353294388477,0.0294568723888095,0.0361203659632979
lr,host_only,kaggle_malicious,mendeley_phishurl,42,cross,domain_dedup,28121,15987,0.13340457858618,0.4343449483408383,0.0336523425283042,0.038156001751423
lr,host_only,kaggle_malicious,hannousse,42,cross,raw,11430,5715,0.307204858360334,0.4264014042469909,0.0201224846894138,0.0307961504811898
lr,host_only,kaggle_malicious,hannousse,42,cross,url_dedup,11033,5320,0.3068513277329504,0.4091856409575503,0.0199248120300751,0.0296992481203007
lr,host_only,kaggle_malicious,hannousse,42,cross,domain_dedup,7697,3663,0.3289176182086445,0.4235973797376424,0.0264810264810264,0.0365820365820365
lr,host_only,kaggle_malicious,ebbu2017,42,cross,raw,60000,30360,0.3206535885611973,0.4566485669374734,0.0129117259552042,0.0385375494071146
lr,host_only,kaggle_malicious,ebbu2017,42,cross,url_dedup,59950,30325,0.3207509566197418,0.4566074720703966,0.0128936521022258,0.0385490519373454
lr,host_only,kaggle_malicious,ebbu2017,42,cross,domain_dedup,46489,28616,0.3345908119304344,0.5565168611007981,0.0102390271176963,0.0311364271736091
lr,host_only,kaggle_malicious,kaggle_malicious,43,within,raw,13894,1917,0.8088212806069919,0.4300651784822568,0.001564945226917,0.0485133020344287
lr,host_only,kaggle_malicious,kaggle_malicious,44,within,raw,9851,1934,0.7558277195708997,0.4416910103252522,0.0025853154084798,0.0501551189245087
lr,host_only,kaggle_malicious,kaggle_malicious,45,within,raw,12371,1941,0.7789959856021079,0.3939831951926778,0.0046367851622874,0.0303967027305512
lr,host_only,kaggle_malicious,kaggle_malicious,46,within,raw,10545,2082,0.7860240195696176,0.4797561786035855,0.0038424591738712,0.0365033621517771
lr,host_only,hannousse,hannousse,42,within,raw,1939,907,0.7289877182636343,0.7107690848450645,0.0573318632855567,0.1080485115766262
lr,host_only,hannousse,phiusiil,42,cross,raw,60000,25603,0.8046602240552632,0.8400012879555769,0.2629769948834121,0.6000859274303793
lr,host_only,hannousse,phiusiil,42,cross,url_dedup,59936,25585,0.8045612655705349,0.8399746658574822,0.2631620089896423,0.5999609145983975
lr,host_only,hannousse,phiusiil,42,cross,domain_dedup,53925,19850,0.758002435729453,0.7690454820201402,0.1795969773299748,0.5138539042821159
lr,host_only,hannousse,mendeley_phishurl,42,cross,raw,60000,18933,0.8689848228520587,0.7463012315327806,0.0947023715206253,0.1256008028310357
lr,host_only,hannousse,mendeley_phishurl,42,cross,url_dedup,59839,18776,0.869644400836023,0.745879247582076,0.0953877290157648,0.1264380059650617
lr,host_only,hannousse,mendeley_phishurl,42,cross,domain_dedup,46321,16337,0.8852816735982232,0.8174809951356484,0.1050376446103935,0.1389483993389239
lr,host_only,hannousse,kaggle_malicious,42,cross,raw,60000,10831,0.3581145637072016,0.1620378069975631,9.232757824762255e-05,0.0145877573631243
lr,host_only,hannousse,kaggle_malicious,42,cross,url_dedup,59648,10482,0.3536233700777315,0.1552881941154621,9.540164090822362e-05,0.0135470330089677
lr,host_only,hannousse,kaggle_malicious,42,cross,domain_dedup,45927,8736,0.3391184123354709,0.165598370210238,0.0001144688644688,0.01007326007326
lr,host_only,hannousse,ebbu2017,42,cross,raw,60000,30360,0.7602788868263697,0.715928578878903,0.0120882740447957,0.0229907773386034
lr,host_only,hannousse,ebbu2017,42,cross,url_dedup,54857,29276,0.7593937563252983,0.7368447394974523,0.0116477660882634,0.0221683290066949
lr,host_only,hannousse,ebbu2017,42,cross,domain_dedup,42403,27806,0.7302273361320595,0.8140489523078497,0.0124433575487304,0.0303891246493562
lr,host_only,hannousse,hannousse,43,within,raw,2229,1037,0.7484439011604201,0.7215851824221271,0.0636451301832208,0.0838958534233365
lr,host_only,hannousse,hannousse,44,within,raw,2670,1384,0.7685891975835814,0.7677648744466612,0.0491329479768786,0.0852601156069364
lr,host_only,hannousse,hannousse,45,within,raw,2161,824,0.7628725192613518,0.6506254765343259,0.0449029126213592,0.0825242718446602
lr,host_only,hannousse,hannousse,46,within,raw,1923,910,0.7723685495156374,0.7722286831144328,0.0714285714285714,0.1736263736263736
lr,host_only,ebbu2017,ebbu2017,42,within,raw,11279,5871,0.7759965333315193,0.7954348096821778,0.0223130642139328,0.1309827967978198
lr,host_only,ebbu2017,phiusiil,42,cross,raw,60000,25603,0.6910706213154443,0.7028434600370161,0.0600320274967777,0.2164199507870171
lr,host_only,ebbu2017,phiusiil,42,cross,url_dedup,59970,25601,0.6910820873958662,0.7029744743759768,0.0600367173157298,0.2164368579352369
lr,host_only,ebbu2017,phiusiil,42,cross,domain_dedup,57759,24235,0.6890035497880532,0.6975410914117969,0.0621827934805034,0.2190633381473076
lr,host_only,ebbu2017,mendeley_phishurl,42,cross,raw,60000,18933,0.8500651398698087,0.8226249187580585,0.1314635821053187,0.5037764749379391
lr,host_only,ebbu2017,mendeley_phishurl,42,cross,url_dedup,58479,17422,0.8480809508015975,0.812053625160804,0.1290322580645161,0.4971300654345081
lr,host_only,ebbu2017,mendeley_phishurl,42,cross,domain_dedup,40743,14899,0.8625499167956882,0.8590218792804378,0.1349755017115242,0.5379555674877509
lr,host_only,ebbu2017,kaggle_malicious,42,cross,raw,60000,10831,0.3316573900287217,0.1542887569583979,0.0025851721909334,0.016618964084572
lr,host_only,ebbu2017,kaggle_malicious,42,cross,url_dedup,59967,10805,0.3315039459772441,0.1540366012445993,0.0025913928736695,0.0166589541878759
lr,host_only,ebbu2017,kaggle_malicious,42,cross,domain_dedup,40491,8094,0.3407429673585883,0.1728001500667609,0.0034593526068692,0.006548060291574
lr,host_only,ebbu2017,hannousse,42,cross,raw,11430,5715,0.7365347135632543,0.7412800476274819,0.0293963254593175,0.0775153105861767
lr,host_only,ebbu2017,hannousse,42,cross,url_dedup,7982,5177,0.7302032126879586,0.8258090336247159,0.0251110681862082,0.0515742708132122
lr,host_only,ebbu2017,hannousse,42,cross,domain_dedup,6546,4429,0.7453574707773187,0.8483912555434814,0.035448182433958,0.0535109505531722
lr,host_only,ebbu2017,ebbu2017,43,within,raw,11844,5990,0.7695325827751868,0.7833928774170825,0.0657762938230384,0.1552587646076794
lr,host_only,ebbu2017,ebbu2017,44,within,raw,13276,6081,0.8091255655781533,0.796140977006991,0.0396316395329715,0.1621443841473442
lr,host_only,ebbu2017,ebbu2017,45,within,raw,12228,6433,0.7718382901365868,0.8005197410137268,0.0382403233328151,0.1425462459194777
lr,host_only,ebbu2017,ebbu2017,46,within,raw,13622,6468,0.7935838382167109,0.78004741910193,0.0327767470624613,0.1318800247371676
tfidf_lr,raw_string,phiusiil,phiusiil,42,within,raw,14924,8036,0.999488256677703,0.9996655148270812,0.9967645594823296,0.9977600796416128
tfidf_lr,raw_string,phiusiil,mendeley_phishurl,42,cross,raw,60000,18933,0.9922369556152384,0.9925731043042773,0.9516188665293404,0.9763904294089684
tfidf_lr,raw_string,phiusiil,mendeley_phishurl,42,cross,url_dedup,59776,18757,0.9922121750298444,0.9925285001040924,0.9518046595937516,0.976488777523058
tfidf_lr,raw_string,phiusiil,mendeley_phishurl,42,cross,domain_dedup,51556,13187,0.9897116026793286,0.989082453729853,0.952983999393342,0.9701220899370592
tfidf_lr,raw_string,phiusiil,kaggle_malicious,42,cross,raw,60000,10831,0.3923145077240425,0.240276555062571,0.0413627550549349,0.0897424060566891
tfidf_lr,raw_string,phiusiil,kaggle_malicious,42,cross,url_dedup,59966,10829,0.3920360331126115,0.2401004646913788,0.041278049681411,0.0895742912549635
tfidf_lr,raw_string,phiusiil,kaggle_malicious,42,cross,domain_dedup,55591,9508,0.3887668809176426,0.2221959003806187,0.0318679007151872,0.0804585612116112
tfidf_lr,raw_string,phiusiil,hannousse,42,cross,raw,11430,5715,0.7236038146150366,0.696917408289687,0.0047244094488188,0.0451443569553805
tfidf_lr,raw_string,phiusiil,hannousse,42,cross,url_dedup,11367,5698,0.7223759039775974,0.6968634288908349,0.0047385047385047,0.0445770445770445
tfidf_lr,raw_string,phiusiil,hannousse,42,cross,domain_dedup,9512,4332,0.7414243735227114,0.6792352611038657,0.0055401662049861,0.043859649122807
tfidf_lr,raw_string,phiusiil,ebbu2017,42,cross,raw,60000,30360,0.8240978712045646,0.7920544965999327,0.0007575757575757,0.066699604743083
tfidf_lr,raw_string,phiusiil,ebbu2017,42,cross,url_dedup,59963,30360,0.8241726426527026,0.7923954276310937,0.0010540184453227,0.066699604743083
tfidf_lr,raw_string,phiusiil,ebbu2017,42,cross,domain_dedup,57229,29934,0.820879005803976,0.7973227001793346,0.0005679160820471,0.060199104697
tfidf_lr,raw_string,phiusiil,phiusiil,43,within,raw,11624,4673,0.9976489456952852,0.9980823640866334,0.9935801412368928,0.9946501176974106
tfidf_lr,raw_string,phiusiil,phiusiil,44,within,raw,13064,6168,0.9989515576615778,0.999221427856164,0.994325551232166,0.99594682230869
tfidf_lr,raw_string,phiusiil,phiusiil,45,within,raw,12349,5519,0.9985574126065764,0.9989233674666416,0.9945642326508426,0.995832578365646
tfidf_lr,raw_string,phiusiil,phiusiil,46,within,raw,12031,5169,0.998186620132272,0.9985362784222792,0.9924550203134068,0.9941961694718514
tfidf_lr,raw_string,mendeley_phishurl,mendeley_phishurl,42,within,raw,11979,3514,0.9964122246983714,0.995990781601839,0.9863403528742174,0.9900398406374502
tfidf_lr,raw_string,mendeley_phishurl,phiusiil,42,cross,raw,60000,25603,0.9965020988293852,0.9971990810110594,0.9850798734523298,0.988282623130102
tfidf_lr,raw_string,mendeley_phishurl,phiusiil,42,cross,url_dedup,59773,25423,0.9964760685876196,0.99716843964464,0.9850135703890178,0.988199661723636
tfidf_lr,raw_string,mendeley_phishurl,phiusiil,42,cross,domain_dedup,50234,16741,0.9947565081187162,0.9946657808827574,0.9775999044262588,0.9821993907174004
tfidf_lr,raw_string,mendeley_phishurl,kaggle_malicious,42,cross,raw,60000,10831,0.6609087705751954,0.3856549591943985,0.0954667159080417,0.1475394700397008
tfidf_lr,raw_string,mendeley_phishurl,kaggle_malicious,42,cross,url_dedup,55381,10809,0.6521992975082413,0.3923356223860342,0.0945508372652419,0.1443241742991951
tfidf_lr,raw_string,mendeley_phishurl,kaggle_malicious,42,cross,domain_dedup,27817,8445,0.5317063429336586,0.4181119314437356,0.0602723505032563,0.1249259917110716
tfidf_lr,raw_string,mendeley_phishurl,hannousse,42,cross,raw,11430,5715,0.8188705720621318,0.7469294720840993,0.000349956255468,0.0209973753280839
tfidf_lr,raw_string,mendeley_phishurl,hannousse,42,cross,url_dedup,11261,5550,0.8183856032534021,0.7416604011145262,0.0003603603603603,0.0216216216216216
tfidf_lr,raw_string,mendeley_phishurl,hannousse,42,cross,domain_dedup,7961,3946,0.8160342077574025,0.7459255105573646,0.0005068423720223,0.0146984287886467
tfidf_lr,raw_string,mendeley_phishurl,ebbu2017,42,cross,raw,60000,30360,0.9114012373337316,0.8816444713277025,0.0024044795783926,0.1094202898550724
tfidf_lr,raw_string,mendeley_phishurl,ebbu2017,42,cross,url_dedup,56886,27260,0.9129438340606116,0.8727180333388475,0.0024578136463683,0.111518708730741
tfidf_lr,raw_string,mendeley_phishurl,ebbu2017,42,cross,domain_dedup,36481,18306,0.8964111705770359,0.8605597646633945,0.0010925379656943,0.0758221348191849
tfidf_lr,raw_string,mendeley_phishurl,mendeley_phishurl,43,within,raw,12746,3709,0.9965516678638758,0.996774112329014,0.9919115664599624,0.9932596387166353
tfidf_lr,raw_string,mendeley_phishurl,mendeley_phishurl,44,within,raw,10675,3893,0.995174743316176,0.9962515354193178,0.9635242743385564,0.9917801181608016
tfidf_lr,raw_string,mendeley_phishurl,mendeley_phishurl,45,within,raw,13399,3390,0.997883291468357,0.9974940279989972,0.9855457227138644,0.9943952802359882
tfidf_lr,raw_string,mendeley_phishurl,mendeley_phishurl,46,within,raw,10950,3747,0.996656680242616,0.9969952100106452,0.985321590605818,0.9925273552175072
tfidf_lr,raw_string,kaggle_malicious,kaggle_malicious,42,within,raw,12523,2109,0.968199517682501,0.8752014206869878,0.130393551446183,0.5561877667140825
tfidf_lr,raw_string,kaggle_malicious,phiusiil,42,cross,raw,60000,25603,0.1915011526765531,0.2984978107048611,0.0023044174510799,0.0089052064211225
tfidf_lr,raw_string,kaggle_malicious,phiusiil,42,cross,url_dedup,59966,25601,0.1915215453155636,0.2986777812226198,0.002304597476661,0.0089059021131987
tfidf_lr,raw_string,kaggle_malicious,phiusiil,42,cross,domain_dedup,52752,19367,0.2400076035395511,0.2692606630558547,0.0030464191666236,0.0117209686580265
tfidf_lr,raw_string,kaggle_malicious,mendeley_phishurl,42,cross,raw,60000,18933,0.3682041614923243,0.2444165541836028,0.0004225426503987,0.002746527227592
tfidf_lr,raw_string,kaggle_malicious,mendeley_phishurl,42,cross,url_dedup,55379,18909,0.3665890214693865,0.2656277258930452,0.0004230789571103,0.0027500132212174
tfidf_lr,raw_string,kaggle_malicious,mendeley_phishurl,42,cross,domain_dedup,28121,15987,0.2714962984646056,0.4262912657041425,0.0004378557578032,0.0017514230312128
tfidf_lr,raw_string,kaggle_malicious,hannousse,42,cross,raw,11430,5715,0.3009231282660096,0.3723261657007458,0.0,0.000524934383202
tfidf_lr,raw_string,kaggle_malicious,hannousse,42,cross,url_dedup,11033,5320,0.2985089408274756,0.3559240123520044,0.0,0.000375939849624
tfidf_lr,raw_string,kaggle_malicious,hannousse,42,cross,domain_dedup,7697,3663,0.2300774430174529,0.3300610185066721,0.0,0.0002730002730002
tfidf_lr,raw_string,kaggle_malicious,ebbu2017,42,cross,raw,60000,30360,0.3656564234138605,0.4124138550409799,6.587615283267457e-05,0.0019762845849802
tfidf_lr,raw_string,kaggle_malicious,ebbu2017,42,cross,url_dedup,59950,30325,0.3656275980673505,0.4122370347009282,6.595218466611707e-05,0.0019785655399835
tfidf_lr,raw_string,kaggle_malicious,ebbu2017,42,cross,domain_dedup,46489,28616,0.3574303806869207,0.5135196552566236,0.0,0.0014677103718199
tfidf_lr,raw_string,kaggle_malicious,kaggle_malicious,43,within,raw,13894,1917,0.9743390969014728,0.8938265072201037,0.2822117892540428,0.6964006259780907
tfidf_lr,raw_string,kaggle_malicious,kaggle_malicious,44,within,raw,9851,1934,0.965934379424377,0.8888092444002431,0.2171664943123061,0.5274043433298863
tfidf_lr,raw_string,kaggle_malicious,kaggle_malicious,45,within,raw,12371,1941,0.9666199382255936,0.8756971539991225,0.2642967542503864,0.5806285419886656
tfidf_lr,raw_string,kaggle_malicious,kaggle_malicious,46,within,raw,10545,2082,0.971021169961395,0.8958420406658664,0.1450528338136407,0.5600384245917387
tfidf_lr,raw_string,hannousse,hannousse,42,within,raw,1939,907,0.9665297043665548,0.9638376756150852,0.2657111356119074,0.6780595369349504
tfidf_lr,raw_string,hannousse,phiusiil,42,cross,raw,60000,25603,0.9088405316469036,0.9171446544963892,0.623442565324376,0.6728898957153459
tfidf_lr,raw_string,hannousse,phiusiil,42,cross,url_dedup,59936,25585,0.908794361570982,0.9171248777172184,0.6231776431502833,0.6726597615790503
tfidf_lr,raw_string,hannousse,phiusiil,42,cross,domain_dedup,53925,19850,0.883204254949539,0.8731271060245706,0.5261964735516372,0.5854911838790932
tfidf_lr,raw_string,hannousse,mendeley_phishurl,42,cross,raw,60000,18933,0.9823240633145648,0.9757906611537832,0.6389901230655469,0.8664237046426874
tfidf_lr,raw_string,hannousse,mendeley_phishurl,42,cross,url_dedup,59839,18776,0.98217983551748,0.9754533370716568,0.6368236046016191,0.8654132935662548
tfidf_lr,raw_string,hannousse,mendeley_phishurl,42,cross,domain_dedup,46321,16337,0.9809076542277324,0.9768352788275598,0.6053743037277346,0.8410356858664382
tfidf_lr,raw_string,hannousse,kaggle_malicious,42,cross,raw,60000,10831,0.5870146339596463,0.2321977728509807,0.0015695688302095,0.0122795679069338
tfidf_lr,raw_string,hannousse,kaggle_malicious,42,cross,url_dedup,59648,10482,0.5786645420387876,0.2208767404056131,0.0014310246136233,0.0120206067544361
tfidf_lr,raw_string,hannousse,kaggle_malicious,42,cross,domain_dedup,45927,8736,0.5658114037938794,0.2216515097630445,0.0010302197802197,0.0078983516483516
tfidf_lr,raw_string,hannousse,ebbu2017,42,cross,raw,60000,30360,0.9821287732100088,0.9843565507392202,0.5574110671936758,0.8033267457180501
tfidf_lr,raw_string,hannousse,ebbu2017,42,cross,url_dedup,54857,29276,0.9799672431919784,0.9840458038894704,0.5405451564421369,0.7878125426970898
tfidf_lr,raw_string,hannousse,ebbu2017,42,cross,domain_dedup,42403,27806,0.9709586637697548,0.9854922921666268,0.4933827231532762,0.7367474645759908
tfidf_lr,raw_string,hannousse,hannousse,43,within,raw,2229,1037,0.9691102043193776,0.9668984941573832,0.2150433944069431,0.682738669238187
tfidf_lr,raw_string,hannousse,hannousse,44,within,raw,2670,1384,0.9489511322467838,0.9532933521532662,0.4060693641618497,0.5036127167630058
tfidf_lr,raw_string,hannousse,hannousse,45,within,raw,2161,824,0.9577838734741596,0.9422626041276456,0.2609223300970874,0.6407766990291263
tfidf_lr,raw_string,hannousse,hannousse,46,within,raw,1923,910,0.9657702613280108,0.965548907884347,0.3582417582417582,0.6626373626373626
tfidf_lr,raw_string,ebbu2017,ebbu2017,42,within,raw,11279,5871,0.9959519839266116,0.9964426580340509,0.7480838017373531,0.9242037131664111
tfidf_lr,raw_string,ebbu2017,phiusiil,42,cross,raw,60000,25603,0.9814926149486723,0.9778735971396192,0.3557395617701051,0.7511229152833653
tfidf_lr,raw_string,ebbu2017,phiusiil,42,cross,url_dedup,59970,25601,0.9814792667664268,0.9778728034628984,0.3557673528377797,0.7511425334947853
tfidf_lr,raw_string,ebbu2017,phiusiil,42,cross,domain_dedup,57759,24235,0.9810301698998052,0.976987880459818,0.3542397359191252,0.7545698370125851
tfidf_lr,raw_string,ebbu2017,mendeley_phishurl,42,cross,raw,60000,18933,0.9770328527926736,0.9656850837276156,0.6634975967886758,0.8190461099667248
tfidf_lr,raw_string,ebbu2017,mendeley_phishurl,42,cross,url_dedup,58479,17422,0.9750425563546536,0.9602494165109876,0.6347147285041901,0.8034094822638044
tfidf_lr,raw_string,ebbu2017,mendeley_phishurl,42,cross,domain_dedup,40743,14899,0.9723232054197172,0.9653119068129604,0.6209812739110008,0.7901872608899926
tfidf_lr,raw_string,ebbu2017,kaggle_malicious,42,cross,raw,60000,10831,0.6383479281066335,0.265543148016595,0.0023081894561905,0.0141261194718862
tfidf_lr,raw_string,ebbu2017,kaggle_malicious,42,cross,url_dedup,59967,10805,0.6379872088879683,0.2647554941108001,0.0023137436372049,0.0141601110596945
tfidf_lr,raw_string,ebbu2017,kaggle_malicious,42,cross,domain_dedup,40491,8094,0.6391413988697898,0.2789325177196318,0.0022238695329873,0.0147022485791944
tfidf_lr,raw_string,ebbu2017,hannousse,42,cross,raw,11430,5715,0.941535536404406,0.9406900243124257,0.1860017497812773,0.4355205599300087
tfidf_lr,raw_string,ebbu2017,hannousse,42,cross,url_dedup,7982,5177,0.8959172563962983,0.9370904737377742,0.1131929689009078,0.2909020668340737
tfidf_lr,raw_string,ebbu2017,hannousse,42,cross,domain_dedup,6546,4429,0.8977275745070521,0.9445985309653836,0.1246331000225784,0.3061639196206818
tfidf_lr,raw_string,ebbu2017,ebbu2017,43,within,raw,11844,5990,0.9951704611888736,0.9954311242565372,0.7193656093489148,0.90550918196995
tfidf_lr,raw_string,ebbu2017,ebbu2017,44,within,raw,13276,6081,0.9971178755551502,0.9968062488399168,0.836211149481993,0.9414569972044072
tfidf_lr,raw_string,ebbu2017,ebbu2017,45,within,raw,12228,6433,0.9965435449520356,0.9968967078831624,0.7602984610601585,0.939375097155293
tfidf_lr,raw_string,ebbu2017,ebbu2017,46,within,raw,13622,6468,0.99663591896209,0.9963326565242608,0.7934446505875077,0.9200680272108844
xgb,full,phiusiil,aligned_natural,42,cross,raw,16336,8168,0.5756097722197228,0.5991567146269178,0.0020812928501469,0.0253428011753183
xgb,full,phiusiil,aligned_natural,42,cross,url_dedup,16305,8137,0.5755233933410425,0.5982045156283498,0.0020892220720167,0.0254393511122035
xgb,full,phiusiil,aligned_natural,42,cross,domain_dedup,15776,8009,0.5732998442286097,0.6041082491013225,0.0021226120614308,0.0252216256711199
xgb,full,phiusiil,aligned_natural,43,cross,raw,16336,8168,0.5567310209282827,0.5830219488437158,0.0,0.0194662095984329
xgb,full,phiusiil,aligned_natural,43,cross,url_dedup,16305,8137,0.556634715463409,0.5820994532778073,0.0,0.0194174757281553
xgb,full,phiusiil,aligned_natural,43,cross,domain_dedup,15776,8009,0.5533929312142611,0.5878548210636084,0.0,0.0193532276189287
xgb,full,phiusiil,aligned_natural,44,cross,raw,16336,8168,0.5767229197503744,0.6099816316230879,0.0028158667972575,0.0494613124387855
xgb,full,phiusiil,aligned_natural,44,cross,url_dedup,16305,8137,0.5765740603766762,0.6090546882230883,0.0028265945680226,0.0494039572323952
xgb,full,phiusiil,aligned_natural,44,cross,domain_dedup,15776,8009,0.5733048196406698,0.6141156382990305,0.0028717692595829,0.0491946560119865
xgb,full,phiusiil,aligned_natural,45,cross,raw,16336,8168,0.5946284070273522,0.6237069073367777,0.0018364348677766,0.0324436826640548
xgb,full,phiusiil,aligned_natural,45,cross,url_dedup,16305,8137,0.5944820198950946,0.6227522361721822,0.0018434312400147,0.0323214944082585
xgb,full,phiusiil,aligned_natural,45,cross,domain_dedup,15776,8009,0.5913126765477547,0.6277869403805005,0.0018728929953801,0.0322137595205393
xgb,full,phiusiil,aligned_natural,46,cross,raw,16336,8168,0.5805115934019287,0.6159137084530566,0.0018364348677766,0.0526444662095984
xgb,full,phiusiil,aligned_natural,46,cross,url_dedup,16305,8137,0.5803644541198673,0.6149993154968132,0.0018434312400147,0.0525992380484207
xgb,full,phiusiil,aligned_natural,46,cross,domain_dedup,15776,8009,0.5769166392456355,0.6201866442766998,0.0018728929953801,0.0528155824697215
xgb,full,mendeley_phishurl,aligned_natural,42,cross,raw,16336,8168,0.7901933868439557,0.7872639131256373,0.0657443682664054,0.1360186092066601
xgb,full,mendeley_phishurl,aligned_natural,42,cross,url_dedup,16330,8162,0.7901270693529485,0.7870302694032107,0.065670178877726,0.1357510414114187
xgb,full,mendeley_phishurl,aligned_natural,42,cross,domain_dedup,15668,8088,0.7882756776383266,0.796152736085608,0.0598417408506429,0.1340257171117705
xgb,full,mendeley_phishurl,aligned_natural,43,cross,raw,16336,8168,0.7880062351850129,0.7830821078253236,0.0261998041136141,0.1349167482859941
xgb,full,mendeley_phishurl,aligned_natural,43,cross,url_dedup,16330,8162,0.7879450298329542,0.7828523259833851,0.0260965449644694,0.1346483704974271
xgb,full,mendeley_phishurl,aligned_natural,43,cross,domain_dedup,15668,8088,0.7861716778366725,0.792603063127165,0.0259643916913946,0.1390949554896142
xgb,full,mendeley_phishurl,aligned_natural,44,cross,raw,16336,8168,0.7875825001726717,0.7849223883187743,0.0499510284035259,0.1454456415279138
xgb,full,mendeley_phishurl,aligned_natural,44,cross,url_dedup,16330,8162,0.7875151408752392,0.7846940820254839,0.0499877481009556,0.1451850036755697
xgb,full,mendeley_phishurl,aligned_natural,44,cross,domain_dedup,15668,8088,0.7857784358859929,0.794078341001252,0.0473541048466864,0.1455242334322453
xgb,full,mendeley_phishurl,aligned_natural,45,cross,raw,16336,8168,0.7871855352605087,0.7824708828861909,0.0553379040156709,0.1405484818805093
xgb,full,mendeley_phishurl,aligned_natural,45,cross,url_dedup,16330,8162,0.7871195566348533,0.782241985280965,0.0552560646900269,0.1404067630482725
xgb,full,mendeley_phishurl,aligned_natural,45,cross,domain_dedup,15668,8088,0.7853572933875131,0.7920021418450476,0.0456231454005934,0.1402077151335311
xgb,full,mendeley_phishurl,aligned_natural,46,cross,raw,16336,8168,0.7907942002233221,0.785872636142874,0.0530117531831537,0.1363858961802155
xgb,full,mendeley_phishurl,aligned_natural,46,cross,url_dedup,16330,8162,0.7907311518753086,0.785650757661146,0.0530507228620436,0.1361185983827493
xgb,full,mendeley_phishurl,aligned_natural,46,cross,domain_dedup,15668,8088,0.7888177279477202,0.7948608382939495,0.0416666666666666,0.1374876360039564
xgb,full,kaggle_malicious,aligned_natural,42,cross,raw,16336,8168,0.4899044121561796,0.5148951939248427,0.003305582761998,0.0222820763956905
xgb,full,kaggle_malicious,aligned_natural,42,cross,url_dedup,16332,8164,0.4901002199162996,0.5148909231359554,0.0033072023517883,0.0222929936305732
xgb,full,kaggle_malicious,aligned_natural,42,cross,domain_dedup,15716,8130,0.4882160006018726,0.5318569265437346,0.0046740467404674,0.023370233702337
xgb,full,kaggle_malicious,aligned_natural,43,cross,raw,16336,8168,0.4964247077292624,0.5235964854345624,0.0034280117531831,0.0225269343780607
xgb,full,kaggle_malicious,aligned_natural,43,cross,url_dedup,16332,8164,0.4966188063887178,0.5235950807036405,0.0034296913277804,0.0225379715825575
xgb,full,kaggle_malicious,aligned_natural,43,cross,domain_dedup,15716,8130,0.4955094092860254,0.5415484228535461,0.0066420664206642,0.0241082410824108
xgb,full,kaggle_malicious,aligned_natural,44,cross,raw,16336,8168,0.5005767712513226,0.5395241332209214,0.0040401567091087,0.0297502448579823
xgb,full,kaggle_malicious,aligned_natural,44,cross,url_dedup,16332,8164,0.5007767582626672,0.5395316328398982,0.0040421362077413,0.029764821166095
xgb,full,kaggle_malicious,aligned_natural,44,cross,domain_dedup,15716,8130,0.4988742695889917,0.5562427898007595,0.0040590405904059,0.0314883148831488
xgb,full,kaggle_malicious,aligned_natural,45,cross,raw,16336,8168,0.5124459531762469,0.545597579733792,0.0053868756121449,0.0257100881488736
xgb,full,kaggle_malicious,aligned_natural,45,cross,url_dedup,16332,8164,0.5126548747733174,0.5456089075972068,0.005389514943655,0.0257226849583537
xgb,full,kaggle_malicious,aligned_natural,45,cross,domain_dedup,15716,8130,0.5115698660282147,0.5630647012326897,0.0062730627306273,0.0263222632226322
xgb,full,kaggle_malicious,aligned_natural,46,cross,raw,16336,8168,0.4996952765192466,0.5302063602777939,0.003305582761998,0.0247306562193927
xgb,full,kaggle_malicious,aligned_natural,46,cross,url_dedup,16332,8164,0.4998936769295072,0.5302089811282038,0.0033072023517883,0.0247427731504164
xgb,full,kaggle_malicious,aligned_natural,46,cross,domain_dedup,15716,8130,0.4983393050381861,0.5468930267180857,0.0033210332103321,0.0250922509225092
xgb,full,hannousse,aligned_natural,42,cross,raw,16336,8168,0.8065394933022588,0.802608045318344,0.0495837414299706,0.156586679725759
xgb,full,hannousse,aligned_natural,42,cross,url_dedup,16327,8159,0.8063781452951675,0.8022636121007773,0.0495158720431425,0.1562691506312048
xgb,full,hannousse,aligned_natural,42,cross,domain_dedup,16011,8121,0.8053362958135264,0.8054605139564885,0.0464228543282846,0.1561384066001724
xgb,full,hannousse,aligned_natural,43,cross,raw,16336,8168,0.8064553458541058,0.8028160123667853,0.0760284035259549,0.1494857982370225
xgb,full,hannousse,aligned_natural,43,cross,url_dedup,16327,8159,0.8062985566973926,0.8024795944239403,0.0758671405809535,0.1492830003676921
xgb,full,hannousse,aligned_natural,43,cross,domain_dedup,16011,8121,0.8053346336907756,0.805800003934269,0.0720354636128555,0.1485038788326561
xgb,full,hannousse,aligned_natural,44,cross,raw,16336,8168,0.8052869119211542,0.8021094997022942,0.0683153770812928,0.1595249755142017
xgb,full,hannousse,aligned_natural,44,cross,url_dedup,16327,8159,0.8051296891999233,0.8017681864919195,0.0682681701188871,0.1592106875842627
xgb,full,hannousse,aligned_natural,44,cross,domain_dedup,16011,8121,0.8041441480247504,0.8050565107708488,0.0677256495505479,0.1557689939662603
xgb,full,hannousse,aligned_natural,45,cross,raw,16336,8168,0.8054334954568173,0.8002402504504298,0.0690499510284035,0.145690499510284
xgb,full,hannousse,aligned_natural,45,cross,url_dedup,16327,8159,0.805271452638362,0.7998840004921721,0.0690035543571516,0.1453609510969481
xgb,full,hannousse,aligned_natural,45,cross,domain_dedup,16011,8121,0.804186629697311,0.8030409466524879,0.0687107499076468,0.1443172023149858
xgb,full,hannousse,aligned_natural,46,cross,raw,16336,8168,0.8057568201102029,0.8012821927224156,0.0792115572967678,0.1454456415279138
xgb,full,hannousse,aligned_natural,46,cross,url_dedup,16327,8159,0.8055975948277736,0.8009364420920402,0.079053805613433,0.1452383870572374
xgb,full,hannousse,aligned_natural,46,cross,domain_dedup,16011,8121,0.8044669587944944,0.8040240310778402,0.0764684152198005,0.1425932766900628
xgb,full,ebbu2017,aligned_natural,42,cross,raw,16336,8168,0.8412113896014259,0.8303571580060553,0.0875367286973555,0.1867042115572967
xgb,full,ebbu2017,aligned_natural,42,cross,url_dedup,16333,8167,0.8411734892675287,0.8303175685903126,0.0875474470429778,0.186604628382515
xgb,full,ebbu2017,aligned_natural,42,cross,domain_dedup,15673,8149,0.836323160495161,0.835913569419598,0.0825868204687691,0.1806356608172782
xgb,full,ebbu2017,aligned_natural,43,cross,raw,16336,8168,0.838097162093586,0.8293506979340203,0.0827619980411361,0.1796033300685602
xgb,full,ebbu2017,aligned_natural,43,cross,url_dedup,16333,8167,0.8380596470428519,0.829312349153712,0.0827721317497245,0.1795028774335741
xgb,full,ebbu2017,aligned_natural,43,cross,domain_dedup,15673,8149,0.8335852371849686,0.8354708543214813,0.0805006749294392,0.1774450852865382
xgb,full,ebbu2017,aligned_natural,44,cross,raw,16336,8168,0.8378670756306592,0.8283974085311299,0.0710088148873653,0.180460333006856
xgb,full,ebbu2017,aligned_natural,44,cross,url_dedup,16333,8167,0.8378289812339829,0.8283579030537118,0.0710175094894085,0.1803599853067221
xgb,full,ebbu2017,aligned_natural,44,cross,domain_dedup,15673,8149,0.8334308166173232,0.8346169553310793,0.0701926616762793,0.1738863664253282
xgb,full,ebbu2017,aligned_natural,45,cross,raw,16336,8168,0.8437426329763507,0.8334822161015574,0.0893731635651322,0.1920910871694417
xgb,full,ebbu2017,aligned_natural,45,cross,url_dedup,16333,8167,0.8437047029614859,0.8334431265899582,0.0892616627892739,0.1919921635851598
xgb,full,ebbu2017,aligned_natural,45,cross,domain_dedup,15673,8149,0.8390624130487272,0.8391924783420966,0.0859001104429991,0.1876303840962081
xgb,full,ebbu2017,aligned_natural,46,cross,raw,16336,8168,0.8391659950659078,0.829813130884547,0.0828844270323212,0.1819294809010773
xgb,full,ebbu2017,aligned_natural,46,cross,url_dedup,16333,8167,0.839139653643971,0.8297821134401192,0.0828945757316027,0.1818293130892616
xgb,full,ebbu2017,aligned_natural,46,cross,domain_dedup,15673,8149,0.834455679568254,0.835856333776438,0.0820959626948091,0.1786722297214382
xgb,full,aligned_natural,aligned_natural,42,within,raw,3331,1625,0.9479696997024076,0.9439127440233126,0.1778461538461538,0.4676923076923077
xgb,full,aligned_natural,phiusiil,42,cross,raw,60000,25603,0.6559214566415763,0.6567314340716887,0.0373393742920751,0.1365855563801117
xgb,full,aligned_natural,phiusiil,42,cross,url_dedup,59969,25572,0.6556958593923918,0.6562296030613174,0.0371891130924448,0.1363600813389645
xgb,full,aligned_natural,phiusiil,42,cross,domain_dedup,58167,23868,0.6521977901745019,0.6371816039633742,0.0325540472599296,0.1284984079101726
xgb,full,aligned_natural,mendeley_phishurl,42,cross,raw,60000,18933,0.9020969761954276,0.8323233341235715,0.137590450536101,0.3462737020017958
xgb,full,aligned_natural,mendeley_phishurl,42,cross,url_dedup,59993,18926,0.902071407211986,0.8322436183503927,0.1375885025890309,0.3461904258691747
xgb,full,aligned_natural,mendeley_phishurl,42,cross,domain_dedup,58198,18416,0.9032233348497792,0.8346055977338223,0.1374348392701998,0.3468179843614248
xgb,full,aligned_natural,kaggle_malicious,42,cross,raw,60000,10831,0.5040568271070885,0.1928538379269537,0.0028621549256762,0.0184655156495245
xgb,full,aligned_natural,kaggle_malicious,42,cross,url_dedup,59996,10827,0.5039231542412413,0.1927308167212304,0.0028632123395215,0.0184723376743326
xgb,full,aligned_natural,kaggle_malicious,42,cross,domain_dedup,57855,10417,0.5018710618427882,0.192230874699003,0.002879907842949,0.0188153979072669
xgb,full,aligned_natural,hannousse,42,cross,raw,11430,5715,0.7695087676595106,0.8073005739949988,0.1445319335083114,0.2654418197725284
xgb,full,aligned_natural,hannousse,42,cross,url_dedup,11420,5705,0.7693330358245096,0.8069058943407053,0.1446099912357581,0.2653812445223488
xgb,full,aligned_natural,hannousse,42,cross,domain_dedup,11147,5542,0.7707958784286469,0.8067265404887749,0.1476001443522194,0.2686755683868639
xgb,full,aligned_natural,ebbu2017,42,cross,raw,60000,30360,0.8930823955316232,0.8966551032415511,0.1359025032938076,0.3067523056653491
xgb,full,aligned_natural,ebbu2017,42,cross,url_dedup,59996,30358,0.8930990538349344,0.8966747222405116,0.1359114566176955,0.3067725146584096
xgb,full,aligned_natural,ebbu2017,42,cross,domain_dedup,59061,30082,0.8930038970582218,0.8977096506621052,0.1369257363207233,0.3092547038095871
xgb,full,aligned_natural,aligned_natural,43,within,raw,3239,1629,0.9409791092351746,0.9401509320121568,0.2744014732965009,0.4266421117249847
xgb,full,aligned_natural,phiusiil,43,cross,raw,60000,25603,0.6581940578449984,0.6633479245059832,0.0524157325313439,0.1502167714720931
xgb,full,aligned_natural,phiusiil,43,cross,url_dedup,59969,25572,0.657985132138755,0.6628661337991846,0.05228374784921,0.1499296105114969
xgb,full,aligned_natural,phiusiil,43,cross,domain_dedup,58167,23868,0.655016858932082,0.644712250814312,0.0461287078934137,0.1408580526227585
xgb,full,aligned_natural,mendeley_phishurl,43,cross,raw,60000,18933,0.9054640110143524,0.8366806828657062,0.1735593936512967,0.3578936248877621
xgb,full,aligned_natural,mendeley_phishurl,43,cross,url_dedup,59993,18926,0.9054424613069122,0.8366076352032189,0.1735707492338581,0.3578146465180175
xgb,full,aligned_natural,mendeley_phishurl,43,cross,domain_dedup,58198,18416,0.9065715538640848,0.8390985511552527,0.1679517810599478,0.3613162467419635
xgb,full,aligned_natural,kaggle_malicious,43,cross,raw,60000,10831,0.5045586753495763,0.1921865345448629,0.0024005170344381,0.0191118086972578
xgb,full,aligned_natural,kaggle_malicious,43,cross,url_dedup,59996,10827,0.5044289804878875,0.1920657495818271,0.0024014038976632,0.0191188694929343
xgb,full,aligned_natural,kaggle_malicious,43,cross,domain_dedup,57855,10417,0.501884116275588,0.1914253302853819,0.0024959201305558,0.0196793702601516
xgb,full,aligned_natural,hannousse,43,cross,raw,11430,5715,0.7759817030745172,0.8124946953207379,0.1396325459317585,0.2853893263342082
xgb,full,aligned_natural,hannousse,43,cross,url_dedup,11420,5705,0.7758036380421773,0.8120932269435395,0.1397020157756354,0.2850131463628396
xgb,full,aligned_natural,hannousse,43,cross,domain_dedup,11147,5542,0.7774755005245806,0.8120468480580264,0.1427282569469505,0.2874413569108625
xgb,full,aligned_natural,ebbu2017,43,cross,raw,60000,30360,0.896678327790313,0.8999190674596387,0.1346837944664031,0.3188076416337286
xgb,full,aligned_natural,ebbu2017,43,cross,url_dedup,59996,30358,0.8966983942582369,0.8999458966147483,0.1346926675011529,0.3188286448382634
xgb,full,aligned_natural,ebbu2017,43,cross,domain_dedup,59061,30082,0.8968165041021259,0.9011161500315854,0.133767701615584,0.3175985639252709
xgb,full,aligned_natural,aligned_natural,44,within,raw,3285,1636,0.9492753999237888,0.9472959399465176,0.2347188264058679,0.4511002444987775
xgb,full,aligned_natural,phiusiil,44,cross,raw,60000,25603,0.6506193495693422,0.6553625183784805,0.0478459555520837,0.1455298207241339
xgb,full,aligned_natural,phiusiil,44,cross,url_dedup,59969,25572,0.6503856126280225,0.6548546925926809,0.0476693258251212,0.1452369779446269
xgb,full,aligned_natural,phiusiil,44,cross,domain_dedup,58167,23868,0.646071275798733,0.6353746036610575,0.042022792022792,0.1372967990615049
xgb,full,aligned_natural,mendeley_phishurl,44,cross,raw,60000,18933,0.898938581263252,0.831693929890864,0.1687529710030106,0.3569429039243648
xgb,full,aligned_natural,mendeley_phishurl,44,cross,url_dedup,59993,18926,0.898913555307193,0.8316174467796525,0.1688153862411497,0.3568635739194759
xgb,full,aligned_natural,mendeley_phishurl,44,cross,domain_dedup,58198,18416,0.8999703439129878,0.8340384042621838,0.1680603822762815,0.3615334491746307
xgb,full,aligned_natural,kaggle_malicious,44,cross,raw,60000,10831,0.5043444107355449,0.1936745439226534,0.0027698273474286,0.020035084479734
xgb,full,aligned_natural,kaggle_malicious,44,cross,url_dedup,59996,10827,0.5042042526226167,0.1935440891380118,0.0027708506511499,0.0200424863766509
xgb,full,aligned_natural,kaggle_malicious,44,cross,domain_dedup,57855,10417,0.5025516185042009,0.1931880115732702,0.0027839109148507,0.0203513487568397
xgb,full,aligned_natural,hannousse,44,cross,raw,11430,5715,0.7753993152430749,0.8121401112414728,0.1293088363954505,0.2752405949256343
xgb,full,aligned_natural,hannousse,44,cross,url_dedup,11420,5705,0.7752043724595775,0.8117193571604155,0.1293602103418054,0.2748466257668712
xgb,full,aligned_natural,hannousse,44,cross,domain_dedup,11147,5542,0.7768533115538757,0.811604039444848,0.1319018404907975,0.2762540599061711
xgb,full,aligned_natural,ebbu2017,44,cross,raw,60000,30360,0.8976227843476128,0.9009028583894472,0.1269104084321475,0.3094202898550725
xgb,full,aligned_natural,ebbu2017,44,cross,url_dedup,59996,30358,0.8976423321505949,0.9009306078233922,0.1269187693523947,0.3094406746162461
xgb,full,aligned_natural,ebbu2017,44,cross,domain_dedup,59061,30082,0.897778789828111,0.902030053734725,0.1265540854996343,0.3090552489861046
xgb,full,aligned_natural,aligned_natural,45,within,raw,3257,1646,0.9496803190097244,0.9497398471516328,0.2320777642770352,0.4295261239368165
xgb,full,aligned_natural,phiusiil,45,cross,raw,60000,25603,0.6680301229980741,0.6680791350337096,0.0410108190446432,0.1467015584111237
xgb,full,aligned_natural,phiusiil,45,cross,url_dedup,59969,25572,0.6678119843153629,0.6675905986370816,0.0408650086031597,0.1464101360863444
xgb,full,aligned_natural,phiusiil,45,cross,domain_dedup,58167,23868,0.6649637136343146,0.6497163566723655,0.0372046254399195,0.1385118149824032
xgb,full,aligned_natural,mendeley_phishurl,45,cross,raw,60000,18933,0.9057585642797732,0.8358316468286384,0.1491575555907674,0.3469603338086938
xgb,full,aligned_natural,mendeley_phishurl,45,cross,url_dedup,59993,18926,0.9057360813591332,0.8357562985708179,0.1491598858712881,0.3468773116347881
xgb,full,aligned_natural,mendeley_phishurl,45,cross,domain_dedup,58198,18416,0.906954649418392,0.8380841126515122,0.1513900955690703,0.3510534317984361
xgb,full,aligned_natural,kaggle_malicious,45,cross,raw,60000,10831,0.50774337873258,0.1935668706732377,0.0015695688302095,0.0198504293232388
xgb,full,aligned_natural,kaggle_malicious,45,cross,url_dedup,59996,10827,0.5076061256396635,0.193419945223059,0.0015701487023182,0.0198577629999076
xgb,full,aligned_natural,kaggle_malicious,45,cross,domain_dedup,57855,10417,0.5064041352169205,0.1931103431726072,0.0015359508495728,0.0202553518287414
xgb,full,aligned_natural,hannousse,45,cross,raw,11430,5715,0.7773415112262324,0.8133185257728404,0.0993875765529308,0.2785651793525809
xgb,full,aligned_natural,hannousse,45,cross,url_dedup,11420,5705,0.7771777914263784,0.8129164161741049,0.0993865030674846,0.2780017528483786
xgb,full,aligned_natural,hannousse,45,cross,domain_dedup,11147,5542,0.7789444388822555,0.8129619862995701,0.1012269938650306,0.2807650667629014
xgb,full,aligned_natural,ebbu2017,45,cross,raw,60000,30360,0.8978837802643582,0.901655200493227,0.1373847167325428,0.3280961791831357
xgb,full,aligned_natural,ebbu2017,45,cross,url_dedup,59996,30358,0.8978991794928941,0.9016728110217416,0.1373937677053824,0.3281177943211015
xgb,full,aligned_natural,ebbu2017,45,cross,domain_dedup,59061,30082,0.8980497689030569,0.9028554575752202,0.1383551625556811,0.3272388803935908
xgb,full,aligned_natural,aligned_natural,46,within,raw,3322,1627,0.9464457631451556,0.9389842011044922,0.1315304240934234,0.3939766441303011
xgb,full,aligned_natural,phiusiil,46,cross,raw,60000,25603,0.6625585470991364,0.6653884523385352,0.0492910986993711,0.1495527867827989
xgb,full,aligned_natural,phiusiil,46,cross,url_dedup,59969,25572,0.6623403227187505,0.6649035309004035,0.0491162208665728,0.1493039261692476
xgb,full,aligned_natural,phiusiil,46,cross,domain_dedup,58167,23868,0.6594841356168217,0.6468927471261013,0.0445785151667504,0.1405228758169934
xgb,full,aligned_natural,mendeley_phishurl,46,cross,raw,60000,18933,0.9038079179265306,0.8383719692640662,0.1667987112449162,0.3509744889874822
xgb,full,aligned_natural,mendeley_phishurl,46,cross,url_dedup,59993,18926,0.9037834861072646,0.838297351742834,0.1668604036774807,0.3508929514952975
xgb,full,aligned_natural,mendeley_phishurl,46,cross,domain_dedup,58198,18416,0.9051097786804287,0.8408486796295105,0.1673544743701129,0.3551802780191138
xgb,full,aligned_natural,kaggle_malicious,46,cross,raw,60000,10831,0.5057280212438643,0.1920231808207467,0.0019388791432,0.0184655156495245
xgb,full,aligned_natural,kaggle_malicious,46,cross,url_dedup,59996,10827,0.5055995755205651,0.1918955265601228,0.0019395954558049,0.0184723376743326
xgb,full,aligned_natural,kaggle_malicious,46,cross,domain_dedup,57855,10417,0.5038204108216039,0.1914412463129992,0.0020159354900643,0.0188153979072669
xgb,full,aligned_natural,hannousse,46,cross,raw,11430,5715,0.7752136057358534,0.8118810220564775,0.1279090113735783,0.2801399825021872
xgb,full,aligned_natural,hannousse,46,cross,url_dedup,11420,5705,0.7750484870372798,0.8114860182507067,0.1279579316389132,0.2797546012269938
xgb,full,aligned_natural,hannousse,46,cross,domain_dedup,11147,5542,0.7766212824233145,0.8113242842733192,0.130638758570913,0.2784193431974016
xgb,full,aligned_natural,ebbu2017,46,cross,raw,60000,30360,0.8991557739870097,0.9023037363170242,0.1323122529644269,0.3133728590250329
xgb,full,aligned_natural,ebbu2017,46,cross,url_dedup,59996,30358,0.8991694623345787,0.9023188519472888,0.1323209697608538,0.3133935041834113
xgb,full,aligned_natural,ebbu2017,46,cross,domain_dedup,59061,30082,0.899161749561264,0.9033230124425672,0.1330031247922345,0.3136759523967821
xgb,targeted_ablation,phiusiil,aligned_natural,42,cross,raw,16336,8168,0.3899801193784588,0.4370248168221017,0.0,0.0
xgb,targeted_ablation,phiusiil,aligned_natural,42,cross,url_dedup,16305,8137,0.3899690393225609,0.4361483684990751,0.0,0.0
xgb,targeted_ablation,phiusiil,aligned_natural,42,cross,domain_dedup,15776,8009,0.3906615261255833,0.4449090546761235,0.0,0.0
xgb,targeted_ablation,phiusiil,aligned_natural,43,cross,raw,16336,8168,0.3931100701982175,0.4407162751514334,0.0,0.0
xgb,targeted_ablation,phiusiil,aligned_natural,43,cross,url_dedup,16305,8137,0.3930919641082794,0.4398023944299229,0.0,0.0
xgb,targeted_ablation,phiusiil,aligned_natural,43,cross,domain_dedup,15776,8009,0.3933527658942592,0.448267918229733,0.0,0.0
xgb,targeted_ablation,phiusiil,aligned_natural,44,cross,raw,16336,8168,0.3938800778053625,0.4408334805971797,0.0,0.0
xgb,targeted_ablation,phiusiil,aligned_natural,44,cross,url_dedup,16305,8137,0.3938806659029737,0.4399596857880736,0.0,0.0
xgb,targeted_ablation,phiusiil,aligned_natural,44,cross,domain_dedup,15776,8009,0.3947006685201564,0.4488436872134786,0.0,0.0
xgb,targeted_ablation,phiusiil,aligned_natural,45,cross,raw,16336,8168,0.3980856365612059,0.4462846728665222,0.0,0.0
xgb,targeted_ablation,phiusiil,aligned_natural,45,cross,url_dedup,16305,8137,0.3980420103114189,0.4453506894250154,0.0,0.0
xgb,targeted_ablation,phiusiil,aligned_natural,45,cross,domain_dedup,15776,8009,0.3984961684424065,0.4539585276982819,0.0,0.0
xgb,targeted_ablation,phiusiil,aligned_natural,46,cross,raw,16336,8168,0.4041589119312268,0.447413673869148,0.0,0.0
xgb,targeted_ablation,phiusiil,aligned_natural,46,cross,url_dedup,16305,8137,0.4041440355339878,0.4465234673504672,0.0,0.0
xgb,targeted_ablation,phiusiil,aligned_natural,46,cross,domain_dedup,15776,8009,0.4045482226984149,0.4550367115484213,0.0,0.0
xgb,targeted_ablation,mendeley_phishurl,aligned_natural,42,cross,raw,16336,8168,0.7606539377888053,0.7515922209413208,0.0292605288932419,0.0959843290891283
xgb,targeted_ablation,mendeley_phishurl,aligned_natural,42,cross,url_dedup,16330,8162,0.760625934942296,0.7514576777217703,0.0292820387160009,0.0960548885077186
xgb,targeted_ablation,mendeley_phishurl,aligned_natural,42,cross,domain_dedup,15668,8088,0.7559929822088949,0.757705559007492,0.0206478733926805,0.091864490603363
xgb,targeted_ablation,mendeley_phishurl,aligned_natural,43,cross,raw,16336,8168,0.761246537274052,0.756898943187002,0.0277913809990205,0.1170421155729676
xgb,targeted_ablation,mendeley_phishurl,aligned_natural,43,cross,url_dedup,16330,8162,0.7612089876379418,0.7567514260959662,0.0278118108306787,0.1171281548640039
xgb,targeted_ablation,mendeley_phishurl,aligned_natural,43,cross,domain_dedup,15668,8088,0.7569301828957979,0.763296221508817,0.0248516320474777,0.1136251236399604
xgb,targeted_ablation,mendeley_phishurl,aligned_natural,44,cross,raw,16336,8168,0.7620221282307584,0.7574211520243362,0.0275465230166503,0.1070029382957884
xgb,targeted_ablation,mendeley_phishurl,aligned_natural,44,cross,url_dedup,16330,8162,0.7620024435998648,0.7572891500502577,0.0275667728497917,0.1070815976476353
xgb,targeted_ablation,mendeley_phishurl,aligned_natural,44,cross,domain_dedup,15668,8088,0.7574327842283692,0.7634062823057259,0.0237388724035608,0.1053412462908011
xgb,targeted_ablation,mendeley_phishurl,aligned_natural,45,cross,raw,16336,8168,0.7615103486672148,0.7550011695428642,0.0252203721841332,0.101126346718903
xgb,targeted_ablation,mendeley_phishurl,aligned_natural,45,cross,url_dedup,16330,8162,0.7614854653597656,0.754861173094759,0.0252389120313648,0.1012006861063464
xgb,targeted_ablation,mendeley_phishurl,aligned_natural,45,cross,domain_dedup,15668,8088,0.7565003219858599,0.7606140580424849,0.0231206726013847,0.0997774480712166
xgb,targeted_ablation,mendeley_phishurl,aligned_natural,46,cross,raw,16336,8168,0.7623694950121878,0.7546534234904131,0.0143241919686581,0.1016160626836434
xgb,targeted_ablation,mendeley_phishurl,aligned_natural,46,cross,url_dedup,16330,8162,0.7623657031066065,0.7545314280449279,0.0143347218818916,0.1016907620681205
xgb,targeted_ablation,mendeley_phishurl,aligned_natural,46,cross,domain_dedup,15668,8088,0.7583079284206186,0.7615808168178502,0.0095202769535113,0.1010138476755687
xgb,targeted_ablation,kaggle_malicious,aligned_natural,42,cross,raw,16336,8168,0.5563119774284587,0.5309096656727627,0.0050195886385896,0.0209353574926542
xgb,targeted_ablation,kaggle_malicious,aligned_natural,42,cross,url_dedup,16332,8164,0.5563340042234103,0.5308324311080703,0.0050220480156785,0.0209456148946594
xgb,targeted_ablation,kaggle_malicious,aligned_natural,42,cross,domain_dedup,15716,8130,0.5542831457183541,0.5472515093627359,0.0067650676506765,0.0212792127921279
xgb,targeted_ablation,kaggle_malicious,aligned_natural,43,cross,raw,16336,8168,0.5521158241809369,0.5246009275497623,0.0068560235063663,0.0171400587659157
xgb,targeted_ablation,kaggle_malicious,aligned_natural,43,cross,url_dedup,16332,8164,0.552115430203838,0.5245070390576376,0.0068593826555609,0.0171484566389025
xgb,targeted_ablation,kaggle_malicious,aligned_natural,43,cross,domain_dedup,15716,8130,0.5505285031758833,0.5413406820144244,0.0072570725707257,0.0180811808118081
xgb,targeted_ablation,kaggle_malicious,aligned_natural,44,cross,raw,16336,8168,0.5466209463533188,0.5195107240605251,0.0035504407443682,0.0170176297747306
xgb,targeted_ablation,kaggle_malicious,aligned_natural,44,cross,url_dedup,16332,8164,0.5466309818049284,0.5194237988972995,0.0035521803037726,0.0170259676629103
xgb,targeted_ablation,kaggle_malicious,aligned_natural,44,cross,domain_dedup,15716,8130,0.5446632691346687,0.5358448143261212,0.003690036900369,0.0177121771217712
xgb,targeted_ablation,kaggle_malicious,aligned_natural,45,cross,raw,16336,8168,0.5480131114734551,0.5228735554619783,0.0046523016650342,0.0176297747306562
xgb,targeted_ablation,kaggle_malicious,aligned_natural,45,cross,url_dedup,16332,8164,0.5480286128129467,0.5227933609430613,0.0046545810877021,0.0176384125428711
xgb,targeted_ablation,kaggle_malicious,aligned_natural,45,cross,domain_dedup,15716,8130,0.5463774873050602,0.5396197761648063,0.0046740467404674,0.0188191881918819
xgb,targeted_ablation,kaggle_malicious,aligned_natural,46,cross,raw,16336,8168,0.550926480791239,0.5275550801371246,0.006611165523996,0.0208129285014691
xgb,targeted_ablation,kaggle_malicious,aligned_natural,46,cross,url_dedup,16332,8164,0.5509294630855897,0.5274689154387112,0.0066144047035766,0.0208231259186673
xgb,targeted_ablation,kaggle_malicious,aligned_natural,46,cross,domain_dedup,15716,8130,0.5491299519507191,0.5439287689632994,0.0067650676506765,0.0223862238622386
xgb,targeted_ablation,hannousse,aligned_natural,42,cross,raw,16336,8168,0.8041916610868145,0.7946824447693182,0.0484818805093046,0.1269588638589618
xgb,targeted_ablation,hannousse,aligned_natural,42,cross,url_dedup,16327,8159,0.8040330651609736,0.7943377679706126,0.0484127956857458,0.1268537811006251
xgb,targeted_ablation,hannousse,aligned_natural,42,cross,domain_dedup,16011,8121,0.8023959382402006,0.79727237288411,0.0460534416943726,0.1257234330747444
xgb,targeted_ablation,hannousse,aligned_natural,43,cross,raw,16336,8168,0.8014264341459134,0.789665933674858,0.0427277179236043,0.1273261508325171
xgb,targeted_ablation,hannousse,aligned_natural,43,cross,url_dedup,16327,8159,0.8012842949728697,0.7893456284690092,0.0426522858193406,0.1272214732197573
xgb,targeted_ablation,hannousse,aligned_natural,43,cross,domain_dedup,16011,8121,0.799656908211339,0.7923781888057659,0.0414973525427903,0.1249846078069203
xgb,targeted_ablation,hannousse,aligned_natural,44,cross,raw,16336,8168,0.80415049418864,0.7932411268134976,0.0348922624877571,0.1242654260528893
xgb,targeted_ablation,hannousse,aligned_natural,44,cross,url_dedup,16327,8159,0.8040001508341978,0.7929110740279699,0.0349307513175634,0.1241573722269886
xgb,targeted_ablation,hannousse,aligned_natural,44,cross,domain_dedup,16011,8121,0.8021135100302476,0.795708044655245,0.0310306612486147,0.122152444280261
xgb,targeted_ablation,hannousse,aligned_natural,45,cross,raw,16336,8168,0.8061314291408338,0.7960857456225362,0.0422380019588638,0.1298971596474045
xgb,targeted_ablation,hannousse,aligned_natural,45,cross,url_dedup,16327,8159,0.8059840962054485,0.7957609640190582,0.0422845937002083,0.129795318053683
xgb,targeted_ablation,hannousse,aligned_natural,45,cross,domain_dedup,16011,8121,0.8040900080827547,0.7983589635900727,0.0405122521856914,0.123506957271272
xgb,targeted_ablation,hannousse,aligned_natural,46,cross,raw,16336,8168,0.803504556852618,0.7926531914987305,0.039177277179236,0.1313663075416258
xgb,targeted_ablation,hannousse,aligned_natural,46,cross,url_dedup,16327,8159,0.8033595631582342,0.7923345654438047,0.0392204927074396,0.131266086530212
xgb,targeted_ablation,hannousse,aligned_natural,46,cross,domain_dedup,16011,8121,0.8016020288198039,0.7951827137301983,0.0332471370520871,0.1301563846816894
xgb,targeted_ablation,ebbu2017,aligned_natural,42,cross,raw,16336,8168,0.8453408724090861,0.8318860710634689,0.0632957884427032,0.1605044074436826
xgb,targeted_ablation,ebbu2017,aligned_natural,42,cross,url_dedup,16333,8167,0.845327280648114,0.831877751773906,0.0633035386310762,0.1605240602424391
xgb,targeted_ablation,ebbu2017,aligned_natural,42,cross,domain_dedup,15673,8149,0.8393312627146614,0.8365571829067929,0.0616026506319793,0.1554791999018284
xgb,targeted_ablation,ebbu2017,aligned_natural,43,cross,raw,16336,8168,0.8477194842441923,0.8344626988413926,0.0595004897159647,0.1597698334965719
xgb,targeted_ablation,ebbu2017,aligned_natural,43,cross,url_dedup,16333,8167,0.8477037375043337,0.8344527270289257,0.0595077751928492,0.1597893963511693
xgb,targeted_ablation,ebbu2017,aligned_natural,43,cross,domain_dedup,15673,8149,0.8415875432509698,0.8388841592866353,0.0550987851270094,0.1557246287888084
xgb,targeted_ablation,ebbu2017,aligned_natural,44,cross,raw,16336,8168,0.8470583032397037,0.8338608317838482,0.0646425073457394,0.1515670910871694
xgb,targeted_ablation,ebbu2017,aligned_natural,44,cross,url_dedup,16333,8167,0.8470466919417676,0.8338542684673724,0.0646504224317374,0.1515856495653238
xgb,targeted_ablation,ebbu2017,aligned_natural,44,cross,domain_dedup,15673,8149,0.8409539182147703,0.8382324862965302,0.0640569395017793,0.1479936188489385
xgb,targeted_ablation,ebbu2017,aligned_natural,45,cross,raw,16336,8168,0.8477868216882297,0.8340698524655077,0.0681929480901077,0.1538932419196866
xgb,targeted_ablation,ebbu2017,aligned_natural,45,cross,url_dedup,16333,8167,0.847772794050812,0.8340574157323859,0.0682012979062079,0.1539120852210113
xgb,targeted_ablation,ebbu2017,aligned_natural,45,cross,domain_dedup,15673,8149,0.8415431236886565,0.838374063378062,0.0614799361884893,0.1472573321879985
xgb,targeted_ablation,ebbu2017,aligned_natural,46,cross,raw,16336,8168,0.8474304615920708,0.8331334234044788,0.0624387855044074,0.1639324191968658
xgb,targeted_ablation,ebbu2017,aligned_natural,46,cross,url_dedup,16333,8167,0.8474189420390135,0.8331259682912467,0.0624464307579282,0.1639524917350312
xgb,targeted_ablation,ebbu2017,aligned_natural,46,cross,domain_dedup,15673,8149,0.8412063439779144,0.8374568850132771,0.0526444962572094,0.1590379187630384
xgb,targeted_ablation,aligned_natural,aligned_natural,42,within,raw,3331,1625,0.9296160158715844,0.922499984652268,0.1101538461538461,0.3735384615384615
xgb,targeted_ablation,aligned_natural,phiusiil,42,cross,raw,60000,25603,0.6355317441653112,0.6315598182404619,0.0252314181931804,0.1072139983595672
xgb,targeted_ablation,aligned_natural,phiusiil,42,cross,url_dedup,59969,25572,0.6352932516318405,0.6310284283299034,0.0251837947755357,0.1070702330674174
xgb,targeted_ablation,aligned_natural,phiusiil,42,cross,domain_dedup,58167,23868,0.6322412400050574,0.612654015499145,0.0239651416122004,0.1029830735713088
xgb,targeted_ablation,aligned_natural,mendeley_phishurl,42,cross,raw,60000,18933,0.8524202059021875,0.7511742409146149,0.0638039402102149,0.2100565150794908
xgb,targeted_ablation,aligned_natural,mendeley_phishurl,42,cross,url_dedup,59993,18926,0.852388488794473,0.7510893129859286,0.0638275388354644,0.2100813695445419
xgb,targeted_ablation,aligned_natural,mendeley_phishurl,42,cross,domain_dedup,58198,18416,0.8536515020108943,0.7529137335645066,0.0624456993918331,0.211392267593397
xgb,targeted_ablation,aligned_natural,kaggle_malicious,42,cross,raw,60000,10831,0.5604616381916797,0.2197617096965585,0.002677499769181,0.0213276705752008
xgb,targeted_ablation,aligned_natural,kaggle_malicious,42,cross,url_dedup,59996,10827,0.5603718281067698,0.2196747514513217,0.0026784889627782,0.0213355500138542
xgb,targeted_ablation,aligned_natural,kaggle_malicious,42,cross,domain_dedup,57855,10417,0.5571824416741562,0.218771788813247,0.0026879139867524,0.0216953057502159
xgb,targeted_ablation,aligned_natural,hannousse,42,cross,raw,11430,5715,0.758111154740828,0.7872408395424235,0.0860892388451443,0.2411198600174978
xgb,targeted_ablation,aligned_natural,hannousse,42,cross,url_dedup,11420,5705,0.7579815713219897,0.7869091019046373,0.0860648553900087,0.2413672217353198
xgb,targeted_ablation,aligned_natural,hannousse,42,cross,domain_dedup,11147,5542,0.7592317654720694,0.7861322450945166,0.0862504511006856,0.2419704077950198
xgb,targeted_ablation,aligned_natural,ebbu2017,42,cross,raw,60000,30360,0.8880365183697564,0.8863680514763748,0.0844202898550724,0.2404479578392621
xgb,targeted_ablation,aligned_natural,ebbu2017,42,cross,url_dedup,59996,30358,0.8880589532916731,0.8863982467569569,0.0844258515053692,0.240463798669214
xgb,targeted_ablation,aligned_natural,ebbu2017,42,cross,domain_dedup,59061,30082,0.8880285405703792,0.8874787312421922,0.080712718569244,0.2402100924140682
xgb,targeted_ablation,aligned_natural,aligned_natural,43,within,raw,3239,1629,0.9196725499391848,0.9163036091399964,0.1098833640270104,0.3001841620626151
xgb,targeted_ablation,aligned_natural,phiusiil,43,cross,raw,60000,25603,0.622120942844065,0.6218256298126554,0.0273014881068624,0.0922548138889973
xgb,targeted_ablation,aligned_natural,phiusiil,43,cross,url_dedup,59969,25572,0.6218662269932207,0.6212715440047679,0.027217268887846,0.0920538088534334
xgb,targeted_ablation,aligned_natural,phiusiil,43,cross,domain_dedup,58167,23868,0.6184501055209857,0.6028971243856156,0.0267722473604826,0.0889475448298977
xgb,targeted_ablation,aligned_natural,mendeley_phishurl,43,cross,raw,60000,18933,0.8478077534500521,0.7450078155590221,0.0705646226165953,0.2045634606243067
xgb,targeted_ablation,aligned_natural,mendeley_phishurl,43,cross,url_dedup,59993,18926,0.8477760878878231,0.744921156945469,0.0705907217584275,0.2045862834196343
xgb,targeted_ablation,aligned_natural,mendeley_phishurl,43,cross,domain_dedup,58198,18416,0.8489538960947065,0.7467394659939982,0.0705907906168549,0.2054192006950478
xgb,targeted_ablation,aligned_natural,kaggle_malicious,43,cross,raw,60000,10831,0.5617630929473199,0.2196062364419319,0.003416120395162,0.021512325731696
xgb,targeted_ablation,aligned_natural,kaggle_malicious,43,cross,url_dedup,59996,10827,0.5616633457766049,0.2195073108442845,0.0034173824697515,0.0215202733905975
xgb,targeted_ablation,aligned_natural,kaggle_malicious,43,cross,domain_dedup,57855,10417,0.5582752338897625,0.2184721051866023,0.0033598924834405,0.0215033118940193
xgb,targeted_ablation,aligned_natural,hannousse,43,cross,raw,11430,5715,0.7550529412169936,0.7838974886083064,0.1090113735783027,0.226421697287839
xgb,targeted_ablation,aligned_natural,hannousse,43,cross,url_dedup,11420,5705,0.7548943191916961,0.7835240292931611,0.1090271691498685,0.2262927256792287
xgb,targeted_ablation,aligned_natural,hannousse,43,cross,domain_dedup,11147,5542,0.7557056309276884,0.782476432432412,0.1113316492241068,0.2259112233850595
xgb,targeted_ablation,aligned_natural,ebbu2017,43,cross,raw,60000,30360,0.8869165609847818,0.8849212289731587,0.0775362318840579,0.2432147562582345
xgb,targeted_ablation,aligned_natural,ebbu2017,43,cross,url_dedup,59996,30358,0.8869399235079422,0.8849523938164359,0.0775413400092232,0.2432307793662296
xgb,targeted_ablation,aligned_natural,ebbu2017,43,cross,domain_dedup,59061,30082,0.8870280585241569,0.8861188135122373,0.0779868359816501,0.2407087294727744
xgb,targeted_ablation,aligned_natural,aligned_natural,44,within,raw,3285,1636,0.9267928921877524,0.925864059441422,0.171760391198044,0.4242053789731051
xgb,targeted_ablation,aligned_natural,phiusiil,44,cross,raw,60000,25603,0.6258687172950148,0.6209801920675737,0.0271452564152638,0.1108854431121353
xgb,targeted_ablation,aligned_natural,phiusiil,44,cross,url_dedup,59969,25572,0.6256121963944696,0.6204054812573241,0.0270217425308931,0.1106679180353511
xgb,targeted_ablation,aligned_natural,phiusiil,44,cross,domain_dedup,58167,23868,0.6233891994568435,0.6028060428231405,0.0266465560583207,0.1060415619239148
xgb,targeted_ablation,aligned_natural,mendeley_phishurl,44,cross,raw,60000,18933,0.8502832933197138,0.749745375320165,0.0789098399619711,0.2146516664025775
xgb,targeted_ablation,aligned_natural,mendeley_phishurl,44,cross,url_dedup,59993,18926,0.8502525562306753,0.7496604934169641,0.0788861883123745,0.2146782204374934
xgb,targeted_ablation,aligned_natural,mendeley_phishurl,44,cross,domain_dedup,58198,18416,0.8515613558271381,0.7517018900223619,0.078898783666377,0.2147046046915725
xgb,targeted_ablation,aligned_natural,kaggle_malicious,44,cross,raw,60000,10831,0.5628875369071602,0.221445743103683,0.0033237928169144,0.0213276705752008
xgb,targeted_ablation,aligned_natural,kaggle_malicious,44,cross,url_dedup,59996,10827,0.5628017037266697,0.2213600121706374,0.0033250207813798,0.0213355500138542
xgb,targeted_ablation,aligned_natural,kaggle_malicious,44,cross,domain_dedup,57855,10417,0.5593370463639746,0.2203773039619839,0.0033598924834405,0.0215993088221176
xgb,targeted_ablation,aligned_natural,hannousse,44,cross,raw,11430,5715,0.7569803337137537,0.7858293038023917,0.0965879265091863,0.2365704286964129
xgb,targeted_ablation,aligned_natural,hannousse,44,cross,url_dedup,11420,5705,0.7568313776728828,0.7854833030131279,0.0965819456617002,0.2364592462751971
xgb,targeted_ablation,aligned_natural,hannousse,44,cross,domain_dedup,11147,5542,0.7578400735797128,0.7845040429468539,0.0970768675568386,0.2381811620353663
xgb,targeted_ablation,aligned_natural,ebbu2017,44,cross,raw,60000,30360,0.8889930877824185,0.8879516738954734,0.100098814229249,0.2485836627140975
xgb,targeted_ablation,aligned_natural,ebbu2017,44,cross,url_dedup,59996,30358,0.8890181109604703,0.8879865455358831,0.1001054087884577,0.2486000395282956
xgb,targeted_ablation,aligned_natural,ebbu2017,44,cross,domain_dedup,59061,30082,0.8889838500692744,0.8890015157518882,0.1009573831527159,0.2474901934711788
xgb,targeted_ablation,aligned_natural,aligned_natural,45,within,raw,3257,1646,0.9271106977922892,0.923805388994972,0.1537059538274605,0.3432563791008505
xgb,targeted_ablation,aligned_natural,phiusiil,45,cross,raw,60000,25603,0.6259783308796667,0.6247275356943603,0.0252704761160801,0.1083466781236573
xgb,targeted_ablation,aligned_natural,phiusiil,45,cross,url_dedup,59969,25572,0.6257249987938837,0.6241745118534039,0.0251837947755357,0.1081651806663538
xgb,targeted_ablation,aligned_natural,phiusiil,45,cross,domain_dedup,58167,23868,0.6230397350788873,0.606251531044693,0.0247192894251717,0.1031506619741913
xgb,targeted_ablation,aligned_natural,mendeley_phishurl,45,cross,raw,60000,18933,0.8460333652428043,0.7430558590872659,0.0623778587651191,0.2050388211060053
xgb,targeted_ablation,aligned_natural,mendeley_phishurl,45,cross,url_dedup,59993,18926,0.8460014956473048,0.742967333794651,0.0624009299376519,0.2050618197189052
xgb,targeted_ablation,aligned_natural,mendeley_phishurl,45,cross,domain_dedup,58198,18416,0.8471315764476344,0.7447019255445162,0.0622827975673327,0.206505212858384
xgb,targeted_ablation,aligned_natural,kaggle_malicious,45,cross,raw,60000,10831,0.563511581316303,0.2192612448364264,0.0030468100821715,0.0204967223709722
xgb,targeted_ablation,aligned_natural,kaggle_malicious,45,cross,url_dedup,59996,10827,0.5634107519415655,0.2191626830736578,0.0030479357162648,0.0205042948185092
xgb,targeted_ablation,aligned_natural,kaggle_malicious,45,cross,domain_dedup,57855,10417,0.5601611370300479,0.2181972851072016,0.0030719016991456,0.0209273303254295
xgb,targeted_ablation,aligned_natural,hannousse,45,cross,raw,11430,5715,0.7540541574910311,0.7826527225709228,0.0892388451443569,0.2337707786526684
xgb,targeted_ablation,aligned_natural,hannousse,45,cross,url_dedup,11420,5705,0.753890840332075,0.7822599963150323,0.0892199824715162,0.2336546888694128
xgb,targeted_ablation,aligned_natural,hannousse,45,cross,domain_dedup,11147,5542,0.7549233313942576,0.7812702835653094,0.0900396968603392,0.2340310357271743
xgb,targeted_ablation,aligned_natural,ebbu2017,45,cross,raw,60000,30360,0.8879444306646823,0.886348678001548,0.0883069828722002,0.2403162055335968
xgb,targeted_ablation,aligned_natural,ebbu2017,45,cross,url_dedup,59996,30358,0.8879669944554978,0.8863801653703683,0.0883128005797483,0.2403320376836418
xgb,targeted_ablation,aligned_natural,ebbu2017,45,cross,domain_dedup,59061,30082,0.8879279103730224,0.8874190131354662,0.0890898211555082,0.2390466059437537
xgb,targeted_ablation,aligned_natural,aligned_natural,46,within,raw,3322,1627,0.923305647870649,0.913775976229227,0.0626920712968654,0.2913337430854333
xgb,targeted_ablation,aligned_natural,phiusiil,46,cross,raw,60000,25603,0.633325426858489,0.631311966554088,0.0242549701206889,0.1071749404366675
xgb,targeted_ablation,aligned_natural,phiusiil,46,cross,url_dedup,59969,25572,0.6330972349020376,0.6307965060005394,0.0241279524479899,0.1069920225246363
xgb,targeted_ablation,aligned_natural,phiusiil,46,cross,domain_dedup,58167,23868,0.6301491321797179,0.6127699459179123,0.0236299648064353,0.1007625272331154
xgb,targeted_ablation,aligned_natural,mendeley_phishurl,46,cross,raw,60000,18933,0.8480685179396921,0.746425310874496,0.0732583320128875,0.2028204721914118
xgb,targeted_ablation,aligned_natural,mendeley_phishurl,46,cross,url_dedup,59993,18926,0.8480452847946669,0.7463446615169735,0.0732854274542956,0.2028426503223079
xgb,targeted_ablation,aligned_natural,mendeley_phishurl,46,cross,domain_dedup,58198,18416,0.8492337041993986,0.7481022590517986,0.0736859252823631,0.2035729800173762
xgb,targeted_ablation,aligned_natural,kaggle_malicious,46,cross,raw,60000,10831,0.5621693913755114,0.2194781074570241,0.0028621549256762,0.0211430154187055
xgb,targeted_ablation,aligned_natural,kaggle_malicious,46,cross,url_dedup,59996,10827,0.5620747797264649,0.2193864467790304,0.0028632123395215,0.0211508266371109
xgb,targeted_ablation,aligned_natural,kaggle_malicious,46,cross,domain_dedup,57855,10417,0.5585681997667622,0.2184054251032431,0.0029759047710473,0.0215993088221176
xgb,targeted_ablation,aligned_natural,hannousse,46,cross,raw,11430,5715,0.7586634610306257,0.7882072387359537,0.0880139982502187,0.2391951006124234
xgb,targeted_ablation,aligned_natural,hannousse,46,cross,url_dedup,11420,5705,0.7584942986421177,0.7878321934587065,0.0879929886064855,0.23908851884312
xgb,targeted_ablation,aligned_natural,hannousse,46,cross,domain_dedup,11147,5542,0.7593733491163578,0.7868307837513102,0.08985925658607,0.2407073258751353
xgb,targeted_ablation,aligned_natural,ebbu2017,46,cross,raw,60000,30360,0.8869035313307339,0.8853544265500847,0.0870223978919631,0.241798418972332
xgb,targeted_ablation,aligned_natural,ebbu2017,46,cross,url_dedup,59996,30358,0.8869258007023911,0.8853838070259445,0.0870281309704196,0.2418143487713288
xgb,targeted_ablation,aligned_natural,ebbu2017,46,cross,domain_dedup,59061,30082,0.8869779900568728,0.8865259886176569,0.0842696629213483,0.2416727611196064
xgb,host_only,phiusiil,aligned_natural,42,cross,raw,16336,8168,0.7031342930918871,0.6491295529307888,0.0018364348677766,0.0310969637610186
xgb,host_only,phiusiil,aligned_natural,42,cross,url_dedup,16305,8137,0.7032611038897181,0.6481360172876252,0.0018434312400147,0.0309696448322477
xgb,host_only,phiusiil,aligned_natural,42,cross,domain_dedup,15776,8009,0.6978885428284836,0.6508954923432957,0.0018728929953801,0.0298414283930578
xgb,host_only,phiusiil,aligned_natural,43,cross,raw,16336,8168,0.7090003100295365,0.6583612775015992,0.0015915768854064,0.0336679725759059
xgb,host_only,phiusiil,aligned_natural,43,cross,url_dedup,16305,8137,0.709108905018695,0.6573294030468826,0.0015976404080127,0.0334275531522674
xgb,host_only,phiusiil,aligned_natural,43,cross,domain_dedup,15776,8009,0.7036096236718885,0.6597618683254036,0.0012485953302534,0.0322137595205393
xgb,host_only,phiusiil,aligned_natural,44,cross,raw,16336,8168,0.7039177981655556,0.651943803192596,0.0024485798237022,0.0331782566111655
xgb,host_only,phiusiil,aligned_natural,44,cross,url_dedup,16305,8137,0.7040438324375771,0.6509118932110761,0.0024579083200196,0.0328130760722625
xgb,host_only,phiusiil,aligned_natural,44,cross,domain_dedup,15776,8009,0.6990866606341202,0.6540183733575409,0.0021226120614308,0.0310900237233112
xgb,host_only,phiusiil,aligned_natural,45,cross,raw,16336,8168,0.6992403302081365,0.6453303609112843,0.0017140058765915,0.0299951028403525
xgb,host_only,phiusiil,aligned_natural,45,cross,url_dedup,16305,8137,0.6993408108353073,0.6442749497186324,0.0017205358240137,0.0298635860882389
xgb,host_only,phiusiil,aligned_natural,45,cross,domain_dedup,15776,8009,0.6938642784431568,0.646910836097514,0.0016231739293295,0.0287176925958296
xgb,host_only,phiusiil,aligned_natural,46,cross,raw,16336,8168,0.7001425020696614,0.6458363806544394,0.001101860920666,0.0243633692458374
xgb,host_only,phiusiil,aligned_natural,46,cross,url_dedup,16305,8137,0.7002599987337318,0.6448598487226396,0.0011060587440088,0.0242103969521936
xgb,host_only,phiusiil,aligned_natural,46,cross,domain_dedup,15776,8009,0.6951247215236149,0.6480133126448482,0.0009988762642027,0.0280933949307029
xgb,host_only,mendeley_phishurl,aligned_natural,42,cross,raw,16336,8168,0.6828377906999052,0.6341083334263916,0.0034280117531831,0.0160381978452497
xgb,host_only,mendeley_phishurl,aligned_natural,42,cross,url_dedup,16330,8162,0.6828575532537612,0.6340013283072506,0.0034305317324185,0.0160499877481009
xgb,host_only,mendeley_phishurl,aligned_natural,42,cross,domain_dedup,15668,8088,0.6767563969814886,0.6415603265431749,0.0033382789317507,0.0159495548961424
xgb,host_only,mendeley_phishurl,aligned_natural,43,cross,raw,16336,8168,0.6887366557196042,0.6413501224823063,0.0039177277179236,0.020690499510284
xgb,host_only,mendeley_phishurl,aligned_natural,43,cross,url_dedup,16330,8162,0.6887587296280678,0.6412394877788461,0.0039206076941926,0.0207057093849546
xgb,host_only,mendeley_phishurl,aligned_natural,43,cross,domain_dedup,15668,8088,0.682603148023457,0.6483198819969106,0.0037091988130563,0.0205242334322453
xgb,host_only,mendeley_phishurl,aligned_natural,44,cross,raw,16336,8168,0.6895115197167034,0.6489752941796051,0.0071008814887365,0.0359941234084231
xgb,host_only,mendeley_phishurl,aligned_natural,44,cross,url_dedup,16330,8162,0.6895481281234243,0.6488856253385565,0.007106101445724,0.0360205831903945
xgb,host_only,mendeley_phishurl,aligned_natural,44,cross,domain_dedup,15668,8088,0.6838237174719249,0.6568210439890019,0.0027200791295746,0.0357319485657764
xgb,host_only,mendeley_phishurl,aligned_natural,45,cross,raw,16336,8168,0.687599968187648,0.6414843989741474,0.0029382957884427,0.0232615083251714
xgb,host_only,mendeley_phishurl,aligned_natural,45,cross,url_dedup,16330,8162,0.6876236514811118,0.6413838494232919,0.0029404557706444,0.0232786081842685
xgb,host_only,mendeley_phishurl,aligned_natural,45,cross,domain_dedup,15668,8088,0.68177204445036,0.6491316304573438,0.0028437190900098,0.0232443125618199
xgb,host_only,mendeley_phishurl,aligned_natural,46,cross,raw,16336,8168,0.6909939852111534,0.6457192686487288,0.0028158667972575,0.0220372184133202
xgb,host_only,mendeley_phishurl,aligned_natural,46,cross,url_dedup,16330,8162,0.6910015186474863,0.6456028823163262,0.0028179367802009,0.0220534182798333
xgb,host_only,mendeley_phishurl,aligned_natural,46,cross,domain_dedup,15668,8088,0.6850534049596915,0.6530864275889253,0.0027200791295746,0.0218842729970326
xgb,host_only,kaggle_malicious,aligned_natural,42,cross,raw,16336,8168,0.3941919134991812,0.4322428167320858,0.0014691478942213,0.0134671890303623
xgb,host_only,kaggle_malicious,aligned_natural,42,cross,url_dedup,16332,8164,0.3942548756251016,0.4321701886214445,0.0014698677119059,0.0134737873591376
xgb,host_only,kaggle_malicious,aligned_natural,42,cross,domain_dedup,15716,8130,0.3942896281717892,0.4503988570015931,0.0019680196801968,0.0138991389913899
xgb,host_only,kaggle_malicious,aligned_natural,43,cross,raw,16336,8168,0.3938766003903339,0.4330740399527801,0.0012242899118511,0.0134671890303623
xgb,host_only,kaggle_malicious,aligned_natural,43,cross,url_dedup,16332,8164,0.3939355240104786,0.4330003890283156,0.0012248897599216,0.0134737873591376
xgb,host_only,kaggle_malicious,aligned_natural,43,cross,domain_dedup,15716,8130,0.3941454592505323,0.4513743260126631,0.001230012300123,0.013530135301353
xgb,host_only,kaggle_malicious,aligned_natural,44,cross,raw,16336,8168,0.3951484049816728,0.4345005559257346,0.0015915768854064,0.0129774730656219
xgb,host_only,kaggle_malicious,aligned_natural,44,cross,url_dedup,16332,8164,0.395209766270399,0.434428281570665,0.001592356687898,0.012983831455169
xgb,host_only,kaggle_malicious,aligned_natural,44,cross,domain_dedup,15716,8130,0.3956203876565525,0.4526877189309252,0.0015990159901599,0.0130381303813038
xgb,host_only,kaggle_malicious,aligned_natural,45,cross,raw,16336,8168,0.3924972507436872,0.4315988178815395,0.0012242899118511,0.0107737512242899
xgb,host_only,kaggle_malicious,aligned_natural,45,cross,url_dedup,16332,8164,0.3925582878368566,0.4315253685500078,0.0012248897599216,0.0107790298873101
xgb,host_only,kaggle_malicious,aligned_natural,45,cross,domain_dedup,15716,8130,0.3927384522988388,0.4497240545550165,0.001230012300123,0.0108241082410824
xgb,host_only,kaggle_malicious,aligned_natural,46,cross,raw,16336,8168,0.3929502215233284,0.4328221488690331,0.0026934378060724,0.011998041136141
xgb,host_only,kaggle_malicious,aligned_natural,46,cross,url_dedup,16332,8164,0.3930157544697079,0.4327509099623636,0.0026947574718275,0.0120039196472317
xgb,host_only,kaggle_malicious,aligned_natural,46,cross,domain_dedup,15716,8130,0.39363437827629,0.4511009980496643,0.0027060270602706,0.0120541205412054
xgb,host_only,hannousse,aligned_natural,42,cross,raw,16336,8168,0.702957237208149,0.6812840561819454,0.0083251714005876,0.0626836434867776
xgb,host_only,hannousse,aligned_natural,42,cross,url_dedup,16327,8159,0.7028354353286222,0.6809302263921706,0.0083343547003309,0.0625076602524819
xgb,host_only,hannousse,aligned_natural,42,cross,domain_dedup,16011,8121,0.6998775569573571,0.6845260928564456,0.0082502154907031,0.0573820958010097
xgb,host_only,hannousse,aligned_natural,43,cross,raw,16336,8168,0.7008380600197037,0.6795312240508844,0.0110186092066601,0.0628060724779627
xgb,host_only,hannousse,aligned_natural,43,cross,url_dedup,16327,8159,0.7006996654037728,0.6791633066340294,0.0110307635739673,0.0626302242921926
xgb,host_only,hannousse,aligned_natural,43,cross,domain_dedup,16011,8121,0.697778498811309,0.6827396652542297,0.0108361039280876,0.0586134712473833
xgb,host_only,hannousse,aligned_natural,44,cross,raw,16336,8168,0.6999332726024783,0.6812047416172705,0.0101616062683643,0.0719882468168462
xgb,host_only,hannousse,aligned_natural,44,cross,url_dedup,16327,8159,0.6997962507888335,0.6808340811686391,0.0101728152959921,0.0718225272704988
xgb,host_only,hannousse,aligned_natural,44,cross,domain_dedup,16011,8121,0.6968124075200364,0.684258432573462,0.0062800147765053,0.0696958502647457
xgb,host_only,hannousse,aligned_natural,45,cross,raw,16336,8168,0.7011434130324881,0.6812081411409113,0.0096718903036238,0.0667238001958863
xgb,host_only,hannousse,aligned_natural,45,cross,url_dedup,16327,8159,0.7010076510691822,0.6808407341079833,0.0096825591371491,0.0665522735629366
xgb,host_only,hannousse,aligned_natural,45,cross,domain_dedup,16011,8121,0.6983131404927594,0.6845868460953752,0.0094815909370767,0.0653860362024381
xgb,host_only,hannousse,aligned_natural,46,cross,raw,16336,8168,0.7003707224197819,0.6808128809065548,0.0106513222331047,0.0679480901077375
xgb,host_only,hannousse,aligned_natural,46,cross,url_dedup,16327,8159,0.7002391949475286,0.6804415579896833,0.0106630714548351,0.0677779139600441
xgb,host_only,hannousse,aligned_natural,46,cross,domain_dedup,16011,8121,0.6974078688480584,0.6840648122386447,0.0104666912941755,0.066371136559537
xgb,host_only,ebbu2017,aligned_natural,42,cross,raw,16336,8168,0.7127875747284498,0.6884731398377464,0.0121204701273261,0.0531341821743388
xgb,host_only,ebbu2017,aligned_natural,42,cross,url_dedup,16333,8167,0.7127655963059403,0.6884687959839502,0.0121219542059507,0.0531406881351781
xgb,host_only,ebbu2017,aligned_natural,42,cross,domain_dedup,15673,8149,0.700628321110492,0.694062936696443,0.0121487299055098,0.0496993496134495
xgb,host_only,ebbu2017,aligned_natural,43,cross,raw,16336,8168,0.7133114428058758,0.6896125357580203,0.0137120470127326,0.0572967678746327
xgb,host_only,ebbu2017,aligned_natural,43,cross,url_dedup,16333,8167,0.7132883073554466,0.6896066780488539,0.0137137259703685,0.05730378351904
xgb,host_only,ebbu2017,aligned_natural,43,cross,domain_dedup,15673,8149,0.7009156904801188,0.694877178214563,0.0136213032273898,0.0560805006749294
xgb,host_only,ebbu2017,aligned_natural,44,cross,raw,16336,8168,0.7109420041517936,0.6864044499943028,0.0149363369245837,0.0548481880509304
xgb,host_only,ebbu2017,aligned_natural,44,cross,url_dedup,16333,8167,0.7109171435099547,0.6863975072180213,0.0149381657891514,0.0548549038814742
xgb,host_only,ebbu2017,aligned_natural,44,cross,domain_dedup,15673,8149,0.6987044818955096,0.6920270654458565,0.0148484476622898,0.0539943551355994
xgb,host_only,ebbu2017,aligned_natural,45,cross,raw,16336,8168,0.71399410284371,0.6906219479658988,0.0133447600391772,0.052277179236043
xgb,host_only,ebbu2017,aligned_natural,45,cross,url_dedup,16333,8167,0.7139690590085528,0.690615632296264,0.0133463940247336,0.0522835802620301
xgb,host_only,ebbu2017,aligned_natural,45,cross,domain_dedup,15673,8149,0.7017915803147766,0.6961176921363059,0.0133758743404098,0.0495766351699595
xgb,host_only,ebbu2017,aligned_natural,46,cross,raw,16336,8168,0.7145821157384447,0.6902290199199987,0.0156709108716944,0.0583986287952987
xgb,host_only,ebbu2017,aligned_natural,46,cross,url_dedup,16333,8167,0.7145593271680704,0.6902239313023008,0.0156728296804212,0.0584057793559446
xgb,host_only,ebbu2017,aligned_natural,46,cross,domain_dedup,15673,8149,0.7021140726979674,0.6954622020502308,0.0157074487667198,0.0575530739968094
xgb,host_only,aligned_natural,aligned_natural,42,within,raw,3331,1625,0.811926052845162,0.8028397803393558,0.0289230769230769,0.1876923076923076
xgb,host_only,aligned_natural,phiusiil,42,cross,raw,60000,25603,0.7039071274152893,0.6550206029167793,0.0105456391829082,0.0460102331757997
xgb,host_only,aligned_natural,phiusiil,42,cross,url_dedup,59969,25572,0.703721393118921,0.65457385084882,0.0105584232754575,0.0459877991553261
xgb,host_only,aligned_natural,phiusiil,42,cross,domain_dedup,58167,23868,0.6959581575356688,0.6310421670370352,0.0102647896765543,0.0432378079436902
xgb,host_only,aligned_natural,mendeley_phishurl,42,cross,raw,60000,18933,0.7794588476665308,0.616158556352194,0.0239792954101304,0.0814450958643638
xgb,host_only,aligned_natural,mendeley_phishurl,42,cross,url_dedup,59993,18926,0.7794377140778916,0.6160541562826177,0.0239881644298848,0.0814752192750713
xgb,host_only,aligned_natural,mendeley_phishurl,42,cross,domain_dedup,58198,18416,0.7837234130398159,0.6207585126567,0.0243266724587315,0.079767593397046
xgb,host_only,aligned_natural,kaggle_malicious,42,cross,raw,60000,10831,0.3808854702408202,0.1624579033039405,0.0030468100821715,0.0160649986150863
xgb,host_only,aligned_natural,kaggle_malicious,42,cross,url_dedup,59996,10827,0.3808213323765542,0.1624108085290064,0.0030479357162648,0.0160709337766694
xgb,host_only,aligned_natural,kaggle_malicious,42,cross,domain_dedup,57855,10417,0.3799240805507596,0.1628227035381378,0.0031678986272439,0.0162234808486128
xgb,host_only,aligned_natural,hannousse,42,cross,raw,11430,5715,0.7356411004180033,0.732298079385194,0.0134733158355205,0.0498687664041994
xgb,host_only,aligned_natural,hannousse,42,cross,url_dedup,11420,5705,0.7354955323836054,0.73180995937087,0.0134969325153374,0.0496056091148115
xgb,host_only,aligned_natural,hannousse,42,cross,domain_dedup,11147,5542,0.735839398176153,0.7303079493479008,0.0138939011187297,0.0501623962468422
xgb,host_only,aligned_natural,ebbu2017,42,cross,raw,60000,30360,0.7548920166726231,0.7430163527044694,0.0073781291172595,0.0519104084321475
xgb,host_only,aligned_natural,ebbu2017,42,cross,url_dedup,59996,30358,0.7549121117149284,0.74304669271648,0.0073786151920416,0.0519138283154358
xgb,host_only,aligned_natural,ebbu2017,42,cross,domain_dedup,59061,30082,0.7553704777618792,0.7448634484403671,0.0074463134100126,0.0508609799880327
xgb,host_only,aligned_natural,aligned_natural,43,within,raw,3239,1629,0.7665450358219995,0.758817639075922,0.0116635972989564,0.0423572744014733
xgb,host_only,aligned_natural,phiusiil,43,cross,raw,60000,25603,0.699469043891332,0.6499327796064444,0.0061320938952466,0.0406202398156466
xgb,host_only,aligned_natural,phiusiil,43,cross,url_dedup,59969,25572,0.6992764913151144,0.6494882802593092,0.0061395276083216,0.0405912717034256
xgb,host_only,aligned_natural,phiusiil,43,cross,domain_dedup,58167,23868,0.6916912727084693,0.6266333137593953,0.0062426680073738,0.0388386123680241
xgb,host_only,aligned_natural,mendeley_phishurl,43,cross,raw,60000,18933,0.7778377317460481,0.6113571850086794,0.01721861300375,0.0695610838218982
xgb,host_only,aligned_natural,mendeley_phishurl,43,cross,url_dedup,59993,18926,0.7778150966527018,0.6112460475803736,0.0172249815069216,0.0695868117933002
xgb,host_only,aligned_natural,mendeley_phishurl,43,cross,domain_dedup,58198,18416,0.7820703367944786,0.6156238214334675,0.0173761946133796,0.0701020851433536
xgb,host_only,aligned_natural,kaggle_malicious,43,cross,raw,60000,10831,0.3791607036130968,0.1626723249061745,0.0025851721909334,0.0174499122888006
xgb,host_only,aligned_natural,kaggle_malicious,43,cross,url_dedup,59996,10827,0.3790937626823212,0.1626246562803335,0.0025861272744065,0.0174563591022443
xgb,host_only,aligned_natural,kaggle_malicious,43,cross,domain_dedup,57855,10417,0.3784159718053068,0.1631104501304023,0.0025919170586541,0.0172794470576941
xgb,host_only,aligned_natural,hannousse,43,cross,raw,11430,5715,0.7330423001586743,0.7333796397171397,0.0090988626421697,0.0512685914260717
xgb,host_only,aligned_natural,hannousse,43,cross,url_dedup,11420,5705,0.7328942317793099,0.7329147730086785,0.0091148115687992,0.0510078878177037
xgb,host_only,aligned_natural,hannousse,43,cross,domain_dedup,11147,5542,0.7334480896992588,0.7316405839105147,0.0093828942619992,0.0519667989895344
xgb,host_only,aligned_natural,ebbu2017,43,cross,raw,60000,30360,0.7551185976336149,0.7420560400408133,0.0080698287220026,0.047562582345191
xgb,host_only,aligned_natural,ebbu2017,43,cross,url_dedup,59996,30358,0.7551390941081478,0.7420878862225272,0.0080703603662955,0.0475657157915541
xgb,host_only,aligned_natural,ebbu2017,43,cross,domain_dedup,59061,30082,0.755851780074936,0.7440841879818485,0.0081444052922013,0.0465727012831593
xgb,host_only,aligned_natural,aligned_natural,44,within,raw,3285,1636,0.7915054838006588,0.8010660809093743,0.1448655256723716,0.187041564792176
xgb,host_only,aligned_natural,phiusiil,44,cross,raw,60000,25603,0.6992153053561915,0.6487579442720415,0.0060149201265476,0.0483146506268796
xgb,host_only,aligned_natural,phiusiil,44,cross,url_dedup,59969,25572,0.699018943590733,0.6482966701601534,0.0060222117941498,0.0482559048959799
xgb,host_only,aligned_natural,phiusiil,44,cross,domain_dedup,58167,23868,0.6918433147572052,0.6258032653671477,0.0061588738059326,0.0460030165912518
xgb,host_only,aligned_natural,mendeley_phishurl,44,cross,raw,60000,18933,0.7813140857269478,0.6186597046816146,0.01721861300375,0.0804943749009665
xgb,host_only,aligned_natural,mendeley_phishurl,44,cross,url_dedup,59993,18926,0.7812800928500762,0.6185471846303963,0.0172249815069216,0.0805241466765296
xgb,host_only,aligned_natural,mendeley_phishurl,44,cross,domain_dedup,58198,18416,0.7853050414397913,0.6229947984395483,0.0177019982623805,0.0786815812337098
xgb,host_only,aligned_natural,kaggle_malicious,44,cross,raw,60000,10831,0.3816218948265571,0.1631905632359852,0.0024005170344381,0.0168036192410673
xgb,host_only,aligned_natural,kaggle_malicious,44,cross,url_dedup,59996,10827,0.3815570616283248,0.1631430321853127,0.0024014038976632,0.0168098272836427
xgb,host_only,aligned_natural,kaggle_malicious,44,cross,domain_dedup,57855,10417,0.3803551388931548,0.1636075135822305,0.0023999232024575,0.0170874532014975
xgb,host_only,aligned_natural,hannousse,44,cross,raw,11430,5715,0.7315132852487927,0.7310284955835058,0.0103237095363079,0.0533683289588801
xgb,host_only,aligned_natural,hannousse,44,cross,url_dedup,11420,5705,0.7313863067730031,0.7305508290461404,0.0103418054338299,0.053111305872042
xgb,host_only,aligned_natural,hannousse,44,cross,domain_dedup,11147,5542,0.7317440478049223,0.729042472246112,0.0106459761818837,0.0530494406351497
xgb,host_only,aligned_natural,ebbu2017,44,cross,raw,60000,30360,0.7535377105414292,0.7423502597809005,0.0075757575757575,0.0499670619235836
xgb,host_only,aligned_natural,ebbu2017,44,cross,url_dedup,59996,30358,0.7535584229645981,0.7423848065832845,0.0075762566703998,0.0499703537782462
xgb,host_only,aligned_natural,ebbu2017,44,cross,domain_dedup,59061,30082,0.7540212227897806,0.7442726364149381,0.0076457682334951,0.0491656139884316
xgb,host_only,aligned_natural,aligned_natural,45,within,raw,3257,1646,0.7854698069846356,0.7762093469869202,0.0139732685297691,0.1008505467800729
xgb,host_only,aligned_natural,phiusiil,45,cross,raw,60000,25603,0.7019973622452,0.650497058353017,0.0062492676639456,0.0444869741827129
xgb,host_only,aligned_natural,phiusiil,45,cross,url_dedup,59969,25572,0.7018123050793161,0.6500502587808141,0.0062568434224933,0.0444626935710933
xgb,host_only,aligned_natural,phiusiil,45,cross,domain_dedup,58167,23868,0.6941608062396184,0.6272979180565051,0.0065359477124183,0.0426512485336014
xgb,host_only,aligned_natural,mendeley_phishurl,45,cross,raw,60000,18933,0.7814096091291294,0.6145139623620226,0.0178524269793482,0.0781703903237733
xgb,host_only,aligned_natural,mendeley_phishurl,45,cross,url_dedup,59993,18926,0.7813859676516846,0.6143955852948136,0.0178590299059494,0.078199302546761
xgb,host_only,aligned_natural,mendeley_phishurl,45,cross,domain_dedup,58198,18416,0.786152319017883,0.6191974105893348,0.0182993049522154,0.0781385751520417
xgb,host_only,aligned_natural,kaggle_malicious,45,cross,raw,60000,10831,0.3811315995020699,0.162604241685101,0.0016618964084572,0.0191118086972578
xgb,host_only,aligned_natural,kaggle_malicious,45,cross,url_dedup,59996,10827,0.3810652045023762,0.1625563243175869,0.0016625103906899,0.0191188694929343
xgb,host_only,aligned_natural,kaggle_malicious,45,cross,domain_dedup,57855,10417,0.3798518774563091,0.1629815054166484,0.0017279447057694,0.0196793702601516
xgb,host_only,aligned_natural,hannousse,45,cross,raw,11430,5715,0.7352710285667484,0.7331041655736712,0.0092738407699037,0.0461942257217847
xgb,host_only,aligned_natural,hannousse,45,cross,url_dedup,11420,5705,0.7351348412736752,0.7326191186793855,0.0092900964066608,0.0459246275197195
xgb,host_only,aligned_natural,hannousse,45,cross,domain_dedup,11147,5542,0.7355178249558718,0.7311767768573236,0.0095633345362684,0.0456513893901118
xgb,host_only,aligned_natural,ebbu2017,45,cross,raw,60000,30360,0.7544701514795908,0.7419576442419926,0.0074769433465085,0.0505270092226613
xgb,host_only,aligned_natural,ebbu2017,45,cross,url_dedup,59996,30358,0.7544904747828266,0.7419892930048264,0.0074774359312207,0.0505303379669279
xgb,host_only,aligned_natural,ebbu2017,45,cross,domain_dedup,59061,30082,0.7549677894925294,0.7438294175450331,0.0073465859982713,0.0500631606941027
xgb,host_only,aligned_natural,aligned_natural,46,within,raw,3322,1627,0.7894699149492432,0.7892147893494503,0.1063306699446834,0.1573448063921327
xgb,host_only,aligned_natural,phiusiil,46,cross,raw,60000,25603,0.7002243480641694,0.650767691953474,0.0069132523532398,0.0491739249306721
xgb,host_only,aligned_natural,phiusiil,46,cross,url_dedup,59969,25572,0.7000361456309274,0.6503127117035996,0.0069216330361332,0.0491553261379634
xgb,host_only,aligned_natural,phiusiil,46,cross,domain_dedup,58167,23868,0.6924874373316532,0.6275013773322549,0.0068711245181833,0.0461287078934137
xgb,host_only,aligned_natural,mendeley_phishurl,46,cross,raw,60000,18933,0.7845569734983191,0.621707301651187,0.0188559657740453,0.0776422120107748
xgb,host_only,aligned_natural,mendeley_phishurl,46,cross,url_dedup,59993,18926,0.784527680916992,0.621589121563654,0.0188629398710768,0.0776709288809045
xgb,host_only,aligned_natural,mendeley_phishurl,46,cross,domain_dedup,58198,18416,0.7886736794865203,0.6264698441386711,0.0177562988705473,0.0783557775847089
xgb,host_only,aligned_natural,kaggle_malicious,46,cross,raw,60000,10831,0.3816653602746542,0.1632444945321632,0.0030468100821715,0.0202197396362293
xgb,host_only,aligned_natural,kaggle_malicious,46,cross,url_dedup,59996,10827,0.381601591311737,0.1631974149534078,0.0030479357162648,0.0202272097533942
xgb,host_only,aligned_natural,kaggle_malicious,46,cross,domain_dedup,57855,10417,0.3798110851362997,0.163428136009414,0.0030719016991456,0.0208313333973312
xgb,host_only,aligned_natural,hannousse,46,cross,raw,11430,5715,0.7310964147854222,0.7322717713944076,0.011023622047244,0.0531933508311461
xgb,host_only,aligned_natural,hannousse,46,cross,url_dedup,11420,5705,0.7309424818830161,0.7317733558924641,0.011042944785276,0.052760736196319
xgb,host_only,aligned_natural,hannousse,46,cross,domain_dedup,11147,5542,0.7309173544912566,0.7301747750326367,0.0113677372789606,0.0530494406351497
xgb,host_only,aligned_natural,ebbu2017,46,cross,raw,60000,30360,0.7544506375584751,0.7417141931871742,0.005961791831357,0.0519433465085639
xgb,host_only,aligned_natural,ebbu2017,46,cross,url_dedup,59996,30358,0.7544709426993489,0.7417447848540479,0.0059621845971407,0.0519467685618288
xgb,host_only,aligned_natural,ebbu2017,46,cross,domain_dedup,59061,30082,0.7548002946563771,0.7435450525434598,0.0059836447044744,0.0517252842231234
xgb_nowww,host_only,phiusiil,aligned_natural,42,cross,raw,16336,8168,0.4980075386160943,0.5360851254076395,0.0028158667972575,0.0281586679725759
xgb_nowww,host_only,phiusiil,aligned_natural,42,cross,url_dedup,16305,8137,0.4979605574926061,0.5348717829096479,0.0027036991520216,0.0278972594322231
xgb_nowww,host_only,phiusiil,aligned_natural,42,cross,domain_dedup,15776,8009,0.4952954464787691,0.5422497109535859,0.0024971906605069,0.032088899987514
xgb_nowww,host_only,phiusiil,aligned_natural,43,cross,raw,16336,8168,0.498789604759406,0.5363907924482425,0.0019588638589618,0.0279138099902056
xgb_nowww,host_only,phiusiil,aligned_natural,43,cross,url_dedup,16305,8137,0.4987511701244494,0.5352009695157612,0.0018434312400147,0.0276514686002212
xgb_nowww,host_only,phiusiil,aligned_natural,43,cross,domain_dedup,15776,8009,0.4963800300431295,0.5429950282205704,0.0023723311274815,0.0285928330628043
xgb_nowww,host_only,phiusiil,aligned_natural,44,cross,raw,16336,8168,0.4972146954839651,0.5342339281733078,0.0031831537708129,0.0279138099902056
xgb_nowww,host_only,phiusiil,aligned_natural,44,cross,url_dedup,16305,8137,0.497166198416274,0.5329423515189825,0.0029494899840235,0.0276514686002212
xgb_nowww,host_only,phiusiil,aligned_natural,44,cross,domain_dedup,15776,8009,0.4945425838444946,0.5408758478857231,0.003246347858659,0.031714321388438
xgb_nowww,host_only,phiusiil,aligned_natural,45,cross,raw,16336,8168,0.4966436349874957,0.5346623632953065,0.0024485798237022,0.0275465230166503
xgb_nowww,host_only,phiusiil,aligned_natural,45,cross,url_dedup,16305,8137,0.4965952192118396,0.5334592378092243,0.0023350129040186,0.0272827823522182
xgb_nowww,host_only,phiusiil,aligned_natural,45,cross,domain_dedup,15776,8009,0.4937976706165651,0.541407160307732,0.0028717692595829,0.0299662879260831
xgb_nowww,host_only,phiusiil,aligned_natural,46,cross,raw,16336,8168,0.497736510087861,0.5355762580346847,0.0017140058765915,0.0340352595494613
xgb_nowww,host_only,phiusiil,aligned_natural,46,cross,url_dedup,16305,8137,0.497693160659456,0.5343692966653819,0.0015976404080127,0.0337962394002703
xgb_nowww,host_only,phiusiil,aligned_natural,46,cross,domain_dedup,15776,8009,0.4949046234406403,0.541912948077675,0.0029966287926083,0.0329629167186914
xgb_nowww,host_only,mendeley_phishurl,aligned_natural,42,cross,raw,16336,8168,0.5720695463820015,0.5862460957465031,0.0135896180215475,0.056562193927522
xgb_nowww,host_only,mendeley_phishurl,aligned_natural,42,cross,url_dedup,16330,8162,0.5719934517739573,0.5860301950364616,0.0135996079392305,0.0566037735849056
xgb_nowww,host_only,mendeley_phishurl,aligned_natural,42,cross,domain_dedup,15668,8088,0.5663688786801646,0.598548161365698,0.0133531157270029,0.0578635014836795
xgb_nowww,host_only,mendeley_phishurl,aligned_natural,43,cross,raw,16336,8168,0.5722302719050767,0.5854881054849937,0.0177522037218413,0.0568070519098922
xgb_nowww,host_only,mendeley_phishurl,aligned_natural,43,cross,url_dedup,16330,8162,0.5721500804833368,0.5852744760494077,0.0177652536143102,0.0568488115657926
xgb_nowww,host_only,mendeley_phishurl,aligned_natural,43,cross,domain_dedup,15668,8088,0.5665164963110272,0.5980785724533259,0.0173095944609297,0.0589762611275964
xgb_nowww,host_only,mendeley_phishurl,aligned_natural,44,cross,raw,16336,8168,0.5718578437532675,0.5854883141408509,0.0118756121449559,0.0591332027424094
xgb_nowww,host_only,mendeley_phishurl,aligned_natural,44,cross,url_dedup,16330,8162,0.5717744235787496,0.5852529313945711,0.0118843420730213,0.0591766723842195
xgb_nowww,host_only,mendeley_phishurl,aligned_natural,44,cross,domain_dedup,15668,8088,0.5658266244790158,0.5978609075460104,0.0117457962413452,0.0615727002967359
xgb_nowww,host_only,mendeley_phishurl,aligned_natural,45,cross,raw,16336,8168,0.5725818355667132,0.5845161979776152,0.0126101860920666,0.0572967678746327
xgb_nowww,host_only,mendeley_phishurl,aligned_natural,45,cross,url_dedup,16330,8162,0.5724995626036041,0.5842974895499912,0.0126194560156824,0.0573388875275667
xgb_nowww,host_only,mendeley_phishurl,aligned_natural,45,cross,domain_dedup,15668,8088,0.5667424736213003,0.5967217716006495,0.0124876360039564,0.0582344213649851
xgb_nowww,host_only,mendeley_phishurl,aligned_natural,46,cross,raw,16336,8168,0.5723198153420672,0.5853964364833267,0.0171400587659157,0.0549706170421155
xgb_nowww,host_only,mendeley_phishurl,aligned_natural,46,cross,url_dedup,16330,8162,0.5722512996492909,0.5851927249150575,0.0171526586620926,0.0550110267091399
xgb_nowww,host_only,mendeley_phishurl,aligned_natural,46,cross,domain_dedup,15668,8088,0.5666473948179525,0.5979550445067165,0.0168150346191889,0.0578635014836795
xgb_nowww,host_only,kaggle_malicious,aligned_natural,42,cross,raw,16336,8168,0.5369940825787742,0.5435160082206005,0.0015915768854064,0.0341576885406464
xgb_nowww,host_only,kaggle_malicious,aligned_natural,42,cross,url_dedup,16332,8164,0.5369971368651748,0.5434243733162089,0.001592356687898,0.0341744243018128
xgb_nowww,host_only,kaggle_malicious,aligned_natural,42,cross,domain_dedup,15716,8130,0.5336604718538617,0.5586866324970756,0.0015990159901599,0.0341943419434194
xgb_nowww,host_only,kaggle_malicious,aligned_natural,43,cross,raw,16336,8168,0.5367310131340767,0.5444657012180123,0.0017140058765915,0.031586679725759
xgb_nowww,host_only,kaggle_malicious,aligned_natural,43,cross,url_dedup,16332,8164,0.5367369527646038,0.54437883881881,0.0017148456638902,0.0316021558059774
xgb_nowww,host_only,kaggle_malicious,aligned_natural,43,cross,domain_dedup,15716,8130,0.5331298932551678,0.560061280975009,0.0017220172201722,0.0346863468634686
xgb_nowww,host_only,kaggle_malicious,aligned_natural,44,cross,raw,16336,8168,0.53636210736387,0.5429162826239307,0.001101860920666,0.0334231145935357
xgb_nowww,host_only,kaggle_malicious,aligned_natural,44,cross,url_dedup,16332,8164,0.536364717044467,0.54282522984302,0.0011024007839294,0.0334394904458598
xgb_nowww,host_only,kaggle_malicious,aligned_natural,44,cross,domain_dedup,15716,8130,0.5329540011719653,0.5581375612698184,0.0011070110701107,0.0334563345633456
xgb_nowww,host_only,kaggle_malicious,aligned_natural,45,cross,raw,16336,8168,0.5374564663611657,0.5436909248915868,0.0013467189030362,0.0302399608227228
xgb_nowww,host_only,kaggle_malicious,aligned_natural,45,cross,url_dedup,16332,8164,0.5374608569141608,0.5436015723245617,0.0013473787359137,0.0302547770700636
xgb_nowww,host_only,kaggle_malicious,aligned_natural,45,cross,domain_dedup,15716,8130,0.5338905762508719,0.5589912300686602,0.0013530135301353,0.0301353013530135
xgb_nowww,host_only,kaggle_malicious,aligned_natural,46,cross,raw,16336,8168,0.5378823522746132,0.543752459129543,0.0009794319294809,0.0323212536728697
xgb_nowww,host_only,kaggle_malicious,aligned_natural,46,cross,url_dedup,16332,8164,0.5378862316752413,0.5436619200692852,0.0009799118079372,0.0323370896619304
xgb_nowww,host_only,kaggle_malicious,aligned_natural,46,cross,domain_dedup,15716,8130,0.5345635077758635,0.5590639983705309,0.0009840098400984,0.0323493234932349
xgb_nowww,host_only,hannousse,aligned_natural,42,cross,raw,16336,8168,0.5533068088505728,0.5701562365007025,0.010896180215475,0.0601126346718903
xgb_nowww,host_only,hannousse,aligned_natural,42,cross,url_dedup,16327,8159,0.5530591402102604,0.5696629915538315,0.0109081995342566,0.0599338154185562
xgb_nowww,host_only,hannousse,aligned_natural,42,cross,domain_dedup,16011,8121,0.5490708187585457,0.5740058280388097,0.0098510035709887,0.0592291589705701
xgb_nowww,host_only,hannousse,aligned_natural,43,cross,raw,16336,8168,0.554595198613159,0.5704526631035645,0.0052644466209598,0.0631733594515181
xgb_nowww,host_only,hannousse,aligned_natural,43,cross,url_dedup,16327,8159,0.5543538729336226,0.5699583019162227,0.0052702537075622,0.0629979164113249
xgb_nowww,host_only,hannousse,aligned_natural,43,cross,domain_dedup,16011,8121,0.5502614370822552,0.5742029968909542,0.0052949144194064,0.0625538726757788
xgb_nowww,host_only,hannousse,aligned_natural,44,cross,raw,16336,8168,0.5532227138634225,0.5702608009905845,0.0050195886385896,0.0646425073457394
xgb_nowww,host_only,hannousse,aligned_natural,44,cross,url_dedup,16327,8159,0.5529925837952092,0.56978857786076,0.0050251256281407,0.0644686848878539
xgb_nowww,host_only,hannousse,aligned_natural,44,cross,domain_dedup,16011,8121,0.5492111939987536,0.5741464133343537,0.0046792266962196,0.0630464228543282
xgb_nowww,host_only,hannousse,aligned_natural,45,cross,raw,16336,8168,0.5541687880896856,0.5707799409567753,0.0084476003917727,0.0591332027424094
xgb_nowww,host_only,hannousse,aligned_natural,45,cross,url_dedup,16327,8159,0.5539169534397099,0.5702865215235702,0.0084569187400416,0.0589533031008702
xgb_nowww,host_only,hannousse,aligned_natural,45,cross,domain_dedup,16011,8121,0.5501441286723353,0.5747133915466187,0.0075113902228789,0.0552887575421746
xgb_nowww,host_only,hannousse,aligned_natural,46,cross,raw,16336,8168,0.5535375473288175,0.5698043681845235,0.004407443682664,0.0557051909892262
xgb_nowww,host_only,hannousse,aligned_natural,46,cross,url_dedup,16327,8159,0.5533057688288556,0.569330828927088,0.0044123054295869,0.0555215099889692
xgb_nowww,host_only,hannousse,aligned_natural,46,cross,domain_dedup,16011,8121,0.5495268022365773,0.5738533063872817,0.0043098140623075,0.0551656199975372
xgb_nowww,host_only,ebbu2017,aligned_natural,42,cross,raw,16336,8168,0.6322784095214982,0.6237529874253839,0.0137120470127326,0.0468903036238981
xgb_nowww,host_only,ebbu2017,aligned_natural,42,cross,url_dedup,16333,8167,0.6322426492451343,0.623745250013348,0.0137137259703685,0.0468960450593853
xgb_nowww,host_only,ebbu2017,aligned_natural,42,cross,domain_dedup,15673,8149,0.6194385191178469,0.6317714385841338,0.0136213032273898,0.0468769174131795
xgb_nowww,host_only,ebbu2017,aligned_natural,43,cross,raw,16336,8168,0.6312071033876258,0.6203172620887278,0.0105288932419196,0.046767874632713
xgb_nowww,host_only,ebbu2017,aligned_natural,43,cross,url_dedup,16333,8167,0.6311749830061368,0.6203121130753975,0.0105301824415329,0.046773601077507
xgb_nowww,host_only,ebbu2017,aligned_natural,43,cross,domain_dedup,15673,8149,0.6187551330812371,0.628675152527421,0.0105534421401398,0.0467542029696895
xgb_nowww,host_only,ebbu2017,aligned_natural,44,cross,raw,16336,8168,0.6331587576059461,0.6230568120488911,0.018486777668952,0.0531341821743388
xgb_nowww,host_only,ebbu2017,aligned_natural,44,cross,url_dedup,16333,8167,0.6331239655200387,0.6230491007191132,0.0184890412636218,0.0531406881351781
xgb_nowww,host_only,ebbu2017,aligned_natural,44,cross,domain_dedup,15673,8149,0.6203881615725819,0.6311781561433929,0.0184071665234998,0.0531353540311694
xgb_nowww,host_only,ebbu2017,aligned_natural,45,cross,raw,16336,8168,0.6336923759354247,0.6235737320465051,0.0117531831537708,0.0493388834476003
xgb_nowww,host_only,ebbu2017,aligned_natural,45,cross,url_dedup,16333,8167,0.6336580497951456,0.6235681917986016,0.0117546222603159,0.0493449246969511
xgb_nowww,host_only,ebbu2017,aligned_natural,45,cross,domain_dedup,15673,8149,0.6209825046128823,0.6316489301106761,0.0117805865750398,0.0492084918394895
xgb_nowww,host_only,ebbu2017,aligned_natural,46,cross,raw,16336,8168,0.6334543453778199,0.6229803284381079,0.0124877571008814,0.0501958863858961
xgb_nowww,host_only,ebbu2017,aligned_natural,46,cross,url_dedup,16333,8167,0.6334194219786378,0.6229733165326123,0.0124892861515856,0.0502020325700991
xgb_nowww,host_only,ebbu2017,aligned_natural,46,cross,domain_dedup,15673,8149,0.6211457405921047,0.6313028130418485,0.0123941587924898,0.0490857773959995
xgb_nowww,host_only,aligned_natural,aligned_natural,42,within,raw,3331,1625,0.7490166831995672,0.7461177816165563,0.0055384615384615,0.1612307692307692
xgb_nowww,host_only,aligned_natural,phiusiil,42,cross,raw,60000,25603,0.5314245806162483,0.4887231894688246,0.0034761551380697,0.0206225832910205
xgb_nowww,host_only,aligned_natural,phiusiil,42,cross,url_dedup,59969,25572,0.5313540107620089,0.4884101223082143,0.0034803691537619,0.020647583294228
xgb_nowww,host_only,aligned_natural,phiusiil,42,cross,domain_dedup,58167,23868,0.5241865186658637,0.4644784563168048,0.0035193564605329,0.019817328640858
xgb_nowww,host_only,aligned_natural,mendeley_phishurl,42,cross,raw,60000,18933,0.6005692940886365,0.4304730137838473,0.0096128452965721,0.0445782496170707
xgb_nowww,host_only,aligned_natural,mendeley_phishurl,42,cross,url_dedup,59993,18926,0.6004784618015998,0.430311504454774,0.0096164007185881,0.044594737398288
xgb_nowww,host_only,aligned_natural,mendeley_phishurl,42,cross,domain_dedup,58198,18416,0.598102329148027,0.4285873006823565,0.0098827106863596,0.04376629018245
xgb_nowww,host_only,aligned_natural,kaggle_malicious,42,cross,raw,60000,10831,0.5163428272806799,0.21098210330514,0.0045240513341335,0.0263133598005724
xgb_nowww,host_only,aligned_natural,kaggle_malicious,42,cross,url_dedup,59996,10827,0.5162811346205035,0.2109169601991208,0.0045257227302115,0.026323081185924
xgb_nowww,host_only,aligned_natural,kaggle_malicious,42,cross,domain_dedup,57855,10417,0.5195185514255795,0.2131886726182401,0.0047038494768167,0.0263031582989344
xgb_nowww,host_only,aligned_natural,hannousse,42,cross,raw,11430,5715,0.6044242676139673,0.628485864883337,0.0080489938757655,0.0321959755030621
xgb_nowww,host_only,aligned_natural,hannousse,42,cross,url_dedup,11420,5705,0.6042376451409832,0.6278521902712049,0.0080631025416301,0.032077125328659
xgb_nowww,host_only,aligned_natural,hannousse,42,cross,domain_dedup,11147,5542,0.6029641459863226,0.6251753022453762,0.0083002526163839,0.032479249368459
xgb_nowww,host_only,aligned_natural,ebbu2017,42,cross,raw,60000,30360,0.6610557903671461,0.6571070297743786,0.0065876152832674,0.0369894598155467
xgb_nowww,host_only,aligned_natural,ebbu2017,42,cross,url_dedup,59996,30358,0.6610885445070609,0.6571292225563415,0.0065880492786086,0.0369918966993873
xgb_nowww,host_only,aligned_natural,ebbu2017,42,cross,domain_dedup,59061,30082,0.6604414925875943,0.6587369677931566,0.0066484941160827,0.036899142344259
xgb_nowww,host_only,aligned_natural,aligned_natural,43,within,raw,3239,1629,0.6935030445839959,0.7003386937765391,0.0171884591774094,0.0712093308778391
xgb_nowww,host_only,aligned_natural,phiusiil,43,cross,raw,60000,25603,0.5315938887691696,0.4875605946283994,0.0036323868296683,0.0198414248330273
xgb_nowww,host_only,aligned_natural,phiusiil,43,cross,url_dedup,59969,25572,0.531515444352777,0.4872301461364098,0.0036367902393242,0.0198263725950258
xgb_nowww,host_only,aligned_natural,phiusiil,43,cross,domain_dedup,58167,23868,0.524488367371799,0.4638044294779332,0.0037707390648567,0.0188536953242835
xgb_nowww,host_only,aligned_natural,mendeley_phishurl,43,cross,raw,60000,18933,0.6021871477199555,0.4294022987840122,0.0092431204774731,0.0439972534727724
xgb_nowww,host_only,aligned_natural,mendeley_phishurl,43,cross,url_dedup,59993,18926,0.6020964287614154,0.4292373698631285,0.0092465391524886,0.0440135263658459
xgb_nowww,host_only,aligned_natural,mendeley_phishurl,43,cross,domain_dedup,58198,18416,0.5992506787698866,0.4271435345380614,0.009502606429192,0.0424087749782797
xgb_nowww,host_only,aligned_natural,kaggle_malicious,43,cross,raw,60000,10831,0.517468903952784,0.2098035354554047,0.0042470685993906,0.022989566983658
xgb_nowww,host_only,aligned_natural,kaggle_malicious,43,cross,url_dedup,59996,10827,0.5174082659922252,0.209736653739405,0.0042486376650965,0.0229980604045441
xgb_nowww,host_only,aligned_natural,kaggle_malicious,43,cross,domain_dedup,57855,10417,0.5207608443169222,0.2121669113736029,0.0044158586925218,0.0231352596716905
xgb_nowww,host_only,aligned_natural,hannousse,43,cross,raw,11430,5715,0.6054028592007801,0.6249043239659235,0.005774278215223,0.0302712160979877
xgb_nowww,host_only,aligned_natural,hannousse,43,cross,url_dedup,11420,5705,0.6051958075792673,0.6242528439334929,0.0057843996494303,0.0301489921121822
xgb_nowww,host_only,aligned_natural,hannousse,43,cross,domain_dedup,11147,5542,0.6035510839132586,0.6211641942606176,0.0059545290508841,0.0290508841573439
xgb_nowww,host_only,aligned_natural,ebbu2017,43,cross,raw,60000,30360,0.6640042238304538,0.6579415241772576,0.0051712779973649,0.0402173913043478
xgb_nowww,host_only,aligned_natural,ebbu2017,43,cross,url_dedup,59996,30358,0.6640364653840155,0.6579629660018762,0.0051716186837077,0.0402200408459055
xgb_nowww,host_only,aligned_natural,ebbu2017,43,cross,domain_dedup,59061,30082,0.6636061565151873,0.6596303021498443,0.0052190678811249,0.0397247523435941
xgb_nowww,host_only,aligned_natural,aligned_natural,44,within,raw,3285,1636,0.707909216669805,0.726905370419479,0.0984107579462102,0.1662591687041564
xgb_nowww,host_only,aligned_natural,phiusiil,44,cross,raw,60000,25603,0.5292204514251754,0.4838224089443066,0.0037495605983673,0.0201538882162246
xgb_nowww,host_only,aligned_natural,phiusiil,44,cross,url_dedup,59969,25572,0.5291415456481471,0.4834891641010811,0.003754106053496,0.0201392147661504
xgb_nowww,host_only,aligned_natural,phiusiil,44,cross,domain_dedup,58167,23868,0.5225098534715262,0.4605410320901166,0.0038964303670186,0.0194402547343723
xgb_nowww,host_only,aligned_natural,mendeley_phishurl,44,cross,raw,60000,18933,0.6045203944203159,0.4300243413980747,0.0116727407172661,0.0441557069666719
xgb_nowww,host_only,aligned_natural,mendeley_phishurl,44,cross,url_dedup,59993,18926,0.6044316526475559,0.429865922523267,0.0116770580154285,0.0441720384656028
xgb_nowww,host_only,aligned_natural,mendeley_phishurl,44,cross,domain_dedup,58198,18416,0.6023129562577821,0.4283062262930822,0.0120004344048653,0.0430603822762814
xgb_nowww,host_only,aligned_natural,kaggle_malicious,44,cross,raw,60000,10831,0.519576194690161,0.2096461221272284,0.0037854307081525,0.0225279290924199
xgb_nowww,host_only,aligned_natural,kaggle_malicious,44,cross,url_dedup,59996,10827,0.5195143591280657,0.2095784439927981,0.0037868292232382,0.0225362519626858
xgb_nowww,host_only,aligned_natural,kaggle_malicious,44,cross,domain_dedup,57855,10417,0.522375475898427,0.2114095872883552,0.003839877123932,0.0224632811750024
xgb_nowww,host_only,aligned_natural,hannousse,44,cross,raw,11430,5715,0.6054174177484157,0.624672378743953,0.0087489063867016,0.0346456692913385
xgb_nowww,host_only,aligned_natural,hannousse,44,cross,url_dedup,11420,5705,0.6051919890381801,0.6239953981368027,0.0087642418930762,0.0345311130587204
xgb_nowww,host_only,aligned_natural,hannousse,44,cross,domain_dedup,11147,5542,0.6038018170222944,0.621049255565248,0.0090220137134608,0.0348249729339588
xgb_nowww,host_only,aligned_natural,ebbu2017,44,cross,raw,60000,30360,0.664426895250694,0.6576441083064801,0.0058959156785243,0.0392951251646903
xgb_nowww,host_only,aligned_natural,ebbu2017,44,cross,url_dedup,59996,30358,0.6644584029550489,0.6576647354505627,0.0058963041043547,0.0392977139469003
xgb_nowww,host_only,aligned_natural,ebbu2017,44,cross,domain_dedup,59061,30082,0.6641995522233821,0.6594734943379894,0.0057177049398311,0.0392593577554683
xgb_nowww,host_only,aligned_natural,aligned_natural,45,within,raw,3257,1646,0.7082632840895635,0.7124186103867625,0.0346294046172539,0.0862697448359659
xgb_nowww,host_only,aligned_natural,phiusiil,45,cross,raw,60000,25603,0.5303544841419979,0.4844494702327526,0.0041401398273639,0.0206225832910205
xgb_nowww,host_only,aligned_natural,phiusiil,45,cross,url_dedup,59969,25572,0.5302766973132759,0.4841145414259694,0.0041451587674018,0.0206084780228374
xgb_nowww,host_only,aligned_natural,phiusiil,45,cross,domain_dedup,58167,23868,0.5232446620938911,0.4606982545728603,0.0043572984749455,0.0199011228422993
xgb_nowww,host_only,aligned_natural,mendeley_phishurl,45,cross,raw,60000,18933,0.5999922631079463,0.4282853427950615,0.0097184809591718,0.0425183541963766
xgb_nowww,host_only,aligned_natural,mendeley_phishurl,45,cross,url_dedup,59993,18926,0.5998973897234419,0.4281085978732917,0.0097220754517594,0.0425340801014477
xgb_nowww,host_only,aligned_natural,mendeley_phishurl,45,cross,domain_dedup,58198,18416,0.5973298920089728,0.4262323864176238,0.0099913119026933,0.0420829713292788
xgb_nowww,host_only,aligned_natural,kaggle_malicious,45,cross,raw,60000,10831,0.5186968772677648,0.211805400633608,0.0046163789123811,0.023728187609639
xgb_nowww,host_only,aligned_natural,kaggle_malicious,45,cross,url_dedup,59996,10827,0.518634645463463,0.2117426297258438,0.0046180844185831,0.0237369539115175
xgb_nowww,host_only,aligned_natural,kaggle_malicious,45,cross,domain_dedup,57855,10417,0.5208214348144696,0.2134386681960851,0.0045118556206201,0.0239992320245752
xgb_nowww,host_only,aligned_natural,hannousse,45,cross,raw,11430,5715,0.602820377986435,0.6276890643686317,0.0061242344706911,0.0279965004374453
xgb_nowww,host_only,aligned_natural,hannousse,45,cross,url_dedup,11420,5705,0.6025945069749717,0.6270581181193539,0.0061349693251533,0.0278702892199824
xgb_nowww,host_only,aligned_natural,hannousse,45,cross,domain_dedup,11147,5542,0.6010869876647101,0.6242658339575669,0.0063154095994225,0.0281486827859978
xgb_nowww,host_only,aligned_natural,ebbu2017,45,cross,raw,60000,30360,0.6645671365565531,0.6593006597582214,0.0069499341238471,0.0403162055335968
xgb_nowww,host_only,aligned_natural,ebbu2017,45,cross,url_dedup,59996,30358,0.6645997732722329,0.6593227261944986,0.006950391988932,0.0403188615850846
xgb_nowww,host_only,aligned_natural,ebbu2017,45,cross,domain_dedup,59061,30082,0.6640500890099584,0.6609631132659461,0.0070141612924672,0.0394920550495312
xgb_nowww,host_only,aligned_natural,aligned_natural,46,within,raw,3322,1627,0.7236231150950134,0.7235239711019203,0.0694529809465273,0.0928088506453595
xgb_nowww,host_only,aligned_natural,phiusiil,46,cross,raw,60000,25603,0.5303801067843862,0.479693608606935,0.0026168808342772,0.0170683123071515
xgb_nowww,host_only,aligned_natural,phiusiil,46,cross,url_dedup,59969,25572,0.5303032650688105,0.4793544169867164,0.002620053183169,0.0170498983262943
xgb_nowww,host_only,aligned_natural,phiusiil,46,cross,domain_dedup,58167,23868,0.5235739487040331,0.4572596845259913,0.0027233115468409,0.0162141779788838
xgb_nowww,host_only,aligned_natural,mendeley_phishurl,46,cross,raw,60000,18933,0.6057159169709454,0.4278459414196645,0.0088205778270744,0.0395605556435852
xgb_nowww,host_only,aligned_natural,mendeley_phishurl,46,cross,url_dedup,59993,18926,0.605628626081203,0.4276884756905026,0.0088238402198034,0.0395751875726513
xgb_nowww,host_only,aligned_natural,mendeley_phishurl,46,cross,domain_dedup,58198,18416,0.6028521998431853,0.4258323146956158,0.008633796698523,0.0394222415291051
xgb_nowww,host_only,aligned_natural,kaggle_malicious,46,cross,raw,60000,10831,0.5175213263157714,0.2092588195515472,0.0045240513341335,0.021512325731696
xgb_nowww,host_only,aligned_natural,kaggle_malicious,46,cross,url_dedup,59996,10827,0.517462319435731,0.2091941977288994,0.0045257227302115,0.0215202733905975
xgb_nowww,host_only,aligned_natural,kaggle_malicious,46,cross,domain_dedup,57855,10417,0.5190626833876136,0.2105700134941763,0.0043198617644235,0.0219832965345108
xgb_nowww,host_only,aligned_natural,hannousse,46,cross,raw,11430,5715,0.6040092494999805,0.6235082912634808,0.0068241469816272,0.0288713910761154
xgb_nowww,host_only,aligned_natural,hannousse,46,cross,url_dedup,11420,5705,0.6037978534891727,0.622875647402214,0.0068361086765994,0.02874671340929
xgb_nowww,host_only,aligned_natural,hannousse,46,cross,domain_dedup,11147,5542,0.6023783026123438,0.6201100719120203,0.0070371706964994,0.0259833994947672
xgb_nowww,host_only,aligned_natural,ebbu2017,46,cross,raw,60000,30360,0.6603104197004368,0.6564841453835548,0.0069499341238471,0.0399538866930171
xgb_nowww,host_only,aligned_natural,ebbu2017,46,cross,url_dedup,59996,30358,0.6603427765729574,0.6565054411339335,0.006950391988932,0.0399565188747611
xgb_nowww,host_only,aligned_natural,ebbu2017,46,cross,domain_dedup,59061,30082,0.6595813374955414,0.6581025564259555,0.006914433880726,0.0392926002260488
xgb_nowww,targeted_ablation,phiusiil,aligned_natural,42,cross,raw,16336,8168,0.2912809259109148,0.3878873216213065,0.0,0.0
xgb_nowww,targeted_ablation,phiusiil,aligned_natural,42,cross,url_dedup,16305,8137,0.2912171259275986,0.386980442445792,0.0,0.0
xgb_nowww,targeted_ablation,phiusiil,aligned_natural,42,cross,domain_dedup,15776,8009,0.2921379181650976,0.3955199969927331,0.0,0.0
xgb_nowww,targeted_ablation,phiusiil,aligned_natural,43,cross,raw,16336,8168,0.3087446990405212,0.3992702569781498,0.0,0.0
xgb_nowww,targeted_ablation,phiusiil,aligned_natural,43,cross,url_dedup,16305,8137,0.3087212819231676,0.3983814301348334,0.0,0.0
xgb_nowww,targeted_ablation,phiusiil,aligned_natural,43,cross,domain_dedup,15776,8009,0.3099698994804399,0.4074216577751403,0.0,0.0
xgb_nowww,targeted_ablation,phiusiil,aligned_natural,44,cross,raw,16336,8168,0.2962461199842485,0.3914052629338811,0.0,0.0
xgb_nowww,targeted_ablation,phiusiil,aligned_natural,44,cross,url_dedup,16305,8137,0.2962789485809671,0.3905675936760624,0.0,0.0
xgb_nowww,targeted_ablation,phiusiil,aligned_natural,44,cross,domain_dedup,15776,8009,0.297139461185862,0.3990200755422914,0.0,0.0
xgb_nowww,targeted_ablation,phiusiil,aligned_natural,45,cross,raw,16336,8168,0.2953694666532686,0.3891078873442745,0.0,0.0
xgb_nowww,targeted_ablation,phiusiil,aligned_natural,45,cross,url_dedup,16305,8137,0.2953386211062104,0.3882101920396286,0.0,0.0
xgb_nowww,targeted_ablation,phiusiil,aligned_natural,45,cross,domain_dedup,15776,8009,0.2963564406419757,0.3968549792488954,0.0,0.0
xgb_nowww,targeted_ablation,phiusiil,aligned_natural,46,cross,raw,16336,8168,0.3015390604240431,0.3937213120375252,0.0,0.0
xgb_nowww,targeted_ablation,phiusiil,aligned_natural,46,cross,url_dedup,16305,8137,0.3015295077791835,0.3928413432022452,0.0,0.0
xgb_nowww,targeted_ablation,phiusiil,aligned_natural,46,cross,domain_dedup,15776,8009,0.3025400579748838,0.4014830092250813,0.0,0.0
xgb_nowww,targeted_ablation,mendeley_phishurl,aligned_natural,42,cross,raw,16336,8168,0.7851638006371582,0.7712484354755652,0.0236287952987267,0.1180215475024485
xgb_nowww,targeted_ablation,mendeley_phishurl,aligned_natural,42,cross,url_dedup,16330,8162,0.785129590532174,0.7710894482494974,0.0236461651555991,0.118108306787552
xgb_nowww,targeted_ablation,mendeley_phishurl,aligned_natural,42,cross,domain_dedup,15668,8088,0.7826460631601201,0.780610399488197,0.0233679525222551,0.1203016815034619
xgb_nowww,targeted_ablation,mendeley_phishurl,aligned_natural,43,cross,raw,16336,8168,0.7856678384556055,0.7719390024995432,0.0249755142017629,0.1192458374142997
xgb_nowww,targeted_ablation,mendeley_phishurl,aligned_natural,43,cross,url_dedup,16330,8162,0.7856210389826388,0.7717603290574375,0.0249938740504778,0.1193334966919872
xgb_nowww,targeted_ablation,mendeley_phishurl,aligned_natural,43,cross,domain_dedup,15668,8088,0.7831217263139765,0.7811254346749998,0.0247279920870425,0.1261127596439169
xgb_nowww,targeted_ablation,mendeley_phishurl,aligned_natural,44,cross,raw,16336,8168,0.7838973395736546,0.7708282771705466,0.0257100881488736,0.118511263467189
xgb_nowww,targeted_ablation,mendeley_phishurl,aligned_natural,44,cross,url_dedup,16330,8162,0.7838522835571834,0.7706548124211376,0.0257289879931389,0.1185983827493261
xgb_nowww,targeted_ablation,mendeley_phishurl,aligned_natural,44,cross,domain_dedup,15668,8088,0.781440932395366,0.7801541068524391,0.0254698318496538,0.1201780415430267
xgb_nowww,targeted_ablation,mendeley_phishurl,aligned_natural,45,cross,raw,16336,8168,0.7850024980430548,0.7698070683738671,0.016405484818805,0.1156953966699314
xgb_nowww,targeted_ablation,mendeley_phishurl,aligned_natural,45,cross,url_dedup,16330,8162,0.7849573244516466,0.7696262236992242,0.0164175447194315,0.1157804459691252
xgb_nowww,targeted_ablation,mendeley_phishurl,aligned_natural,45,cross,domain_dedup,15668,8088,0.7826544553447695,0.7792163368183358,0.0126112759643916,0.125
xgb_nowww,targeted_ablation,mendeley_phishurl,aligned_natural,46,cross,raw,16336,8168,0.7844662791467334,0.7717694154073986,0.0254652301665034,0.1194906953966699
xgb_nowww,targeted_ablation,mendeley_phishurl,aligned_natural,46,cross,url_dedup,16330,8162,0.7844222563606076,0.7715974741644009,0.0254839500122519,0.1195785346728743
xgb_nowww,targeted_ablation,mendeley_phishurl,aligned_natural,46,cross,domain_dedup,15668,8088,0.7816632641210536,0.7806991052733357,0.0252225519287833,0.1195598417408506
xgb_nowww,targeted_ablation,kaggle_malicious,aligned_natural,42,cross,raw,16336,8168,0.7673020808251978,0.7280016514829153,0.0085700293829578,0.0634182174338883
xgb_nowww,targeted_ablation,kaggle_malicious,aligned_natural,42,cross,url_dedup,16332,8164,0.7672525677696354,0.7278771064050453,0.0085742283194512,0.0634492895639392
xgb_nowww,targeted_ablation,kaggle_malicious,aligned_natural,42,cross,domain_dedup,15716,8130,0.765567187111365,0.738588783021313,0.0084870848708487,0.0616236162361623
xgb_nowww,targeted_ablation,kaggle_malicious,aligned_natural,43,cross,raw,16336,8168,0.7646657280843712,0.7234499682130637,0.0117531831537708,0.0636630754162585
xgb_nowww,targeted_ablation,kaggle_malicious,aligned_natural,43,cross,url_dedup,16332,8164,0.7646312391997355,0.7233551433229388,0.0117589416952474,0.0636942675159235
xgb_nowww,targeted_ablation,kaggle_malicious,aligned_natural,43,cross,domain_dedup,15716,8130,0.7622531341316576,0.7340870305757736,0.0116851168511685,0.0628536285362853
xgb_nowww,targeted_ablation,kaggle_malicious,aligned_natural,44,cross,raw,16336,8168,0.7636362933249939,0.7230795506838865,0.0100391772771792,0.0612144955925563
xgb_nowww,targeted_ablation,kaggle_malicious,aligned_natural,44,cross,url_dedup,16332,8164,0.7635964712857527,0.7229671774755719,0.0100440960313571,0.0612444879960803
xgb_nowww,targeted_ablation,kaggle_malicious,aligned_natural,44,cross,domain_dedup,15716,8130,0.7614798283495621,0.7335269201287786,0.0099630996309963,0.0605166051660516
xgb_nowww,targeted_ablation,kaggle_malicious,aligned_natural,45,cross,raw,16336,8168,0.7657443712641769,0.7261334079319619,0.0113858961802154,0.0664789422135161
xgb_nowww,targeted_ablation,kaggle_malicious,aligned_natural,45,cross,url_dedup,16332,8164,0.765714159917576,0.7260405056083157,0.0113914747672709,0.0665115139637432
xgb_nowww,targeted_ablation,kaggle_malicious,aligned_natural,45,cross,domain_dedup,15716,8130,0.7634150952635284,0.7363696573782762,0.0108241082410824,0.0649446494464944
xgb_nowww,targeted_ablation,kaggle_malicious,aligned_natural,46,cross,raw,16336,8168,0.7646520732348401,0.7224307162162609,0.0063663075416258,0.0607247796278158
xgb_nowww,targeted_ablation,kaggle_malicious,aligned_natural,46,cross,url_dedup,16332,8164,0.7646169178270528,0.7223315432618318,0.0063694267515923,0.0607545320921117
xgb_nowww,targeted_ablation,kaggle_malicious,aligned_natural,46,cross,domain_dedup,15716,8130,0.7624945317473212,0.733093605456663,0.0060270602706027,0.0596555965559655
xgb_nowww,targeted_ablation,hannousse,aligned_natural,42,cross,raw,16336,8168,0.7409124952875031,0.7423759581846678,0.0378305582761998,0.0962291870714985
xgb_nowww,targeted_ablation,hannousse,aligned_natural,42,cross,url_dedup,16327,8159,0.7407383120903004,0.7420150662747018,0.0378722882706214,0.0960902071332271
xgb_nowww,targeted_ablation,hannousse,aligned_natural,42,cross,domain_dedup,16011,8121,0.7392018361696326,0.7459756709473895,0.0376800886590321,0.0955547346385913
xgb_nowww,targeted_ablation,hannousse,aligned_natural,43,cross,raw,16336,8168,0.7413204620213518,0.7425027197882421,0.0377081292850146,0.1060235063663075
xgb_nowww,targeted_ablation,hannousse,aligned_natural,43,cross,url_dedup,16327,8159,0.741151920708149,0.7421483426554962,0.0377497242309106,0.105895330310087
xgb_nowww,targeted_ablation,hannousse,aligned_natural,43,cross,domain_dedup,16011,8121,0.7395388257048141,0.7461982124762949,0.0382957763822189,0.1052826006649427
xgb_nowww,targeted_ablation,hannousse,aligned_natural,44,cross,raw,16336,8168,0.7388737183327402,0.7401380087318576,0.0348922624877571,0.0961067580803134
xgb_nowww,targeted_ablation,hannousse,aligned_natural,44,cross,url_dedup,16327,8159,0.7387000472009604,0.7397667067145792,0.0348081872778526,0.0959676430935163
xgb_nowww,targeted_ablation,hannousse,aligned_natural,44,cross,domain_dedup,16011,8121,0.7371829266751038,0.7436714443853859,0.0337396872306366,0.0956778721832286
xgb_nowww,targeted_ablation,hannousse,aligned_natural,45,cross,raw,16336,8168,0.7359771815023584,0.7385426860001527,0.0324436826640548,0.0999020568070519
xgb_nowww,targeted_ablation,hannousse,aligned_natural,45,cross,url_dedup,16327,8159,0.7358053120647312,0.7381835384672606,0.0324794705233484,0.0997671283245495
xgb_nowww,targeted_ablation,hannousse,aligned_natural,45,cross,domain_dedup,16011,8121,0.7344223202640543,0.7423674575267257,0.0322620366949883,0.0993719985223494
xgb_nowww,targeted_ablation,hannousse,aligned_natural,46,cross,raw,16336,8168,0.7411976732975776,0.7430259580188342,0.0451762977473065,0.0972086190009794
xgb_nowww,targeted_ablation,hannousse,aligned_natural,46,cross,url_dedup,16327,8159,0.7410169021932962,0.7426463978267804,0.0452261306532663,0.0970707194509131
xgb_nowww,targeted_ablation,hannousse,aligned_natural,46,cross,domain_dedup,16011,8121,0.739292613042685,0.7463957472318361,0.0427287279891639,0.0966629725403275
xgb_nowww,targeted_ablation,ebbu2017,aligned_natural,42,cross,raw,16336,8168,0.8188900573869409,0.8041090178963013,0.0412585700293829,0.1395690499510284
xgb_nowww,targeted_ablation,ebbu2017,aligned_natural,42,cross,url_dedup,16333,8167,0.8188595055320359,0.8040893562855715,0.0412636218929839,0.1395861393412514
xgb_nowww,targeted_ablation,ebbu2017,aligned_natural,42,cross,domain_dedup,15673,8149,0.812818476111034,0.8101739653804332,0.0412320530126395,0.1384218922567186
xgb_nowww,targeted_ablation,ebbu2017,aligned_natural,43,cross,raw,16336,8168,0.8199688879274704,0.8042354758614148,0.0374632713026444,0.1414054848188051
xgb_nowww,targeted_ablation,ebbu2017,aligned_natural,43,cross,url_dedup,16333,8167,0.8199333944323706,0.8042121085163354,0.0374678584547569,0.1414227990694257
xgb_nowww,targeted_ablation,ebbu2017,aligned_natural,43,cross,domain_dedup,15673,8149,0.814023496390884,0.8104302589223917,0.0366916186035096,0.1382991778132286
xgb_nowww,targeted_ablation,ebbu2017,aligned_natural,44,cross,raw,16336,8168,0.8190682224461624,0.8045478844492443,0.0479921645445641,0.1401811949069539
xgb_nowww,targeted_ablation,ebbu2017,aligned_natural,44,cross,url_dedup,16333,8167,0.819039865247444,0.804533967579668,0.0479980408962899,0.1401983592506428
xgb_nowww,targeted_ablation,ebbu2017,aligned_natural,44,cross,domain_dedup,15673,8149,0.8131459592730269,0.8108326772261979,0.0547306417965394,0.1347404589520186
xgb_nowww,targeted_ablation,ebbu2017,aligned_natural,45,cross,raw,16336,8168,0.8206170735921745,0.8056343728045028,0.0472575905974534,0.1431194906953966
xgb_nowww,targeted_ablation,ebbu2017,aligned_natural,45,cross,url_dedup,16333,8167,0.8205895403330566,0.805617592381053,0.0472633770050202,0.1431370148157218
xgb_nowww,targeted_ablation,ebbu2017,aligned_natural,45,cross,domain_dedup,15673,8149,0.8148861019466712,0.8119177810234788,0.0471223463001595,0.1385446067002086
xgb_nowww,targeted_ablation,ebbu2017,aligned_natural,46,cross,raw,16336,8168,0.819674379353364,0.8048721751977539,0.0516650342801175,0.1452007835455435
xgb_nowww,targeted_ablation,ebbu2017,aligned_natural,46,cross,url_dedup,16333,8167,0.8196425412437244,0.8048546717672334,0.0516713603526386,0.1452185625076527
xgb_nowww,targeted_ablation,ebbu2017,aligned_natural,46,cross,domain_dedup,15673,8149,0.8139229550316477,0.811158846693509,0.0515400662657994,0.1438213277702785
xgb_nowww,targeted_ablation,aligned_natural,aligned_natural,42,within,raw,3331,1625,0.9289589683470104,0.9220603267833108,0.1046153846153846,0.3926153846153846
xgb_nowww,targeted_ablation,aligned_natural,phiusiil,42,cross,raw,60000,25603,0.4792633729564002,0.4721341213016088,0.0126157090965902,0.0413232824278404
xgb_nowww,targeted_ablation,aligned_natural,phiusiil,42,cross,url_dedup,59969,25572,0.4791145063146674,0.4716620726572766,0.0125918973877678,0.0412560613170655
xgb_nowww,targeted_ablation,aligned_natural,phiusiil,42,cross,domain_dedup,58167,23868,0.4790265158626096,0.4536234696364971,0.0125272331154684,0.0392156862745098
xgb_nowww,targeted_ablation,aligned_natural,mendeley_phishurl,42,cross,raw,60000,18933,0.7564459596025247,0.5919061331047006,0.0401943696191834,0.0967622669413193
xgb_nowww,targeted_ablation,aligned_natural,mendeley_phishurl,42,cross,url_dedup,59993,18926,0.7564059610502752,0.5918051304669489,0.0402092359716791,0.0967980555849096
xgb_nowww,targeted_ablation,aligned_natural,mendeley_phishurl,42,cross,domain_dedup,58198,18416,0.7545745832762054,0.5911989816079709,0.038879235447437,0.0970351867940921
xgb_nowww,targeted_ablation,aligned_natural,kaggle_malicious,42,cross,raw,60000,10831,0.6613361374698585,0.269623382975676,0.0015695688302095,0.0227125842489151
xgb_nowww,targeted_ablation,aligned_natural,kaggle_malicious,42,cross,url_dedup,59996,10827,0.6612595960171621,0.2695117882430527,0.0015701487023182,0.0227209753394292
xgb_nowww,targeted_ablation,aligned_natural,kaggle_malicious,42,cross,domain_dedup,57855,10417,0.6595837690730049,0.2684848032536014,0.0015359508495728,0.0232312565997888
xgb_nowww,targeted_ablation,aligned_natural,hannousse,42,cross,raw,11430,5715,0.6929857958481348,0.7210369905179743,0.0416447944006999,0.1725284339457568
xgb_nowww,targeted_ablation,aligned_natural,hannousse,42,cross,url_dedup,11420,5705,0.69281809099016,0.7206036760218821,0.0415425065731814,0.1724802804557405
xgb_nowww,targeted_ablation,aligned_natural,hannousse,42,cross,domain_dedup,11147,5542,0.6925634140523216,0.7187756080610119,0.0425839047275351,0.173042223024179
xgb_nowww,targeted_ablation,aligned_natural,ebbu2017,42,cross,raw,60000,30360,0.8553569247304946,0.8487414725739361,0.0792160737812911,0.2029644268774703
xgb_nowww,targeted_ablation,aligned_natural,ebbu2017,42,cross,url_dedup,59996,30358,0.8553843494578748,0.8487725336580431,0.0792212925752684,0.2029777982739311
xgb_nowww,targeted_ablation,aligned_natural,ebbu2017,42,cross,domain_dedup,59061,30082,0.8551819024801158,0.8500066733335899,0.0788511402167409,0.2027458280699421
xgb_nowww,targeted_ablation,aligned_natural,aligned_natural,43,within,raw,3239,1629,0.90886761302327,0.9055162102236938,0.1485573971761817,0.281767955801105
xgb_nowww,targeted_ablation,aligned_natural,phiusiil,43,cross,raw,60000,25603,0.4763560756799677,0.475403649198901,0.0131625200171854,0.039995313049252
xgb_nowww,targeted_ablation,aligned_natural,phiusiil,43,cross,url_dedup,59969,25572,0.4761988653925595,0.47491446872752,0.013139371187236,0.0398482715470045
xgb_nowww,targeted_ablation,aligned_natural,phiusiil,43,cross,domain_dedup,58167,23868,0.4761772235120798,0.4572294108288166,0.0128624099212334,0.0392156862745098
xgb_nowww,targeted_ablation,aligned_natural,mendeley_phishurl,43,cross,raw,60000,18933,0.7602179433463931,0.6010803925267292,0.0441557069666719,0.1028363175408017
xgb_nowww,targeted_ablation,aligned_natural,mendeley_phishurl,43,cross,url_dedup,59993,18926,0.760186963092386,0.6009945583092808,0.0441720384656028,0.1028743527422593
xgb_nowww,targeted_ablation,aligned_natural,mendeley_phishurl,43,cross,domain_dedup,58198,18416,0.7583025932906888,0.6002691470959143,0.0447437011294526,0.1017593397046047
xgb_nowww,targeted_ablation,aligned_natural,kaggle_malicious,43,cross,raw,60000,10831,0.6631510656797444,0.2697882505533944,0.0016618964084572,0.0204043947927245
xgb_nowww,targeted_ablation,aligned_natural,kaggle_malicious,43,cross,url_dedup,59996,10827,0.6630681073406958,0.2696620265708964,0.0016625103906899,0.0204119331301376
xgb_nowww,targeted_ablation,aligned_natural,kaggle_malicious,43,cross,domain_dedup,57855,10417,0.6614673875357782,0.2685209970258448,0.0016319477776711,0.0207353364692329
xgb_nowww,targeted_ablation,aligned_natural,hannousse,43,cross,raw,11430,5715,0.6928529165700307,0.724061690306231,0.0570428696412948,0.1903762029746281
xgb_nowww,targeted_ablation,aligned_natural,hannousse,43,cross,url_dedup,11420,5705,0.6926798874067122,0.7235955420901503,0.0569675723049956,0.1903593339176161
xgb_nowww,targeted_ablation,aligned_natural,hannousse,43,cross,domain_dedup,11147,5542,0.6920639115910261,0.7215412243137278,0.0584626488632262,0.1914471309996391
xgb_nowww,targeted_ablation,aligned_natural,ebbu2017,43,cross,raw,60000,30360,0.8557647517909246,0.8508673224681139,0.0852766798418972,0.2140316205533597
xgb_nowww,targeted_ablation,aligned_natural,ebbu2017,43,cross,url_dedup,59996,30358,0.8557928110694129,0.8509001275173425,0.0852822979115883,0.2140457210619935
xgb_nowww,targeted_ablation,aligned_natural,ebbu2017,43,cross,domain_dedup,59061,30082,0.8553781052105622,0.8519349802011873,0.0858653015092081,0.2121202047736188
xgb_nowww,targeted_ablation,aligned_natural,aligned_natural,44,within,raw,3285,1636,0.9116764846739746,0.909087354882753,0.1136919315403423,0.3068459657701711
xgb_nowww,targeted_ablation,aligned_natural,phiusiil,44,cross,raw,60000,25603,0.4745331044431784,0.4730996105538408,0.0142561418583759,0.0423778463461313
xgb_nowww,targeted_ablation,aligned_natural,phiusiil,44,cross,url_dedup,59969,25572,0.4743840071074845,0.4726139936566249,0.0142734240575629,0.0421945878304395
xgb_nowww,targeted_ablation,aligned_natural,phiusiil,44,cross,domain_dedup,58167,23868,0.4744272539659303,0.4553748980231091,0.0143707055471761,0.0406401876990112
xgb_nowww,targeted_ablation,aligned_natural,mendeley_phishurl,44,cross,raw,60000,18933,0.7573011217949441,0.5929276029090709,0.0422542650398774,0.1084350076585855
xgb_nowww,targeted_ablation,aligned_natural,mendeley_phishurl,44,cross,url_dedup,59993,18926,0.7572594967475705,0.5928243127404513,0.0422698932685194,0.1084751136003381
xgb_nowww,targeted_ablation,aligned_natural,mendeley_phishurl,44,cross,domain_dedup,58198,18416,0.7552269139999357,0.5920481812062599,0.0421915725456125,0.1070264986967854
xgb_nowww,targeted_ablation,aligned_natural,kaggle_malicious,44,cross,raw,60000,10831,0.6645200183940105,0.2704735125325765,0.0012925860954667,0.0223432739359246
xgb_nowww,targeted_ablation,aligned_natural,kaggle_malicious,44,cross,url_dedup,59996,10827,0.6644456206194238,0.2703614705965398,0.0012930636372032,0.0223515285859425
xgb_nowww,targeted_ablation,aligned_natural,kaggle_malicious,44,cross,domain_dedup,57855,10417,0.6630446224472872,0.2692561646748011,0.0012479600652779,0.0219832965345108
xgb_nowww,targeted_ablation,aligned_natural,hannousse,44,cross,raw,11430,5715,0.6931856046428143,0.7223006447658988,0.0584426946631671,0.1728783902012248
xgb_nowww,targeted_ablation,aligned_natural,hannousse,44,cross,url_dedup,11420,5705,0.6930631217110131,0.7219038313351712,0.0583698510078878,0.1728308501314636
xgb_nowww,targeted_ablation,aligned_natural,hannousse,44,cross,domain_dedup,11147,5542,0.6925855948460722,0.7198890630493415,0.0597257307831107,0.1735835438469866
xgb_nowww,targeted_ablation,aligned_natural,ebbu2017,44,cross,raw,60000,30360,0.8552295725028849,0.8496370320070769,0.0860342555994729,0.2059288537549407
xgb_nowww,targeted_ablation,aligned_natural,ebbu2017,44,cross,url_dedup,59996,30358,0.8552560166452563,0.8496673115300293,0.0860399235786283,0.2059424204493049
xgb_nowww,targeted_ablation,aligned_natural,ebbu2017,44,cross,domain_dedup,59061,30082,0.8549163315154413,0.8507864497882125,0.0867960906854597,0.2062030450103051
xgb_nowww,targeted_ablation,aligned_natural,aligned_natural,45,within,raw,3257,1646,0.9156852230224618,0.9073908190620104,0.0680437424058323,0.2393681652490887
xgb_nowww,targeted_ablation,aligned_natural,phiusiil,45,cross,raw,60000,25603,0.4811314713836968,0.4806202626796487,0.0139827363980783,0.0421434988087333
xgb_nowww,targeted_ablation,aligned_natural,phiusiil,45,cross,url_dedup,59969,25572,0.4809928707328318,0.4801496820555683,0.0139996871578288,0.0420772720162677
xgb_nowww,targeted_ablation,aligned_natural,phiusiil,45,cross,domain_dedup,58167,23868,0.4811523890938828,0.4632056922593882,0.0134489693313222,0.0412686442098206
xgb_nowww,targeted_ablation,aligned_natural,mendeley_phishurl,45,cross,raw,60000,18933,0.7608425556473125,0.6005946695425775,0.0364971214281941,0.1017271430835049
xgb_nowww,targeted_ablation,aligned_natural,mendeley_phishurl,45,cross,url_dedup,59993,18926,0.7607991319814065,0.6004767921703271,0.0365106203106837,0.1017647680439606
xgb_nowww,targeted_ablation,aligned_natural,mendeley_phishurl,45,cross,domain_dedup,58198,18416,0.7591802329101072,0.5999739229559518,0.0371959165942658,0.1015421372719374
xgb_nowww,targeted_ablation,aligned_natural,kaggle_malicious,45,cross,raw,60000,10831,0.6617139549742348,0.2693093006906092,0.0018465515649524,0.0220662912011817
xgb_nowww,targeted_ablation,aligned_natural,kaggle_malicious,45,cross,url_dedup,59996,10827,0.6616395254813395,0.2691981973728528,0.0018472337674332,0.0220744435208275
xgb_nowww,targeted_ablation,aligned_natural,kaggle_malicious,45,cross,domain_dedup,57855,10417,0.6604609081701174,0.2683420812911151,0.0017279447057694,0.0217913026783142
xgb_nowww,targeted_ablation,aligned_natural,hannousse,45,cross,raw,11430,5715,0.6938620948846835,0.7259403262700185,0.0815398075240595,0.1924759405074365
xgb_nowww,targeted_ablation,aligned_natural,hannousse,45,cross,url_dedup,11420,5705,0.6937209229214447,0.7254942035174055,0.0815074496056091,0.1924627519719544
xgb_nowww,targeted_ablation,aligned_natural,hannousse,45,cross,domain_dedup,11147,5542,0.6936119635925931,0.7237599879011194,0.0835438469866474,0.1934319740166005
xgb_nowww,targeted_ablation,aligned_natural,ebbu2017,45,cross,raw,60000,30360,0.8566969693635883,0.8506708603810179,0.0786231884057971,0.2093214756258234
xgb_nowww,targeted_ablation,aligned_natural,ebbu2017,45,cross,url_dedup,59996,30358,0.8567272346565127,0.8507063331662417,0.0786283681401937,0.2093352658277883
xgb_nowww,targeted_ablation,aligned_natural,ebbu2017,45,cross,domain_dedup,59061,30082,0.8566304661641468,0.8519722667569867,0.0785519579815171,0.2080978658333887
xgb_nowww,targeted_ablation,aligned_natural,aligned_natural,46,within,raw,3322,1627,0.9094723444528452,0.8967920713752778,0.1112476951444376,0.2077443146896128
xgb_nowww,targeted_ablation,aligned_natural,phiusiil,46,cross,raw,60000,25603,0.4761293099011882,0.4764109297372637,0.01378744678358,0.0425731359606296
xgb_nowww,targeted_ablation,aligned_natural,phiusiil,46,cross,url_dedup,59969,25572,0.4759655525453542,0.4759141466422669,0.0138041608008759,0.0423901141873924
xgb_nowww,targeted_ablation,aligned_natural,phiusiil,46,cross,domain_dedup,58167,23868,0.4766141735413263,0.4581265771844709,0.0134489693313222,0.0397184514831573
xgb_nowww,targeted_ablation,aligned_natural,mendeley_phishurl,46,cross,raw,60000,18933,0.7590660993300802,0.6006162274872372,0.0357048539586964,0.1057941160935932
xgb_nowww,targeted_ablation,aligned_natural,mendeley_phishurl,46,cross,url_dedup,59993,18926,0.7590365534967137,0.6005332451901624,0.0357180598118989,0.1058332452710556
xgb_nowww,targeted_ablation,aligned_natural,mendeley_phishurl,46,cross,domain_dedup,58198,18416,0.7574062613059157,0.6002319193466307,0.0364357080799305,0.1044200695047784
xgb_nowww,targeted_ablation,aligned_natural,kaggle_malicious,46,cross,raw,60000,10831,0.6604724420712422,0.2680361593118971,0.0011079309389714,0.0204043947927245
xgb_nowww,targeted_ablation,aligned_natural,kaggle_malicious,46,cross,url_dedup,59996,10827,0.6604029676089047,0.2679346408960235,0.0011083402604599,0.0204119331301376
xgb_nowww,targeted_ablation,aligned_natural,kaggle_malicious,46,cross,domain_dedup,57855,10417,0.6589690147664757,0.266891694821433,0.0010559662090813,0.0207353364692329
xgb_nowww,targeted_ablation,aligned_natural,hannousse,46,cross,raw,11430,5715,0.6930114225660551,0.723355188678988,0.0706911636045494,0.1746281714785652
xgb_nowww,targeted_ablation,aligned_natural,hannousse,46,cross,url_dedup,11420,5705,0.6928791569765436,0.7229508251276396,0.0706397896581945,0.1745836985100788
xgb_nowww,targeted_ablation,aligned_natural,hannousse,46,cross,domain_dedup,11147,5542,0.692662567673151,0.7210476527124305,0.0709130277878022,0.1757488271382172
xgb_nowww,targeted_ablation,aligned_natural,ebbu2017,46,cross,raw,60000,30360,0.8555621409482965,0.8509153259532568,0.0871870882740448,0.2127140974967062
xgb_nowww,targeted_ablation,aligned_natural,ebbu2017,46,cross,url_dedup,59996,30358,0.85559394869691,0.850951380874547,0.0871928322023848,0.2127281112062718
xgb_nowww,targeted_ablation,aligned_natural,ebbu2017,46,cross,domain_dedup,59061,30082,0.855242439589745,0.85212418221342,0.0838042683332225,0.213749085832059
xgb_nowww,full,phiusiil,aligned_natural,42,cross,raw,16336,8168,0.4452786776421879,0.5173970018047627,0.0,0.0155484818805093
xgb_nowww,full,phiusiil,aligned_natural,42,cross,url_dedup,16305,8137,0.4448956995872712,0.5160222791625493,0.0,0.0153619270001228
xgb_nowww,full,phiusiil,aligned_natural,42,cross,domain_dedup,15776,8009,0.4454272048747528,0.5240357242841037,0.0,0.0149831439630415
xgb_nowww,full,phiusiil,aligned_natural,43,cross,raw,16336,8168,0.4490582380681497,0.5324182098841777,0.0007345739471106,0.0208129285014691
xgb_nowww,full,phiusiil,aligned_natural,43,cross,url_dedup,16305,8137,0.4487437795480121,0.531157561054551,0.0007373724960058,0.0208922207201671
xgb_nowww,full,phiusiil,aligned_natural,43,cross,domain_dedup,15776,8009,0.4488742250072312,0.538750097760201,0.000749157198152,0.0206018229491821
xgb_nowww,full,phiusiil,aligned_natural,44,cross,raw,16336,8168,0.4410403157708685,0.5212944828903708,0.0004897159647404,0.0168952007835455
xgb_nowww,full,phiusiil,aligned_natural,44,cross,url_dedup,16305,8137,0.4407182033388312,0.5200566979761279,0.0004915816640039,0.0168366719921346
xgb_nowww,full,phiusiil,aligned_natural,44,cross,domain_dedup,15776,8009,0.4401329967029013,0.5275987146910323,0.0004994381321013,0.0167311774253964
xgb_nowww,full,phiusiil,aligned_natural,45,cross,raw,16336,8168,0.4559949166187823,0.5278719559062902,0.0,0.0298726738491674
xgb_nowww,full,phiusiil,aligned_natural,45,cross,url_dedup,16305,8137,0.4556201301487733,0.5265441331182177,0.0,0.0299864815042398
xgb_nowww,full,phiusiil,aligned_natural,45,cross,domain_dedup,15776,8009,0.4558022170339686,0.5342691277023945,0.0,0.0297165688600324
xgb_nowww,full,phiusiil,aligned_natural,46,cross,raw,16336,8168,0.4315785992324745,0.5124561557245279,0.0,0.0255876591576885
xgb_nowww,full,phiusiil,aligned_natural,46,cross,url_dedup,16305,8137,0.4311936506161562,0.5110441081019852,0.0,0.0254393511122035
xgb_nowww,full,phiusiil,aligned_natural,46,cross,domain_dedup,15776,8009,0.4308003775783143,0.5183518883872367,0.0,0.0249719066050692
xgb_nowww,full,mendeley_phishurl,aligned_natural,42,cross,raw,16336,8168,0.8089377030690466,0.7900298166471506,0.0145690499510284,0.1251224289911851
xgb_nowww,full,mendeley_phishurl,aligned_natural,42,cross,url_dedup,16330,8162,0.8088887047570728,0.7897855018505501,0.0144572408723352,0.1248468512619456
xgb_nowww,full,mendeley_phishurl,aligned_natural,42,cross,domain_dedup,15668,8088,0.8093147703754741,0.8031268213074947,0.0143422354104846,0.1324183976261127
xgb_nowww,full,mendeley_phishurl,aligned_natural,43,cross,raw,16336,8168,0.8098134121019797,0.7913000852422901,0.0140793339862879,0.1286728697355534
xgb_nowww,full,mendeley_phishurl,aligned_natural,43,cross,url_dedup,16330,8162,0.8097667225222064,0.7910592983439144,0.0139671649105611,0.1283999019848076
xgb_nowww,full,mendeley_phishurl,aligned_natural,43,cross,domain_dedup,15668,8088,0.8100788017167359,0.8041693899836082,0.0137240356083086,0.1321711177052423
xgb_nowww,full,mendeley_phishurl,aligned_natural,44,cross,raw,16336,8168,0.8081442453937441,0.7873345228254593,0.0186092066601371,0.1122673849167482
xgb_nowww,full,mendeley_phishurl,aligned_natural,44,cross,url_dedup,16330,8162,0.8080930588131954,0.7870908338820232,0.0186228865474148,0.1119823572653761
xgb_nowww,full,mendeley_phishurl,aligned_natural,44,cross,domain_dedup,15668,8088,0.8086941972732659,0.8006843785449942,0.0182987141444114,0.1206726013847675
xgb_nowww,full,mendeley_phishurl,aligned_natural,45,cross,raw,16336,8168,0.8071393848668654,0.7881057055633827,0.020690499510284,0.1125122428991185
xgb_nowww,full,mendeley_phishurl,aligned_natural,45,cross,url_dedup,16330,8162,0.8070923045594105,0.7878605515169073,0.0205831903945111,0.1122273952462631
xgb_nowww,full,mendeley_phishurl,aligned_natural,45,cross,domain_dedup,15668,8088,0.8073187190247644,0.801099736959963,0.0200296735905044,0.1264836795252225
xgb_nowww,full,mendeley_phishurl,aligned_natural,46,cross,raw,16336,8168,0.8094071615923586,0.7902365245403397,0.0175073457394711,0.1209598432908912
xgb_nowww,full,mendeley_phishurl,aligned_natural,46,cross,url_dedup,16330,8162,0.8093592283799581,0.7900018269120711,0.0175202156334231,0.1206812055868659
xgb_nowww,full,mendeley_phishurl,aligned_natural,46,cross,domain_dedup,15668,8088,0.8098454353692496,0.8032088714988372,0.0169386745796241,0.1266073194856577
xgb_nowww,full,kaggle_malicious,aligned_natural,42,cross,raw,16336,8168,0.5750429385811763,0.5725478637875003,0.0047747306562193,0.0224045053868756
xgb_nowww,full,kaggle_malicious,aligned_natural,42,cross,url_dedup,16332,8164,0.5752272689373236,0.5725562153545636,0.0047770700636942,0.0224154826065654
xgb_nowww,full,kaggle_malicious,aligned_natural,42,cross,domain_dedup,15716,8130,0.573225189212082,0.5873330671391117,0.0047970479704797,0.0223862238622386
xgb_nowww,full,kaggle_malicious,aligned_natural,43,cross,raw,16336,8168,0.5808645135552036,0.5806648494430244,0.0053868756121449,0.0227717923604309
xgb_nowww,full,kaggle_malicious,aligned_natural,43,cross,url_dedup,16332,8164,0.5810488319518432,0.5806763012338176,0.005389514943655,0.0227829495345418
xgb_nowww,full,kaggle_malicious,aligned_natural,43,cross,domain_dedup,15716,8130,0.5793266971688963,0.5955447257141213,0.0044280442804428,0.0220172201722017
xgb_nowww,full,kaggle_malicious,aligned_natural,44,cross,raw,16336,8168,0.5750505004599781,0.5746193758395339,0.00550930460333,0.0233839373163565
xgb_nowww,full,kaggle_malicious,aligned_natural,44,cross,url_dedup,16332,8164,0.5752338297755945,0.5746284691147516,0.0055120039196472,0.0233953944145026
xgb_nowww,full,kaggle_malicious,aligned_natural,44,cross,domain_dedup,15716,8130,0.5738880030508715,0.5901942644165933,0.0055350553505535,0.0232472324723247
xgb_nowww,full,kaggle_malicious,aligned_natural,45,cross,raw,16336,8168,0.5794915116898702,0.5797086519137482,0.0031831537708129,0.0194662095984329
xgb_nowww,full,kaggle_malicious,aligned_natural,45,cross,url_dedup,16332,8164,0.5796691588954349,0.5797176567997581,0.0031847133757961,0.0194757471827535
xgb_nowww,full,kaggle_malicious,aligned_natural,45,cross,domain_dedup,15716,8130,0.577879835613542,0.5943184375933628,0.0030750307503075,0.0188191881918819
xgb_nowww,full,kaggle_malicious,aligned_natural,46,cross,raw,16336,8168,0.5791514969432323,0.576772473758844,0.0036728697355533,0.0231390793339862
xgb_nowww,full,kaggle_malicious,aligned_natural,46,cross,url_dedup,16332,8164,0.579333416432286,0.5767815160252332,0.0036746692797648,0.0231504164625183
xgb_nowww,full,kaggle_malicious,aligned_natural,46,cross,domain_dedup,15716,8130,0.5775368963154435,0.5921484782419072,0.003690036900369,0.0232472324723247
xgb_nowww,full,hannousse,aligned_natural,42,cross,raw,16336,8168,0.7403321117214308,0.75028459203589,0.0482370225269343,0.1234084231145935
xgb_nowww,full,hannousse,aligned_natural,42,cross,url_dedup,16327,8159,0.7401126772872028,0.7498770215512238,0.0481676676063243,0.1232994239490133
xgb_nowww,full,hannousse,aligned_natural,42,cross,domain_dedup,16011,8121,0.7394330975303977,0.7543933983179213,0.0524565940155153,0.1243689200837335
xgb_nowww,full,hannousse,aligned_natural,43,cross,raw,16336,8168,0.7428117784363815,0.7526570991665735,0.048971596474045,0.1257345739471106
xgb_nowww,full,hannousse,aligned_natural,43,cross,url_dedup,16327,8159,0.7425948091668297,0.7522490256565226,0.048780487804878,0.1256281407035175
xgb_nowww,full,hannousse,aligned_natural,43,cross,domain_dedup,16011,8121,0.741708684037332,0.756501636689163,0.0483930550424824,0.125230882896195
xgb_nowww,full,hannousse,aligned_natural,44,cross,raw,16336,8168,0.740647829529441,0.7524736721452209,0.0570519098922624,0.1356513222331048
xgb_nowww,full,hannousse,aligned_natural,44,cross,url_dedup,16327,8159,0.7404279780810841,0.7520688241017233,0.0568697144257874,0.1355558279200882
xgb_nowww,full,hannousse,aligned_natural,44,cross,domain_dedup,16011,8121,0.7397173517343589,0.7565488980381824,0.0563969954439108,0.13619012436892
xgb_nowww,full,hannousse,aligned_natural,45,cross,raw,16336,8168,0.7389556174522107,0.7503019923639367,0.0505631733594515,0.1203476983349657
xgb_nowww,full,hannousse,aligned_natural,45,cross,url_dedup,16327,8159,0.7387290526231886,0.7498874326829107,0.0504963843608285,0.1202353229562446
xgb_nowww,full,hannousse,aligned_natural,45,cross,domain_dedup,16011,8121,0.7379438901694256,0.7543669207327325,0.0530722817387021,0.1210442063785248
xgb_nowww,full,hannousse,aligned_natural,46,cross,raw,16336,8168,0.7401653456886289,0.7501053887238691,0.0479921645445641,0.1220617042115572
xgb_nowww,full,hannousse,aligned_natural,46,cross,url_dedup,16327,8159,0.7399439266517245,0.749683384527536,0.047799975487192,0.1219512195121951
xgb_nowww,full,hannousse,aligned_natural,46,cross,domain_dedup,16011,8121,0.7392083988233108,0.7541234995574154,0.0475310922300209,0.1226449944588105
xgb_nowww,full,ebbu2017,aligned_natural,42,cross,raw,16336,8168,0.8004287457875314,0.7943648342171981,0.065254652301665,0.1725024485798237
xgb_nowww,full,ebbu2017,aligned_natural,42,cross,url_dedup,16333,8167,0.80037787148456,0.7943163006010197,0.0652626423411289,0.1724011264846333
xgb_nowww,full,ebbu2017,aligned_natural,42,cross,domain_dedup,15673,8149,0.7963107331297488,0.8025744711430144,0.0631979383973493,0.1706957908945883
xgb_nowww,full,ebbu2017,aligned_natural,43,cross,raw,16336,8168,0.8038695805086331,0.7970963118300008,0.0514201762977473,0.1596474045053868
xgb_nowww,full,ebbu2017,aligned_natural,43,cross,url_dedup,16333,8167,0.8038248435090639,0.7970493304163175,0.051426472388882,0.1595445083874127
xgb_nowww,full,ebbu2017,aligned_natural,43,cross,domain_dedup,15673,8149,0.7995020181339458,0.8048094067035503,0.0489630629525095,0.1549883421278684
xgb_nowww,full,ebbu2017,aligned_natural,44,cross,raw,16336,8168,0.8034085082513063,0.7933177866912267,0.0683153770812928,0.1486287952987267
xgb_nowww,full,ebbu2017,aligned_natural,44,cross,url_dedup,16333,8167,0.8033586987002675,0.793265773481383,0.0682012979062079,0.1485245500183666
xgb_nowww,full,ebbu2017,aligned_natural,44,cross,domain_dedup,15673,8149,0.7994809296470462,0.8020063201481539,0.0523990673702294,0.1478709044054485
xgb_nowww,full,ebbu2017,aligned_natural,45,cross,raw,16336,8168,0.8035006372662816,0.7948439966937624,0.063050930460333,0.1589128305582762
xgb_nowww,full,ebbu2017,aligned_natural,45,cross,url_dedup,16333,8167,0.8034502917768415,0.7947940759621747,0.0630586506673197,0.158809844496143
xgb_nowww,full,ebbu2017,aligned_natural,45,cross,domain_dedup,15673,8149,0.799307173888976,0.8031373462539537,0.0546079273530494,0.1536384832494784
xgb_nowww,full,ebbu2017,aligned_natural,46,cross,raw,16336,8168,0.8037131268100546,0.7970409792351295,0.0559500489715964,0.1662585700293829
xgb_nowww,full,ebbu2017,aligned_natural,46,cross,url_dedup,16333,8167,0.8036539077518496,0.7969892609518794,0.0559568997183788,0.1661564834088404
xgb_nowww,full,ebbu2017,aligned_natural,46,cross,domain_dedup,15673,8149,0.799405187239342,0.8048691395932289,0.0535034973616394,0.1608786354153883
xgb_nowww,full,aligned_natural,aligned_natural,42,within,raw,3331,1625,0.9443666696726488,0.9397866038072412,0.2012307692307692,0.4406153846153846
xgb_nowww,full,aligned_natural,phiusiil,42,cross,raw,60000,25603,0.5253783841740817,0.5245574259341317,0.0238253329687927,0.066203179314924
xgb_nowww,full,aligned_natural,phiusiil,42,cross,url_dedup,59969,25572,0.525244184719746,0.5240687575298769,0.0237760050054747,0.0660096981073048
xgb_nowww,full,aligned_natural,phiusiil,42,cross,domain_dedup,58167,23868,0.5239515179390806,0.5043888591379374,0.021744595274007,0.0617982235629294
xgb_nowww,full,aligned_natural,mendeley_phishurl,42,cross,raw,60000,18933,0.8468401699306812,0.7377848961202965,0.083452173453758,0.2266413141076427
xgb_nowww,full,aligned_natural,mendeley_phishurl,42,cross,url_dedup,59993,18926,0.8468076524368191,0.7376834325337405,0.083483039205326,0.2266723026524358
xgb_nowww,full,aligned_natural,mendeley_phishurl,42,cross,domain_dedup,58198,18416,0.8469830803498093,0.7395074693980103,0.0829170286707211,0.22751954821894
xgb_nowww,full,aligned_natural,kaggle_malicious,42,cross,raw,60000,10831,0.6062503654238194,0.2382489661224649,0.0012925860954667,0.0202197396362293
xgb_nowww,full,aligned_natural,kaggle_malicious,42,cross,url_dedup,59996,10827,0.6061519135949333,0.2381088820127859,0.0012930636372032,0.0202272097533942
xgb_nowww,full,aligned_natural,kaggle_malicious,42,cross,domain_dedup,57855,10417,0.6060010472767448,0.2379595193264779,0.0013439569933762,0.0202553518287414
xgb_nowww,full,aligned_natural,hannousse,42,cross,raw,11430,5715,0.7113546720920603,0.7535243355952872,0.1063867016622922,0.2230971128608924
xgb_nowww,full,aligned_natural,hannousse,42,cross,url_dedup,11420,5705,0.7111500939683153,0.7530576146310268,0.1063978965819456,0.2231375985977213
xgb_nowww,full,aligned_natural,hannousse,42,cross,domain_dedup,11147,5542,0.7117944519686017,0.752430942455002,0.1086250451100685,0.2241068206423673
xgb_nowww,full,aligned_natural,ebbu2017,42,cross,raw,60000,30360,0.8695991656131816,0.8726360015776883,0.1226943346508563,0.2729907773386034
xgb_nowww,full,aligned_natural,ebbu2017,42,cross,url_dedup,59996,30358,0.8696119562953817,0.8726480722629386,0.1227024178140852,0.2730087621055405
xgb_nowww,full,aligned_natural,ebbu2017,42,cross,domain_dedup,59061,30082,0.8694686936191313,0.8737920052654629,0.1236952330297187,0.2744830795824746
xgb_nowww,full,aligned_natural,aligned_natural,43,within,raw,3239,1629,0.9334669747473016,0.9326962978272344,0.2983425414364641,0.4106813996316759
xgb_nowww,full,aligned_natural,phiusiil,43,cross,raw,60000,25603,0.5213791450342744,0.5244033839021323,0.0226145373589032,0.0642112252470413
xgb_nowww,full,aligned_natural,phiusiil,43,cross,url_dedup,59969,25572,0.5212556937409296,0.523938458570869,0.0225637415923666,0.0640935398091662
xgb_nowww,full,aligned_natural,phiusiil,43,cross,domain_dedup,58167,23868,0.519128843316609,0.5040059839707989,0.0215770068711245,0.0599966482319423
xgb_nowww,full,aligned_natural,mendeley_phishurl,43,cross,raw,60000,18933,0.8449917098177879,0.7367010285529694,0.0816035493582633,0.2356203454286167
xgb_nowww,full,aligned_natural,mendeley_phishurl,43,cross,url_dedup,59993,18926,0.8449552226380739,0.7365952670573455,0.0816337313748282,0.2356546549719962
xgb_nowww,full,aligned_natural,mendeley_phishurl,43,cross,domain_dedup,58198,18416,0.8450156107901443,0.7382982275386442,0.0822111207645525,0.2383253692441355
xgb_nowww,full,aligned_natural,kaggle_malicious,43,cross,raw,60000,10831,0.596590389986309,0.2334135674387231,0.0020312067214476,0.0167112916628196
xgb_nowww,full,aligned_natural,kaggle_malicious,43,cross,url_dedup,59996,10827,0.596490039256169,0.2332858566882329,0.0020319571441765,0.016717465595271
xgb_nowww,full,aligned_natural,kaggle_malicious,43,cross,domain_dedup,57855,10417,0.5958277749463381,0.2328819593595452,0.0015359508495728,0.0161274839205145
xgb_nowww,full,aligned_natural,hannousse,43,cross,raw,11430,5715,0.7124416643895016,0.7550060500866995,0.0925634295713035,0.2330708661417322
xgb_nowww,full,aligned_natural,hannousse,43,cross,url_dedup,11420,5705,0.7122385315332516,0.754541448904884,0.0925503943908852,0.2331288343558282
xgb_nowww,full,aligned_natural,hannousse,43,cross,domain_dedup,11147,5542,0.7128151065048317,0.753946460140876,0.094911584265608,0.2352941176470588
xgb_nowww,full,aligned_natural,ebbu2017,43,cross,raw,60000,30360,0.8658804806781066,0.8703440477992765,0.11699604743083,0.2747364953886693
xgb_nowww,full,aligned_natural,ebbu2017,43,cross,url_dedup,59996,30358,0.8658971632981896,0.8703602168224575,0.1170037551880888,0.2747545951643718
xgb_nowww,full,aligned_natural,ebbu2017,43,cross,domain_dedup,59061,30082,0.8659828766140141,0.8717790190483699,0.1177780732664051,0.276045475699754
xgb_nowww,full,aligned_natural,aligned_natural,44,within,raw,3285,1636,0.9377569720702036,0.9343610393778948,0.152200488997555,0.3960880195599022
xgb_nowww,full,aligned_natural,phiusiil,44,cross,raw,60000,25603,0.533797424659527,0.5374167027281418,0.0243721438893879,0.0636253564035464
xgb_nowww,full,aligned_natural,phiusiil,44,cross,url_dedup,59969,25572,0.5337069186773747,0.536968215480282,0.0243234788049429,0.0634287501955263
xgb_nowww,full,aligned_natural,phiusiil,44,cross,domain_dedup,58167,23868,0.5325571059596061,0.5175560760972799,0.0213675213675213,0.0594519859225741
xgb_nowww,full,aligned_natural,mendeley_phishurl,44,cross,raw,60000,18933,0.8493860808437491,0.7425834088797392,0.0793852004436697,0.2326625468758252
xgb_nowww,full,aligned_natural,mendeley_phishurl,44,cross,url_dedup,59993,18926,0.8493448618144804,0.7424579300864607,0.079414561978231,0.2325900877100285
xgb_nowww,full,aligned_natural,mendeley_phishurl,44,cross,domain_dedup,58198,18416,0.849350137522958,0.7440694766522828,0.0764552562988705,0.2358275412684622
xgb_nowww,full,aligned_natural,kaggle_malicious,44,cross,raw,60000,10831,0.5956229840287185,0.2336994248106562,0.0011079309389714,0.0193887914320007
xgb_nowww,full,aligned_natural,kaggle_malicious,44,cross,url_dedup,59996,10827,0.5955211901473685,0.2335618045708252,0.0011083402604599,0.0193959545580493
xgb_nowww,full,aligned_natural,kaggle_malicious,44,cross,domain_dedup,57855,10417,0.5956997803912933,0.2334306417956059,0.0011519631371796,0.019487376403955
xgb_nowww,full,aligned_natural,hannousse,44,cross,raw,11430,5715,0.7138896045693326,0.7564810677619308,0.1014873140857392,0.2299212598425196
xgb_nowww,full,aligned_natural,hannousse,44,cross,url_dedup,11420,5705,0.7136514684130741,0.755980244852639,0.1013146362839614,0.2297984224364592
xgb_nowww,full,aligned_natural,hannousse,44,cross,domain_dedup,11147,5542,0.7142286089744972,0.7552757295123439,0.1030313966077228,0.2331288343558282
xgb_nowww,full,aligned_natural,ebbu2017,44,cross,raw,60000,30360,0.8687761015363991,0.8729063090268505,0.1297760210803689,0.2848484848484848
xgb_nowww,full,aligned_natural,ebbu2017,44,cross,url_dedup,59996,30358,0.8687915443269976,0.8729207839544355,0.1297845707885895,0.284867250807036
xgb_nowww,full,aligned_natural,ebbu2017,44,cross,domain_dedup,59061,30082,0.8689511594335708,0.874355913934585,0.1290805132637457,0.2843893358154378
xgb_nowww,full,aligned_natural,aligned_natural,45,within,raw,3257,1646,0.9417833274126168,0.9389304158558416,0.1543134872417983,0.3863912515188335
xgb_nowww,full,aligned_natural,phiusiil,45,cross,raw,60000,25603,0.5295635001699526,0.5370367969684734,0.028160762410655,0.0742881693551537
xgb_nowww,full,aligned_natural,phiusiil,45,cross,url_dedup,59969,25572,0.529434365652016,0.5365732500579985,0.02815579540122,0.0741044892851556
xgb_nowww,full,aligned_natural,phiusiil,45,cross,domain_dedup,58167,23868,0.5291013274546494,0.5183321077921149,0.0256829227417462,0.0693397016926428
xgb_nowww,full,aligned_natural,mendeley_phishurl,45,cross,raw,60000,18933,0.8445861248975786,0.7393035744155786,0.0935931970633285,0.2434902022922938
xgb_nowww,full,aligned_natural,mendeley_phishurl,45,cross,url_dedup,59993,18926,0.8445455339435582,0.7391832465146332,0.0936278135897706,0.2434745852266723
xgb_nowww,full,aligned_natural,mendeley_phishurl,45,cross,domain_dedup,58198,18416,0.8448267304747451,0.741227094281417,0.0932341442224152,0.2444613379669852
xgb_nowww,full,aligned_natural,kaggle_malicious,45,cross,raw,60000,10831,0.5986804090878031,0.2333919140561538,0.0010156033607238,0.0175422398670482
xgb_nowww,full,aligned_natural,kaggle_malicious,45,cross,url_dedup,59996,10827,0.5985771750375981,0.2332464509456468,0.0010159785720882,0.017548720790616
xgb_nowww,full,aligned_natural,kaggle_malicious,45,cross,domain_dedup,57855,10417,0.598143520227792,0.232932221531123,0.000959969280983,0.0171834501295958
xgb_nowww,full,aligned_natural,hannousse,45,cross,raw,11430,5715,0.7134468165232627,0.7553576274545766,0.1062117235345581,0.2167979002624672
xgb_nowww,full,aligned_natural,hannousse,45,cross,url_dedup,11420,5705,0.713253818732781,0.7548741988352904,0.1060473269062226,0.2166520595968448
xgb_nowww,full,aligned_natural,hannousse,45,cross,domain_dedup,11147,5542,0.7138422639733366,0.7541029888273942,0.1071815229159148,0.2177914110429447
xgb_nowww,full,aligned_natural,ebbu2017,45,cross,raw,60000,30360,0.8699674314212358,0.873444154053662,0.1355731225296442,0.2755599472990777
xgb_nowww,full,aligned_natural,ebbu2017,45,cross,url_dedup,59996,30358,0.8699815738009938,0.8734572622359125,0.135582054153765,0.2755781013241979
xgb_nowww,full,aligned_natural,ebbu2017,45,cross,domain_dedup,59061,30082,0.8700849658230488,0.8747595982527279,0.1367595239678213,0.2760122332291735
xgb_nowww,full,aligned_natural,aligned_natural,46,within,raw,3322,1627,0.936665742004848,0.9283336668321216,0.1235402581438229,0.341118623232944
xgb_nowww,full,aligned_natural,phiusiil,46,cross,raw,60000,25603,0.5159630719914687,0.5155337783659397,0.0207397570597195,0.0570245674335038
xgb_nowww,full,aligned_natural,phiusiil,46,cross,url_dedup,59969,25572,0.5158224535822122,0.5150430723253747,0.0206866885656186,0.0568199593305177
xgb_nowww,full,aligned_natural,phiusiil,46,cross,domain_dedup,58167,23868,0.5150516326828276,0.496538756361754,0.0184766214177978,0.0527065527065527
xgb_nowww,full,aligned_natural,mendeley_phishurl,46,cross,raw,60000,18933,0.8470308456842167,0.7390375837796817,0.0781703903237733,0.2242116938678497
xgb_nowww,full,aligned_natural,mendeley_phishurl,46,cross,url_dedup,59993,18926,0.8469903329324322,0.7389221455630864,0.078199302546761,0.2242417837894959
xgb_nowww,full,aligned_natural,mendeley_phishurl,46,cross,domain_dedup,58198,18416,0.8470640023423051,0.7406374726643612,0.0788444830582102,0.2254561251086012
xgb_nowww,full,aligned_natural,kaggle_malicious,46,cross,raw,60000,10831,0.5963247329606144,0.2318957051804204,0.0010156033607238,0.0168036192410673
xgb_nowww,full,aligned_natural,kaggle_malicious,46,cross,url_dedup,59996,10827,0.5962290290583125,0.2317744591946655,0.0010159785720882,0.0168098272836427
xgb_nowww,full,aligned_natural,kaggle_malicious,46,cross,domain_dedup,57855,10417,0.5960967689103092,0.2315232835191822,0.0010559662090813,0.0170874532014975
xgb_nowww,full,aligned_natural,hannousse,46,cross,raw,11430,5715,0.7117721242849893,0.7538544340614564,0.0929133858267716,0.2307961504811898
xgb_nowww,full,aligned_natural,hannousse,46,cross,url_dedup,11420,5705,0.7116018626506042,0.7534067324674953,0.0927256792287467,0.2308501314636284
xgb_nowww,full,aligned_natural,hannousse,46,cross,domain_dedup,11147,5542,0.7120225857783447,0.7524538481459907,0.0947311439913388,0.2327679538072898
xgb_nowww,full,aligned_natural,ebbu2017,46,cross,raw,60000,30360,0.8694688874086757,0.8736590740594585,0.1280632411067193,0.2821146245059288
xgb_nowww,full,aligned_natural,ebbu2017,46,cross,url_dedup,59996,30358,0.8694830900014799,0.8736724341569508,0.1280716779761512,0.2821332103564135
xgb_nowww,full,aligned_natural,ebbu2017,46,cross,domain_dedup,59061,30082,0.8694952082147003,0.8749068576101402,0.1260886909115085,0.2826939698158367
lr,full,phiusiil,aligned_natural,42,cross,raw,16336,8168,0.3842539559792832,0.4376879592006081,0.0,0.0
lr,full,phiusiil,aligned_natural,42,cross,url_dedup,16305,8137,0.3840244700902528,0.4366751972633753,0.0,0.0
lr,full,phiusiil,aligned_natural,42,cross,domain_dedup,15776,8009,0.3857475069528369,0.4462630142818758,0.0,0.0
lr,full,mendeley_phishurl,aligned_natural,42,cross,raw,16336,8168,0.777075175897245,0.7748812168495833,0.0,0.1194906953966699
lr,full,mendeley_phishurl,aligned_natural,42,cross,url_dedup,16330,8162,0.7769745102300357,0.7746602700392814,0.0,0.1194560156824307
lr,full,mendeley_phishurl,aligned_natural,42,cross,domain_dedup,15668,8088,0.7766314684251596,0.7857968801932376,0.0,0.1217853610286844
lr,full,kaggle_malicious,aligned_natural,42,cross,raw,16336,8168,0.485355443677388,0.5250853339407555,0.0024485798237022,0.0394221351616062
lr,full,kaggle_malicious,aligned_natural,42,cross,url_dedup,16332,8164,0.48557630073455,0.525093335825243,0.0024497795198432,0.0394414502694757
lr,full,kaggle_malicious,aligned_natural,42,cross,domain_dedup,15716,8130,0.4830889766187406,0.5395227327674337,0.0015990159901599,0.0386223862238622
lr,full,hannousse,aligned_natural,42,cross,raw,16336,8168,0.7466815792812256,0.7347646117533765,0.0057541625857002,0.1160626836434867
lr,full,hannousse,aligned_natural,42,cross,url_dedup,16327,8159,0.7465192517975558,0.7343369779786768,0.0056379458266944,0.1158230175266576
lr,full,hannousse,aligned_natural,42,cross,domain_dedup,16011,8121,0.7465693396253654,0.7398702320646381,0.0039404014283955,0.1196896933875138
lr,full,ebbu2017,aligned_natural,42,cross,raw,16336,8168,0.8103954969034219,0.785670735203992,0.0,0.0914544564152791
lr,full,ebbu2017,aligned_natural,42,cross,url_dedup,16333,8167,0.8103784829547512,0.7856505046796223,0.0,0.0914656544630831
lr,full,ebbu2017,aligned_natural,42,cross,domain_dedup,15673,8149,0.8080561396071534,0.7967131825133111,0.0,0.095103693704749
lr,full,aligned_natural,aligned_natural,42,within,raw,3331,1625,0.9089587879880964,0.8850554401960574,0.0129230769230769,0.2055384615384615
lr,full,aligned_natural,phiusiil,42,cross,raw,60000,25603,0.7420938078015061,0.738557396517212,0.0851853298441588,0.188727883451158
lr,full,aligned_natural,phiusiil,42,cross,url_dedup,59969,25572,0.7420886586682045,0.7382985922833782,0.0851321758173001,0.1885265133740028
lr,full,aligned_natural,phiusiil,42,cross,domain_dedup,58167,23868,0.746475085598761,0.7309331034581927,0.0834171275347746,0.1890816155522038
lr,full,aligned_natural,mendeley_phishurl,42,cross,raw,60000,18933,0.8822881049525073,0.8473249654589772,0.2499339777108752,0.4950087149421645
lr,full,aligned_natural,mendeley_phishurl,42,cross,url_dedup,59993,18926,0.8822708237733107,0.8472822936406081,0.2499207439501215,0.4949804501743633
lr,full,aligned_natural,mendeley_phishurl,42,cross,domain_dedup,58198,18416,0.8842807399480077,0.8498856860657225,0.2533123370981755,0.5011946133796699
lr,full,aligned_natural,kaggle_malicious,42,cross,raw,60000,10831,0.5480391962256861,0.2078639349317915,0.002677499769181,0.0091404302465146
lr,full,aligned_natural,kaggle_malicious,42,cross,url_dedup,59996,10827,0.5479892428021456,0.2077946260229271,0.0026784889627782,0.0091438071487946
lr,full,aligned_natural,kaggle_malicious,42,cross,domain_dedup,57855,10417,0.5452631414862982,0.2070875082575272,0.0027839109148507,0.0091197081693385
lr,full,aligned_natural,hannousse,42,cross,raw,11430,5715,0.7180863240738827,0.7469440976529464,0.0901137357830271,0.1709536307961504
lr,full,aligned_natural,hannousse,42,cross,url_dedup,11420,5705,0.7181725903893915,0.7466945310618758,0.0900964066608238,0.1709027169149868
lr,full,aligned_natural,hannousse,42,cross,domain_dedup,11147,5542,0.7213279760331534,0.7466744442996953,0.0896788163118007,0.1715987008300252
lr,full,aligned_natural,ebbu2017,42,cross,raw,60000,30360,0.8607432498057499,0.8600158223784349,0.089262187088274,0.2090250329380764
lr,full,aligned_natural,ebbu2017,42,cross,url_dedup,59996,30358,0.8607857090776033,0.8600768314258175,0.0892680677251465,0.2093023255813953
lr,full,aligned_natural,ebbu2017,42,cross,domain_dedup,59061,30082,0.8587040362448213,0.8596584557183296,0.0887906389202845,0.2071338341865567
lr,full,aligned_natural,aligned_natural,43,within,raw,3239,1629,0.8877860135967269,0.8737329554108488,0.0276243093922651,0.1485573971761817
lr,full,aligned_natural,aligned_natural,44,within,raw,3285,1636,0.9127507076230535,0.9119061366182172,0.1179706601466992,0.3380195599022005
lr,full,aligned_natural,aligned_natural,45,within,raw,3257,1646,0.9093413824911208,0.9065072576829578,0.1184690157958687,0.2934386391251519
lr,full,aligned_natural,aligned_natural,46,within,raw,3322,1627,0.905016562324926,0.8822784748204622,0.0202827289489858,0.1727105101413645
lr,targeted_ablation,phiusiil,aligned_natural,42,cross,raw,16336,8168,0.4487708192238218,0.4855419324412479,0.0,0.0
lr,targeted_ablation,phiusiil,aligned_natural,42,cross,url_dedup,16305,8137,0.4487986145558005,0.4845917655331394,0.0,0.0
lr,targeted_ablation,phiusiil,aligned_natural,42,cross,domain_dedup,15776,8009,0.4496402053676481,0.4929246899255231,0.0,0.0
lr,targeted_ablation,mendeley_phishurl,aligned_natural,42,cross,raw,16336,8168,0.7953948502840928,0.791771491792485,0.0,0.1047992164544564
lr,targeted_ablation,mendeley_phishurl,aligned_natural,42,cross,url_dedup,16330,8162,0.7953440563649755,0.7916278475154548,0.0,0.104876255819652
lr,targeted_ablation,mendeley_phishurl,aligned_natural,42,cross,domain_dedup,15668,8088,0.7927119381395675,0.7982638040553542,0.0,0.1024975272007912
lr,targeted_ablation,kaggle_malicious,aligned_natural,42,cross,raw,16336,8168,0.5594785835001694,0.5726651191330308,0.0215475024485798,0.0580313418217433
lr,targeted_ablation,kaggle_malicious,aligned_natural,42,cross,url_dedup,16332,8164,0.5595547384758388,0.5726369005312271,0.0215580597746202,0.0580597746202841
lr,targeted_ablation,kaggle_malicious,aligned_natural,42,cross,domain_dedup,15716,8130,0.5587892615678068,0.5872824919350368,0.0212792127921279,0.0569495694956949
lr,targeted_ablation,hannousse,aligned_natural,42,cross,raw,16336,8168,0.760384573023797,0.7430487589987014,0.0034280117531831,0.087047012732615
lr,targeted_ablation,hannousse,aligned_natural,42,cross,url_dedup,16327,8159,0.760257948386014,0.7426817649527033,0.0033092290721902,0.0867753401152102
lr,targeted_ablation,hannousse,aligned_natural,42,cross,domain_dedup,16011,8121,0.7608298065897783,0.7488948316775882,0.0032015761605713,0.0937076714690309
lr,targeted_ablation,ebbu2017,aligned_natural,42,cross,raw,16336,8168,0.8426309393649136,0.8210976652648811,0.0,0.1077375122428991
lr,targeted_ablation,ebbu2017,aligned_natural,42,cross,url_dedup,16333,8167,0.842653208144783,0.8211196801795033,0.0,0.1077507040528958
lr,targeted_ablation,ebbu2017,aligned_natural,42,cross,domain_dedup,15673,8149,0.8391325122882434,0.8282845181879861,0.0,0.1045527058534789
lr,targeted_ablation,aligned_natural,aligned_natural,42,within,raw,3331,1625,0.8995970781855891,0.8798971321551631,0.0455384615384615,0.211076923076923
lr,targeted_ablation,aligned_natural,phiusiil,42,cross,raw,60000,25603,0.5761180722746577,0.5642942401133453,0.0494473303909698,0.1003788618521267
lr,targeted_ablation,aligned_natural,phiusiil,42,cross,url_dedup,59969,25572,0.5759254992294884,0.5637448793485959,0.0493899577663069,0.1002268105740653
lr,targeted_ablation,aligned_natural,phiusiil,42,cross,domain_dedup,58167,23868,0.5760090241021771,0.5494665398699449,0.0507792860734037,0.100134070722306
lr,targeted_ablation,aligned_natural,mendeley_phishurl,42,cross,raw,60000,18933,0.8240660559679358,0.7464487307470354,0.1159879575344636,0.26894839697882
lr,targeted_ablation,aligned_natural,mendeley_phishurl,42,cross,url_dedup,59993,18926,0.8240442857493882,0.7463859185300612,0.1159780196555003,0.2689421959209553
lr,targeted_ablation,aligned_natural,mendeley_phishurl,42,cross,domain_dedup,58198,18416,0.8254208660210747,0.7489326231377105,0.1175608166811468,0.2719374456993918
lr,targeted_ablation,aligned_natural,kaggle_malicious,42,cross,raw,60000,10831,0.5560377400003232,0.2092500230484251,0.0003693103129904,0.0128335333764195
lr,targeted_ablation,aligned_natural,kaggle_malicious,42,cross,url_dedup,59996,10827,0.5559428372873871,0.2091438734085257,0.0003694467534866,0.0128382746836612
lr,targeted_ablation,aligned_natural,kaggle_malicious,42,cross,domain_dedup,57855,10417,0.5523654713178611,0.207986123466995,0.0003839877123932,0.0121916098684842
lr,targeted_ablation,aligned_natural,hannousse,42,cross,raw,11430,5715,0.7261030319591504,0.7596209923313338,0.0955380577427821,0.1879265091863517
lr,targeted_ablation,aligned_natural,hannousse,42,cross,url_dedup,11420,5705,0.7262434680327535,0.7594092356954875,0.0955302366345311,0.1877300613496932
lr,targeted_ablation,aligned_natural,hannousse,42,cross,domain_dedup,11147,5542,0.7289805913225773,0.7593019218088946,0.0952724648141465,0.1892818477084085
lr,targeted_ablation,aligned_natural,ebbu2017,42,cross,raw,60000,30360,0.8627839925615955,0.8668938178133924,0.1011198945981554,0.2281620553359683
lr,targeted_ablation,aligned_natural,ebbu2017,42,cross,url_dedup,59996,30358,0.8628210024121312,0.8669474780493669,0.101126556426642,0.228177086764609
lr,targeted_ablation,aligned_natural,ebbu2017,42,cross,domain_dedup,59061,30082,0.8616746597683781,0.8673274325388645,0.1002925337411076,0.2267468918290007
lr,targeted_ablation,aligned_natural,aligned_natural,43,within,raw,3239,1629,0.8774923837739115,0.8601112944773097,0.0135052179251074,0.1098833640270104
lr,targeted_ablation,aligned_natural,aligned_natural,44,within,raw,3285,1636,0.8978435474711651,0.897083108678477,0.0886308068459657,0.3276283618581907
lr,targeted_ablation,aligned_natural,aligned_natural,45,within,raw,3257,1646,0.899805257445584,0.8938634221404976,0.0893074119076549,0.2533414337788578
lr,targeted_ablation,aligned_natural,aligned_natural,46,within,raw,3322,1627,0.8962148696498794,0.8742025255261533,0.018438844499078,0.1634910878918254
lr,host_only,phiusiil,aligned_natural,42,cross,raw,16336,8168,0.6591379032482415,0.6173751292418231,0.0179970617042115,0.0426052889324191
lr,host_only,phiusiil,aligned_natural,42,cross,url_dedup,16305,8137,0.659243713827251,0.6164374315101935,0.0180656261521445,0.0423989185203391
lr,host_only,phiusiil,aligned_natural,42,cross,domain_dedup,15776,8009,0.6579384033698538,0.6248176791154783,0.0196029466849794,0.0449494318891247
lr,host_only,mendeley_phishurl,aligned_natural,42,cross,raw,16336,8168,0.7155216922948158,0.6899466951151212,0.0024485798237022,0.0416258570029383
lr,host_only,mendeley_phishurl,aligned_natural,42,cross,url_dedup,16330,8162,0.7154293273623424,0.6897349036193889,0.0024503798088703,0.0416564567507963
lr,host_only,mendeley_phishurl,aligned_natural,42,cross,domain_dedup,15668,8088,0.7099389238169058,0.6966599022321835,0.0022255192878338,0.0411721068249258
lr,host_only,kaggle_malicious,aligned_natural,42,cross,raw,16336,8168,0.3470650707090377,0.4479733389351344,0.0221596474045053,0.0361165523996082
lr,host_only,kaggle_malicious,aligned_natural,42,cross,url_dedup,16332,8164,0.3471660372860762,0.4479290072851996,0.022170504654581,0.0361342479176874
lr,host_only,kaggle_malicious,aligned_natural,42,cross,domain_dedup,15716,8130,0.3525546346947782,0.4650472012259496,0.0222632226322263,0.0361623616236162
lr,host_only,hannousse,aligned_natural,42,cross,raw,16336,8168,0.7769792472067965,0.7421788475409907,0.0189764936336924,0.0459108716944172
lr,host_only,hannousse,aligned_natural,42,cross,url_dedup,16327,8159,0.7770219270188164,0.7419842491182471,0.0188748621154553,0.04583895085182
lr,host_only,hannousse,aligned_natural,42,cross,domain_dedup,16011,8121,0.7770362291257281,0.7486328491466755,0.0208102450437138,0.0464228543282846
lr,host_only,ebbu2017,aligned_natural,42,cross,raw,16336,8168,0.7973082004760941,0.7864646192750748,0.0241185112634671,0.080435847208619
lr,host_only,ebbu2017,aligned_natural,42,cross,url_dedup,16333,8167,0.7973506367102051,0.7865203889761538,0.0241214644300232,0.0804456960940369
lr,host_only,ebbu2017,aligned_natural,42,cross,domain_dedup,15673,8149,0.7901134498618206,0.790932049970273,0.0241747453675297,0.0721560927721192
lr,host_only,aligned_natural,aligned_natural,42,within,raw,3331,1625,0.8112064207773471,0.7907305000520448,0.032,0.0892307692307692
lr,host_only,aligned_natural,phiusiil,42,cross,raw,60000,25603,0.6685909761259414,0.651709336915468,0.0531187751435378,0.1331484591649416
lr,host_only,aligned_natural,phiusiil,42,cross,url_dedup,59969,25572,0.6683789618646739,0.6512357194515206,0.0530267480056311,0.1328797121852025
lr,host_only,aligned_natural,phiusiil,42,cross,domain_dedup,58167,23868,0.6624683124698989,0.6340004271048226,0.0519105077928607,0.1326881179822356
lr,host_only,aligned_natural,mendeley_phishurl,42,cross,raw,60000,18933,0.803309501619692,0.7285640914326093,0.0783288438176728,0.2528389584323667
lr,host_only,aligned_natural,mendeley_phishurl,42,cross,url_dedup,59993,18926,0.8032793467118879,0.7285062775481124,0.078357814646518,0.2528796364789178
lr,host_only,aligned_natural,mendeley_phishurl,42,cross,domain_dedup,58198,18416,0.8057802540133913,0.7319407835985124,0.0775955690703735,0.2555386620330148
lr,host_only,aligned_natural,kaggle_malicious,42,cross,raw,60000,10831,0.3590200157923742,0.1531444132696903,0.0003693103129904,0.0120949127504385
lr,host_only,aligned_natural,kaggle_malicious,42,cross,url_dedup,59996,10827,0.358891983434676,0.1530783633201612,0.0003694467534866,0.0120993811766879
lr,host_only,aligned_natural,kaggle_malicious,42,cross,domain_dedup,57855,10417,0.3584642018130237,0.1538758892173952,0.0003839877123932,0.0122876067965825
lr,host_only,aligned_natural,hannousse,42,cross,raw,11430,5715,0.7183762244067697,0.7341952918795027,0.0293963254593175,0.084339457567804
lr,host_only,aligned_natural,hannousse,42,cross,url_dedup,11420,5705,0.7182928360948746,0.7337487577214652,0.0292725679228746,0.0839614373356704
lr,host_only,aligned_natural,hannousse,42,cross,domain_dedup,11147,5542,0.7213263985891857,0.7329372118957742,0.0270660411403825,0.081559003969686
lr,host_only,aligned_natural,ebbu2017,42,cross,raw,60000,30360,0.7734909727000688,0.7694756715032482,0.0165678524374176,0.0824769433465085
lr,host_only,aligned_natural,ebbu2017,42,cross,url_dedup,59996,30358,0.773509362603187,0.7695088551577023,0.0165689439357006,0.0824823769681797
lr,host_only,aligned_natural,ebbu2017,42,cross,domain_dedup,59061,30082,0.7735260981521506,0.7712602248740175,0.0166544777607871,0.0808789309221461
lr,host_only,aligned_natural,aligned_natural,43,within,raw,3239,1629,0.7875963228593543,0.7708861898779107,0.0331491712707182,0.056476365868631
lr,host_only,aligned_natural,aligned_natural,44,within,raw,3285,1636,0.8100321228988154,0.8062158892534634,0.0464547677261613,0.1094132029339853
lr,host_only,aligned_natural,aligned_natural,45,within,raw,3257,1646,0.8102921289162525,0.8008050677919458,0.0358444714459295,0.0759416767922235
lr,host_only,aligned_natural,aligned_natural,46,within,raw,3322,1627,0.8201708629995668,0.8122374404220257,0.0288875230485556,0.1536570374923171
tfidf_lr,raw_string,phiusiil,aligned_natural,42,cross,raw,16336,8168,0.7775653789998667,0.766770087700378,0.0063663075416258,0.0635406464250734
tfidf_lr,raw_string,phiusiil,aligned_natural,42,cross,url_dedup,16305,8137,0.7774553294421668,0.7660924347694054,0.0063905616320511,0.0636598254885092
tfidf_lr,raw_string,phiusiil,aligned_natural,42,cross,domain_dedup,15776,8009,0.7751296528884084,0.7697327317213482,0.0057435385191659,0.0631789237108253
tfidf_lr,raw_string,mendeley_phishurl,aligned_natural,42,cross,raw,16336,8168,0.8201022587849096,0.8027761916579875,0.0101616062683643,0.0722331047992164
tfidf_lr,raw_string,mendeley_phishurl,aligned_natural,42,cross,url_dedup,16330,8162,0.8200101081167092,0.802549777374251,0.010169076206812,0.0721636853712325
tfidf_lr,raw_string,mendeley_phishurl,aligned_natural,42,cross,domain_dedup,15668,8088,0.8198919080092597,0.8140122616543389,0.0101384767556874,0.0725766567754698
tfidf_lr,raw_string,kaggle_malicious,aligned_natural,42,cross,raw,16336,8168,0.607528252798,0.5996340029594833,0.0051420176297747,0.0339128305582762
tfidf_lr,raw_string,kaggle_malicious,aligned_natural,42,cross,url_dedup,16332,8164,0.6077020762181355,0.5996462189818648,0.0051445369916707,0.0339294463498285
tfidf_lr,raw_string,kaggle_malicious,aligned_natural,42,cross,domain_dedup,15716,8130,0.6014199459157787,0.6105759392596726,0.0025830258302583,0.0324723247232472
tfidf_lr,raw_string,hannousse,aligned_natural,42,cross,raw,16336,8168,0.8153791047886645,0.8271629349459936,0.0603574926542605,0.2181684622918707
tfidf_lr,raw_string,hannousse,aligned_natural,42,cross,url_dedup,16327,8159,0.8151864828070022,0.8267979905597173,0.0604240715773991,0.2177962985660007
tfidf_lr,raw_string,hannousse,aligned_natural,42,cross,domain_dedup,16011,8121,0.8150608766113422,0.830886692613354,0.0493781553995813,0.2188154168205886
tfidf_lr,raw_string,ebbu2017,aligned_natural,42,cross,raw,16336,8168,0.8041163120982386,0.8298620387182658,0.1068805093046033,0.2443682664054848
tfidf_lr,raw_string,ebbu2017,aligned_natural,42,cross,url_dedup,16333,8167,0.8040463402639386,0.8298168751245415,0.1067711521978694,0.2442757438471899
tfidf_lr,raw_string,ebbu2017,aligned_natural,42,cross,domain_dedup,15673,8149,0.7997057756489007,0.8362670540331796,0.1022211314271689,0.2439563136581175
tfidf_lr,raw_string,aligned_natural,aligned_natural,42,within,raw,3331,1625,0.9696795022093968,0.962657183265796,0.2012307692307692,0.5033846153846154
tfidf_lr,raw_string,aligned_natural,phiusiil,42,cross,raw,60000,25603,0.9247362716718004,0.9190412007879172,0.2359098543139476,0.49310627660821
tfidf_lr,raw_string,aligned_natural,phiusiil,42,cross,url_dedup,59969,25572,0.9246651197454864,0.9188899392807972,0.2356092601282653,0.492765524792742
tfidf_lr,raw_string,aligned_natural,phiusiil,42,cross,domain_dedup,58167,23868,0.9277716594012044,0.9180192131992664,0.2388553712083123,0.4999581028992794
tfidf_lr,raw_string,aligned_natural,mendeley_phishurl,42,cross,raw,60000,18933,0.9416557556823658,0.9066786430549774,0.3000580996144298,0.493424180003169
tfidf_lr,raw_string,aligned_natural,mendeley_phishurl,42,cross,url_dedup,59993,18926,0.9416357640701486,0.9066207812960728,0.3000634048399028,0.4932368170770368
tfidf_lr,raw_string,aligned_natural,mendeley_phishurl,42,cross,domain_dedup,58198,18416,0.9425520531291718,0.908282087779352,0.3026172893136403,0.4948957428323197
tfidf_lr,raw_string,aligned_natural,kaggle_malicious,42,cross,raw,60000,10831,0.6419878380530977,0.3457910069028939,0.0239128427661342,0.0901117163696796
tfidf_lr,raw_string,aligned_natural,kaggle_malicious,42,cross,url_dedup,59996,10827,0.6418651874264809,0.3455520614038755,0.0239216772882608,0.0900526461623718
tfidf_lr,raw_string,aligned_natural,kaggle_malicious,42,cross,domain_dedup,57855,10417,0.641532024118278,0.3462769626553942,0.0244792166650667,0.0914850724776807
tfidf_lr,raw_string,aligned_natural,hannousse,42,cross,raw,11430,5715,0.8481625229917126,0.8391926886118524,0.0335958005249343,0.1662292213473316
tfidf_lr,raw_string,aligned_natural,hannousse,42,cross,url_dedup,11420,5705,0.8480669364182237,0.8389315902564365,0.0336546888694127,0.1665205959684487
tfidf_lr,raw_string,aligned_natural,hannousse,42,cross,domain_dedup,11147,5542,0.850233606574529,0.8399211414746693,0.0346445326596896,0.1697942980873331
tfidf_lr,raw_string,aligned_natural,ebbu2017,42,cross,raw,60000,30360,0.9351242701171192,0.9307749307799462,0.0683135704874835,0.3549407114624506
tfidf_lr,raw_string,aligned_natural,ebbu2017,42,cross,url_dedup,59996,30358,0.9351245048176716,0.9307720620707522,0.0683180710191712,0.3548982146386455
tfidf_lr,raw_string,aligned_natural,ebbu2017,42,cross,domain_dedup,59061,30082,0.9344213592386568,0.9309708901103072,0.0674157303370786,0.3552955255634599
tfidf_lr,raw_string,aligned_natural,aligned_natural,43,within,raw,3239,1629,0.9660676633532748,0.9587451327482982,0.0552486187845303,0.336402701043585
tfidf_lr,raw_string,aligned_natural,aligned_natural,44,within,raw,3285,1636,0.9706690429555735,0.9634749136758431,0.0971882640586797,0.4694376528117359
tfidf_lr,raw_string,aligned_natural,aligned_natural,45,within,raw,3257,1646,0.9630030629338244,0.9594500702624628,0.2108140947752126,0.3942891859052247
tfidf_lr,raw_string,aligned_natural,aligned_natural,46,within,raw,3322,1627,0.9628786354167236,0.9544667150371164,0.0547019053472649,0.4068838352796558
xgb,full,phiusiil,aligned_matched,42,cross,raw,10060,5030,0.4364293760301017,0.45665936313547606,0.0005964214711729623,0.002584493041749503
xgb,full,phiusiil,aligned_matched,42,cross,url_dedup,10036,5006,0.4361374898829159,0.4552032840027019,0.0005992808629644426,0.0025968837395125848
xgb,full,phiusiil,aligned_matched,42,cross,domain_dedup,9721,4916,0.43366812184554837,0.46006394886859786,0.0006102522375915378,0.0026444263628966637
xgb,full,phiusiil,aligned_matched,43,cross,raw,10060,5030,0.4221569390812185,0.44867514975855366,0.0,0.005964214711729622
xgb,full,phiusiil,aligned_matched,43,cross,url_dedup,10036,5006,0.4218370559702115,0.4472849605854164,0.0,0.0059928086296444265
xgb,full,phiusiil,aligned_matched,43,cross,domain_dedup,9721,4916,0.4184076459546394,0.45200466972105857,0.0,0.0058991049633848654
xgb,full,phiusiil,aligned_matched,44,cross,raw,10060,5030,0.45302615717227446,0.4696540069695137,0.0011928429423459245,0.01073558648111332
xgb,full,phiusiil,aligned_matched,44,cross,url_dedup,10036,5006,0.45267247890999984,0.46818352578149575,0.0011985617259288853,0.010587295245705154
xgb,full,phiusiil,aligned_matched,44,cross,domain_dedup,9721,4916,0.4489719482942995,0.47238987012003214,0.0012205044751830757,0.010374288039056143
xgb,full,phiusiil,aligned_matched,45,cross,raw,10060,5030,0.46018916323134745,0.47515715857670704,0.0007952286282306163,0.003976143141153081
xgb,full,phiusiil,aligned_matched,45,cross,url_dedup,10036,5006,0.45974373495344356,0.47349766623228506,0.0007990411506192569,0.003995205753096284
xgb,full,phiusiil,aligned_matched,45,cross,domain_dedup,9721,4916,0.4560575419387013,0.4777650629062757,0.0008136696501220504,0.0040683482506102524
xgb,full,phiusiil,aligned_matched,46,cross,raw,10060,5030,0.4423147200297223,0.46446827803616153,0.00039761431411530816,0.004771371769383698
xgb,full,phiusiil,aligned_matched,46,cross,url_dedup,10036,5006,0.4419330004789481,0.4629750690284336,0.00039952057530962844,0.004794246903715541
xgb,full,phiusiil,aligned_matched,46,cross,domain_dedup,9721,4916,0.43822941335349586,0.467409689740969,0.0004068348250610252,0.004882017900732303
xgb,full,mendeley_phishurl,aligned_matched,42,cross,raw,10060,5030,0.6884014205028279,0.6644259864181469,0.016898608349900597,0.03240556660039762
xgb,full,mendeley_phishurl,aligned_matched,42,cross,url_dedup,10059,5029,0.6883561229560399,0.664348586980111,0.016901968582223106,0.03241201034002784
xgb,full,mendeley_phishurl,aligned_matched,42,cross,domain_dedup,9650,4985,0.6866713538256786,0.6790410095619709,0.015245737211634905,0.03229689067201605
xgb,full,mendeley_phishurl,aligned_matched,43,cross,raw,10060,5030,0.685258054061318,0.6590865838573605,0.0037773359840954273,0.03141153081510934
xgb,full,mendeley_phishurl,aligned_matched,43,cross,url_dedup,10059,5029,0.6852241294725187,0.6590296934089346,0.003778087094849871,0.03141777689401472
xgb,full,mendeley_phishurl,aligned_matched,43,cross,domain_dedup,9650,4985,0.6834887728566191,0.6745221822100169,0.002607823470411234,0.0312938816449348
xgb,full,mendeley_phishurl,aligned_matched,44,cross,raw,10060,5030,0.6841669663924999,0.6616175039349588,0.012127236580516898,0.032803180914512925
xgb,full,mendeley_phishurl,aligned_matched,44,cross,url_dedup,10059,5029,0.6841178026294411,0.6615306323614809,0.012129648041360111,0.032809703718433086
xgb,full,mendeley_phishurl,aligned_matched,44,cross,domain_dedup,9650,4985,0.6826150477154936,0.6766475970870253,0.010230692076228686,0.0324974924774323
xgb,full,mendeley_phishurl,aligned_matched,45,cross,raw,10060,5030,0.6836445936705808,0.6552014676188112,0.011928429423459244,0.03141153081510934
xgb,full,mendeley_phishurl,aligned_matched,45,cross,url_dedup,10059,5029,0.6836035487215898,0.6551324727452239,0.011930801352157487,0.03141777689401472
xgb,full,mendeley_phishurl,aligned_matched,45,cross,domain_dedup,9650,4985,0.6820129627897626,0.6708718355905294,0.010030090270812437,0.03189568706118355
xgb,full,mendeley_phishurl,aligned_matched,46,cross,raw,10060,5030,0.6896364160958702,0.662707592371439,0.012326043737574552,0.03479125248508946
xgb,full,mendeley_phishurl,aligned_matched,46,cross,url_dedup,10059,5029,0.6895962661098431,0.6626402466302646,0.012328494730562736,0.03479817061045934
xgb,full,mendeley_phishurl,aligned_matched,46,cross,domain_dedup,9650,4985,0.6877214279494431,0.6773885805045419,0.006218655967903711,0.034102306920762285
xgb,full,kaggle_malicious,aligned_matched,42,cross,raw,10060,5030,0.6406190886490204,0.6247170275193843,0.006958250497017893,0.036779324055666
xgb,full,kaggle_malicious,aligned_matched,42,cross,url_dedup,10060,5030,0.6406190886490204,0.6247170275193843,0.006958250497017893,0.036779324055666
xgb,full,kaggle_malicious,aligned_matched,42,cross,domain_dedup,9668,5010,0.6370131570264366,0.6399302056780471,0.006986027944111776,0.03812375249500998
xgb,full,kaggle_malicious,aligned_matched,43,cross,raw,10060,5030,0.6427776284638096,0.6270641972732689,0.004771371769383698,0.03260437375745527
xgb,full,kaggle_malicious,aligned_matched,43,cross,url_dedup,10060,5030,0.6427776284638096,0.6270641972732689,0.004771371769383698,0.03260437375745527
xgb,full,kaggle_malicious,aligned_matched,43,cross,domain_dedup,9668,5010,0.6400954852853331,0.6434685523900197,0.009780439121756487,0.0343313373253493
xgb,full,kaggle_malicious,aligned_matched,44,cross,raw,10060,5030,0.6490030789418558,0.6419581137471095,0.006163021868787276,0.04413518886679921
xgb,full,kaggle_malicious,aligned_matched,44,cross,url_dedup,10060,5030,0.6490030789418558,0.6419581137471095,0.006163021868787276,0.04413518886679921
xgb,full,kaggle_malicious,aligned_matched,44,cross,domain_dedup,9668,5010,0.6452245573258807,0.6560033307662244,0.007984031936127744,0.04411177644710579
xgb,full,kaggle_malicious,aligned_matched,45,cross,raw,10060,5030,0.6496960977672731,0.6352150026251431,0.005566600397614314,0.03459244532803181
xgb,full,kaggle_malicious,aligned_matched,45,cross,url_dedup,10060,5030,0.6496960977672731,0.6352150026251431,0.005566600397614314,0.03459244532803181
xgb,full,kaggle_malicious,aligned_matched,45,cross,domain_dedup,9668,5010,0.646669456278512,0.6508124379410848,0.0093812375249501,0.037125748502994015
xgb,full,kaggle_malicious,aligned_matched,46,cross,raw,10060,5030,0.6414950456307877,0.6269199160716473,0.004771371769383698,0.03658051689860835
xgb,full,kaggle_malicious,aligned_matched,46,cross,url_dedup,10060,5030,0.6414950456307877,0.6269199160716473,0.004771371769383698,0.03658051689860835
xgb,full,kaggle_malicious,aligned_matched,46,cross,domain_dedup,9668,5010,0.6385394089450983,0.6420922589451666,0.004790419161676647,0.036726546906187624
xgb,full,hannousse,aligned_matched,42,cross,raw,10060,5030,0.796061859459545,0.7892369052054575,0.04532803180914513,0.13717693836978131
xgb,full,hannousse,aligned_matched,42,cross,url_dedup,10058,5028,0.7960070325857108,0.789120093050335,0.045346062052505964,0.13703261734287986
xgb,full,hannousse,aligned_matched,42,cross,domain_dedup,9845,5010,0.7943357339096369,0.7930393909332928,0.04530938123752495,0.1343313373253493
xgb,full,hannousse,aligned_matched,43,cross,raw,10060,5030,0.7978570525159184,0.7929592611963876,0.07435387673956262,0.13797216699801193
xgb,full,hannousse,aligned_matched,43,cross,url_dedup,10058,5028,0.7978133387424062,0.7928444109893402,0.07438345266507558,0.13782816229116945
xgb,full,hannousse,aligned_matched,43,cross,domain_dedup,9845,5010,0.7963955233276983,0.7969916501465675,0.0720558882235529,0.13532934131736526
xgb,full,hannousse,aligned_matched,44,cross,raw,10060,5030,0.797293218818303,0.791921568972719,0.06481113320079523,0.1544731610337972
xgb,full,hannousse,aligned_matched,44,cross,url_dedup,10058,5028,0.797247145606868,0.7918105787154059,0.06483691328560064,0.15433571996817821
xgb,full,hannousse,aligned_matched,44,cross,domain_dedup,9845,5010,0.7958589542734593,0.7959430081158483,0.06287425149700598,0.14770459081836326
xgb,full,hannousse,aligned_matched,45,cross,raw,10060,5030,0.796052195771692,0.7893481829483822,0.06958250497017893,0.13339960238568588
xgb,full,hannousse,aligned_matched,45,cross,url_dedup,10058,5028,0.7959957439136066,0.7892214152835395,0.06961018297533811,0.13325377883850437
xgb,full,hannousse,aligned_matched,45,cross,domain_dedup,9845,5010,0.7943268788173397,0.7931298496414014,0.06826347305389222,0.13253493013972056
xgb,full,hannousse,aligned_matched,46,cross,raw,10060,5030,0.7985716911256121,0.7922478887475488,0.06620278330019881,0.13996023856858847
xgb,full,hannousse,aligned_matched,46,cross,url_dedup,10058,5028,0.7985235563547909,0.792127224543332,0.0662291169451074,0.13981702466189339
xgb,full,hannousse,aligned_matched,46,cross,domain_dedup,9845,5010,0.7970108387155369,0.7961142290742318,0.05568862275449102,0.13972055888223553
xgb,full,ebbu2017,aligned_matched,42,cross,raw,10060,5030,0.8022553743147478,0.7887199307881552,0.06481113320079523,0.12584493041749503
xgb,full,ebbu2017,aligned_matched,42,cross,url_dedup,10058,5030,0.8022089025117394,0.7887327722685464,0.06481113320079523,0.12584493041749503
xgb,full,ebbu2017,aligned_matched,42,cross,domain_dedup,9657,5023,0.7962974117076125,0.7957140982137549,0.036432410909814854,0.12044594863627314
xgb,full,ebbu2017,aligned_matched,43,cross,raw,10060,5030,0.8002482322763222,0.7892705552092955,0.051888667992047714,0.13558648111332008
xgb,full,ebbu2017,aligned_matched,43,cross,url_dedup,10058,5030,0.8002029390878277,0.7892843711073212,0.051888667992047714,0.13558648111332008
xgb,full,ebbu2017,aligned_matched,43,cross,domain_dedup,9657,5023,0.7947939908015704,0.796947641549514,0.04320127413896078,0.1294047382042604
xgb,full,ebbu2017,aligned_matched,44,cross,raw,10060,5030,0.7996030180744559,0.7877642093324254,0.049105367793240554,0.12067594433399602
xgb,full,ebbu2017,aligned_matched,44,cross,url_dedup,10058,5030,0.7995566378973573,0.7877773905082714,0.049105367793240554,0.12067594433399602
xgb,full,ebbu2017,aligned_matched,44,cross,domain_dedup,9657,5023,0.794175021057645,0.7954970732581857,0.04778021102926538,0.12044594863627314
xgb,full,ebbu2017,aligned_matched,45,cross,raw,10060,5030,0.8044810461287939,0.7921184416900248,0.06003976143141153,0.13896620278330019
xgb,full,ebbu2017,aligned_matched,45,cross,url_dedup,10058,5030,0.8044334035563865,0.7921306362259442,0.06003976143141153,0.13896620278330019
xgb,full,ebbu2017,aligned_matched,45,cross,domain_dedup,9657,5023,0.7989927601913374,0.799513308851024,0.0473820426040215,0.13637268564602828
xgb,full,ebbu2017,aligned_matched,46,cross,raw,10060,5030,0.8031280507808023,0.7905899204115283,0.0584493041749503,0.12544731610337972
xgb,full,ebbu2017,aligned_matched,46,cross,url_dedup,10058,5030,0.8031005494479424,0.7906132414121794,0.0584493041749503,0.12544731610337972
xgb,full,ebbu2017,aligned_matched,46,cross,domain_dedup,9657,5023,0.7976289431154454,0.798320892345464,0.058132590085606214,0.12422854867608998
xgb,full,aligned_matched,aligned_matched,42,within,raw,1978,1036,0.9344940937297624,0.9438728618585042,0.25965250965250963,0.4980694980694981
xgb,full,aligned_matched,phiusiil,42,cross,raw,60000,25603,0.617911248301515,0.6406690834924958,0.04007342889505136,0.13400773346873412
xgb,full,aligned_matched,phiusiil,42,cross,url_dedup,59976,25579,0.617652892532226,0.6401511599761122,0.03983736658978068,0.13358614488447554
xgb,full,aligned_matched,phiusiil,42,cross,domain_dedup,59010,24698,0.6118647341253288,0.6292220145457532,0.03971981536966556,0.13284476475828003
xgb,full,aligned_matched,mendeley_phishurl,42,cross,raw,60000,18933,0.8005038975699799,0.6901606830669876,0.08350499128505784,0.1855490413563619
xgb,full,aligned_matched,mendeley_phishurl,42,cross,url_dedup,59999,18932,0.800493569713504,0.6901295912178014,0.08350940207056835,0.18550602155081344
xgb,full,aligned_matched,mendeley_phishurl,42,cross,domain_dedup,58493,18574,0.8010499654985366,0.6925986124403498,0.08447291913427371,0.18687412512113707
xgb,full,aligned_matched,kaggle_malicious,42,cross,raw,60000,10831,0.5648531365742364,0.21467952802120827,0.00397008586464777,0.018280860493029266
xgb,full,aligned_matched,kaggle_malicious,42,cross,url_dedup,60000,10831,0.5648531365742364,0.21467952802120827,0.00397008586464777,0.018280860493029266
xgb,full,aligned_matched,kaggle_malicious,42,cross,domain_dedup,58128,10551,0.5615802344599083,0.2146767783673986,0.00398066533977822,0.01857643825229836
xgb,full,aligned_matched,hannousse,42,cross,raw,11430,5715,0.7848406941258327,0.818346471825316,0.14068241469816273,0.27541557305336833
xgb,full,aligned_matched,hannousse,42,cross,url_dedup,11427,5712,0.78473832008744,0.8181883580513873,0.1407563025210084,0.27538515406162467
xgb,full,aligned_matched,hannousse,42,cross,domain_dedup,11201,5593,0.7862959749717716,0.8189003833372491,0.14321473270159127,0.27802610405864475
xgb,full,aligned_matched,ebbu2017,42,cross,raw,60000,30360,0.8654461942519723,0.8742089674136583,0.11758893280632411,0.2748353096179183
xgb,full,aligned_matched,ebbu2017,42,cross,url_dedup,59998,30360,0.8654544692162014,0.8742224065294762,0.11758893280632411,0.2748353096179183
xgb,full,aligned_matched,ebbu2017,42,cross,domain_dedup,59107,30101,0.8660934501274975,0.8759369452967578,0.11860071093983589,0.27527324673598885
xgb,full,aligned_matched,aligned_natural,42,cross,raw,16336,8168,0.9849854736982716,0.9856731652038694,0.4943682664054848,0.7788932419196866
xgb,full,aligned_matched,aligned_natural,42,cross,url_dedup,6276,3138,0.9459781026671558,0.9444752173361826,0.29509241555130655,0.4662205226258764
xgb,full,aligned_matched,aligned_natural,42,cross,domain_dedup,3944,3106,0.9404117367724644,0.9813199869832699,0.2933032839665164,0.46522858982614296
xgb,full,aligned_matched,aligned_matched,43,within,raw,1989,1014,0.9182223233702523,0.920409412288673,0.10256410256410256,0.38362919132149903
xgb,full,aligned_matched,phiusiil,43,cross,raw,60000,25603,0.5962656692322894,0.6196234458884802,0.03749560598367379,0.13310940124204196
xgb,full,aligned_matched,phiusiil,43,cross,url_dedup,59976,25579,0.5959758850163793,0.6190579703539187,0.037257124985339535,0.13264787521013333
xgb,full,aligned_matched,phiusiil,43,cross,domain_dedup,59010,24698,0.5906111701350448,0.6085966373533145,0.03737144708073528,0.1325613409992712
xgb,full,aligned_matched,mendeley_phishurl,43,cross,raw,60000,18933,0.8011524532599074,0.6858264608552315,0.08223736333386152,0.17519674642159194
xgb,full,aligned_matched,mendeley_phishurl,43,cross,url_dedup,59999,18932,0.8011421120709243,0.6857938857887101,0.08224170716247622,0.17515317980139447
xgb,full,aligned_matched,mendeley_phishurl,43,cross,domain_dedup,58493,18574,0.8013160367575718,0.687824362234523,0.08328846775061914,0.17648325616453106
xgb,full,aligned_matched,kaggle_malicious,43,cross,raw,60000,10831,0.5714195917123105,0.21738548398380522,0.0036931031299049025,0.018557843227772135
xgb,full,aligned_matched,kaggle_malicious,43,cross,url_dedup,60000,10831,0.5714195917123105,0.21738548398380522,0.0036931031299049025,0.018557843227772135
xgb,full,aligned_matched,kaggle_malicious,43,cross,domain_dedup,58128,10551,0.568164409247292,0.21738685059483073,0.0037911098474078288,0.018386882759927968
xgb,full,aligned_matched,hannousse,43,cross,raw,11430,5715,0.7861298221361874,0.8187165532810625,0.1200349956255468,0.2713910761154856
xgb,full,aligned_matched,hannousse,43,cross,url_dedup,11427,5712,0.7860275431257366,0.818556881764773,0.12009803921568628,0.2713585434173669
xgb,full,aligned_matched,hannousse,43,cross,domain_dedup,11201,5593,0.7877562397769986,0.8193099049685972,0.12193813695691043,0.2749865903808332
xgb,full,aligned_matched,ebbu2017,43,cross,raw,60000,30360,0.8691913385527517,0.8756445597425544,0.11254940711462451,0.2716073781291173
xgb,full,aligned_matched,ebbu2017,43,cross,url_dedup,59998,30360,0.8691984531662296,0.8756565511771639,0.11254940711462451,0.2716073781291173
xgb,full,aligned_matched,ebbu2017,43,cross,domain_dedup,59107,30101,0.8694469958677788,0.8770485506858485,0.11351782332812864,0.27241619879738216
xgb,full,aligned_matched,aligned_natural,43,cross,raw,16336,8168,0.9847599063759962,0.9854963891356352,0.5248530852105778,0.7830558276199804
xgb,full,aligned_matched,aligned_natural,43,cross,url_dedup,6276,3138,0.945466527822969,0.9438978931449638,0.2874442319949012,0.4461440407903123
xgb,full,aligned_matched,aligned_natural,43,cross,domain_dedup,3944,3106,0.9398273723811178,0.9812719948687731,0.3248551191242756,0.4191886670959433
xgb,full,aligned_matched,aligned_matched,44,within,raw,1933,1040,0.9062602291325695,0.916749855392918,0.14038461538461539,0.3211538461538462
xgb,full,aligned_matched,phiusiil,44,cross,raw,60000,25603,0.6166915673746882,0.6305435890734359,0.040346834355348984,0.12275905167363199
xgb,full,aligned_matched,phiusiil,44,cross,url_dedup,59976,25579,0.6164271458712642,0.6300064446111535,0.040111028578130495,0.122366003362133
xgb,full,aligned_matched,phiusiil,44,cross,domain_dedup,59010,24698,0.6106553226156867,0.6188872079710133,0.03992226091181472,0.12183172726536562
xgb,full,aligned_matched,mendeley_phishurl,44,cross,raw,60000,18933,0.7986699933244676,0.6824194868016897,0.08001901441926794,0.17905244810648074
xgb,full,aligned_matched,mendeley_phishurl,44,cross,url_dedup,59999,18932,0.7986594605587276,0.6823853727577314,0.08002324107331502,0.17900908514684133
xgb,full,aligned_matched,mendeley_phishurl,44,cross,domain_dedup,58493,18574,0.798882901545275,0.6846003587974578,0.08075804888553892,0.17939054592441048
xgb,full,aligned_matched,kaggle_malicious,44,cross,raw,60000,10831,0.571694822497034,0.21831800009143892,0.00360077555165728,0.019019481119010247
xgb,full,aligned_matched,kaggle_malicious,44,cross,url_dedup,60000,10831,0.571694822497034,0.21831800009143892,0.00360077555165728,0.019019481119010247
xgb,full,aligned_matched,kaggle_malicious,44,cross,domain_dedup,58128,10551,0.5686358566698557,0.2183474308169007,0.0036015543550374373,0.019050326983224338
xgb,full,aligned_matched,hannousse,44,cross,raw,11430,5715,0.781990801018639,0.814129952639225,0.09011373578302712,0.2610673665791776
xgb,full,aligned_matched,hannousse,44,cross,url_dedup,11427,5712,0.7818852453492333,0.8139641838716871,0.09016106442577031,0.2610294117647059
xgb,full,aligned_matched,hannousse,44,cross,domain_dedup,11201,5593,0.7834245278832084,0.8147071237662373,0.09154300017879492,0.2649740747362775
xgb,full,aligned_matched,ebbu2017,44,cross,raw,60000,30360,0.8634577356917174,0.8713858963293337,0.11241765480895916,0.26956521739130435
xgb,full,aligned_matched,ebbu2017,44,cross,url_dedup,59998,30360,0.8634680180368809,0.8714014183324331,0.11241765480895916,0.26956521739130435
xgb,full,aligned_matched,ebbu2017,44,cross,domain_dedup,59107,30101,0.86414989001965,0.8731904266769385,0.11338493737749576,0.26876183515497826
xgb,full,aligned_matched,aligned_natural,44,cross,raw,16336,8168,0.9846919843665012,0.9853405647002684,0.49081782566111654,0.7785259549461312
xgb,full,aligned_matched,aligned_natural,44,cross,url_dedup,6276,3138,0.9450620917302694,0.943340141544055,0.2498406628425749,0.4502868068833652
xgb,full,aligned_matched,aligned_natural,44,cross,domain_dedup,3944,3106,0.9371203168246232,0.9801244890598175,0.24855119124275596,0.3960077269800386
xgb,full,aligned_matched,aligned_matched,45,within,raw,2034,990,0.9254503850768219,0.9220679081890385,0.08787878787878788,0.4070707070707071
xgb,full,aligned_matched,phiusiil,45,cross,raw,60000,25603,0.6307362545870108,0.6472609631363575,0.048783345701675584,0.15466937468265438
xgb,full,aligned_matched,phiusiil,45,cross,url_dedup,59976,25579,0.6304758659521363,0.6467439378951122,0.04851636107744634,0.15414988858047618
xgb,full,aligned_matched,phiusiil,45,cross,domain_dedup,59010,24698,0.6255463893787996,0.6365543426481107,0.04781763705563204,0.15414203579237185
xgb,full,aligned_matched,mendeley_phishurl,45,cross,raw,60000,18933,0.799838820793731,0.6824716956671966,0.08107537104526488,0.17419320762689483
xgb,full,aligned_matched,mendeley_phishurl,45,cross,url_dedup,59999,18932,0.7998283317593001,0.6824370020570204,0.08107965349672512,0.17414958799915486
xgb,full,aligned_matched,mendeley_phishurl,45,cross,domain_dedup,58493,18574,0.799972594039918,0.6845267518088781,0.07989662969742652,0.17502961128459135
xgb,full,aligned_matched,kaggle_malicious,45,cross,raw,60000,10831,0.5680714152437591,0.21761196247055026,0.003416120395162035,0.016803619241067307
xgb,full,aligned_matched,kaggle_malicious,45,cross,url_dedup,60000,10831,0.5680714152437591,0.21761196247055026,0.003416120395162035,0.016803619241067307
xgb,full,aligned_matched,kaggle_malicious,45,cross,domain_dedup,58128,10551,0.5646160168470556,0.21754784296275403,0.0034119988626670457,0.016965216567150034
xgb,full,aligned_matched,hannousse,45,cross,raw,11430,5715,0.7851767807239318,0.8178508881355464,0.10253718285214349,0.25984251968503935
xgb,full,aligned_matched,hannousse,45,cross,url_dedup,11427,5712,0.7850789331480623,0.8177034015047016,0.10259103641456582,0.25980392156862747
xgb,full,aligned_matched,hannousse,45,cross,domain_dedup,11201,5593,0.786479089921093,0.8183491799126843,0.10423743965671375,0.26264974074736275
xgb,full,aligned_matched,ebbu2017,45,cross,raw,60000,30360,0.866951071509853,0.8748710745279061,0.12025691699604743,0.27098155467720686
xgb,full,aligned_matched,ebbu2017,45,cross,url_dedup,59998,30360,0.8669592613184601,0.874883959500982,0.12025691699604743,0.27098155467720686
xgb,full,aligned_matched,ebbu2017,45,cross,domain_dedup,59107,30101,0.8674310347697629,0.8764364326452446,0.12129165144015149,0.2723165343344075
xgb,full,aligned_matched,aligned_natural,45,cross,raw,16336,8168,0.985600968663934,0.986204055750161,0.48188050930460335,0.7788932419196866
xgb,full,aligned_matched,aligned_natural,45,cross,url_dedup,6276,3138,0.9488129635655127,0.9470672142281894,0.26354365838113447,0.4630337794773741
xgb,full,aligned_matched,aligned_natural,45,cross,domain_dedup,3944,3106,0.9442049186500222,0.9824019736435157,0.2623953638119768,0.4224082421120412
xgb,full,aligned_matched,aligned_matched,46,within,raw,2037,998,0.9261024455069908,0.9248355729205562,0.187374749498998,0.39579158316633267
xgb,full,aligned_matched,phiusiil,46,cross,raw,60000,25603,0.613620621296084,0.6404265330054089,0.03690973714017889,0.16166074288169355
xgb,full,aligned_matched,phiusiil,46,cross,url_dedup,59976,25579,0.6133471366173635,0.639909450455088,0.0367098010086399,0.16122600570780718
xgb,full,aligned_matched,phiusiil,46,cross,domain_dedup,59010,24698,0.6075860323696497,0.628762808264357,0.03615677382784031,0.16009393473155722
xgb,full,aligned_matched,mendeley_phishurl,46,cross,raw,60000,18933,0.80163843659883,0.6945552033697803,0.0874135108012465,0.1999683093012201
xgb,full,aligned_matched,mendeley_phishurl,46,cross,url_dedup,59999,18932,0.8016280259005459,0.6945224464279061,0.08741812803718571,0.1999260511303613
xgb,full,aligned_matched,mendeley_phishurl,46,cross,domain_dedup,58493,18574,0.8020825581407174,0.696903332964888,0.0879724345859804,0.2016797674168192
xgb,full,aligned_matched,kaggle_malicious,46,cross,raw,60000,10831,0.5737333271324693,0.21831226530626643,0.0028621549256762995,0.018096205336534023
xgb,full,aligned_matched,kaggle_malicious,46,cross,url_dedup,60000,10831,0.5737333271324693,0.21831226530626643,0.0028621549256762995,0.018096205336534023
xgb,full,aligned_matched,kaggle_malicious,46,cross,domain_dedup,58128,10551,0.5704337871483539,0.21822303116840383,0.0027485546393706756,0.018292105013742774
xgb,full,aligned_matched,hannousse,46,cross,raw,11430,5715,0.7840121275304279,0.8182057955022449,0.14803149606299212,0.28048993875765527
xgb,full,aligned_matched,hannousse,46,cross,url_dedup,11427,5712,0.7839028546676763,0.818028795059887,0.148109243697479,0.2802871148459384
xgb,full,aligned_matched,hannousse,46,cross,domain_dedup,11201,5593,0.7856443841688192,0.8189326242757697,0.15054532451278382,0.28303236188092257
xgb,full,aligned_matched,ebbu2017,46,cross,raw,60000,30360,0.8629360383450773,0.8717254140654686,0.11406455862977602,0.266403162055336
xgb,full,aligned_matched,ebbu2017,46,cross,url_dedup,59998,30360,0.8629478569290341,0.8717449979586864,0.11406455862977602,0.266403162055336
xgb,full,aligned_matched,ebbu2017,46,cross,domain_dedup,59107,30101,0.8635208074895466,0.8733786406049322,0.11504601176040663,0.26607089465466266
xgb,full,aligned_matched,aligned_natural,46,cross,raw,16336,8168,0.9852933973001828,0.9860446013599893,0.49461312438785504,0.8025220372184133
xgb,full,aligned_matched,aligned_natural,46,cross,url_dedup,6276,3138,0.9464278823167644,0.9453352490594347,0.2587635436583811,0.45825366475462076
xgb,full,aligned_matched,aligned_natural,46,cross,domain_dedup,3944,3106,0.9420879904473136,0.9821226891870563,0.3271088216355441,0.43110109465550545
xgb,full,aligned_natural,aligned_matched,42,cross,raw,10060,5030,0.998137477322941,0.9981455294921101,0.8220675944333996,0.9564612326043738
xgb,full,aligned_natural,aligned_matched,42,cross,url_dedup,0,0,,,,
xgb,full,aligned_natural,aligned_matched,42,cross,domain_dedup,0,0,,,,
xgb,full,aligned_natural,aligned_matched,43,cross,raw,10060,5030,0.9980045176258552,0.998020044505129,0.8371769383697814,0.952286282306163
xgb,full,aligned_natural,aligned_matched,43,cross,url_dedup,0,0,,,,
xgb,full,aligned_natural,aligned_matched,43,cross,domain_dedup,0,0,,,,
xgb,full,aligned_natural,aligned_matched,44,cross,raw,10060,5030,0.9979597761344458,0.997995362586021,0.8339960238568589,0.9560636182902584
xgb,full,aligned_natural,aligned_matched,44,cross,url_dedup,0,0,,,,
xgb,full,aligned_natural,aligned_matched,44,cross,domain_dedup,0,0,,,,
xgb,full,aligned_natural,aligned_matched,45,cross,raw,10060,5030,0.9981480698315078,0.9981600856323725,0.8405566600397615,0.9546719681908549
xgb,full,aligned_natural,aligned_matched,45,cross,url_dedup,0,0,,,,
xgb,full,aligned_natural,aligned_matched,45,cross,domain_dedup,0,0,,,,
xgb,full,aligned_natural,aligned_matched,46,cross,raw,10060,5030,0.9981639190700725,0.9981960749464295,0.8415506958250497,0.958051689860835
xgb,full,aligned_natural,aligned_matched,46,cross,url_dedup,0,0,,,,
xgb,full,aligned_natural,aligned_matched,46,cross,domain_dedup,0,0,,,,
xgb,targeted_ablation,phiusiil,aligned_matched,42,cross,raw,10060,5030,0.410769577366813,0.44315292986779836,0.0,0.0
xgb,targeted_ablation,phiusiil,aligned_matched,42,cross,url_dedup,10036,5006,0.41085877861079634,0.44210937656175936,0.0,0.0
xgb,targeted_ablation,phiusiil,aligned_matched,42,cross,domain_dedup,9721,4916,0.41017078595746737,0.44838805360780287,0.0,0.0
xgb,targeted_ablation,phiusiil,aligned_matched,43,cross,raw,10060,5030,0.4165608535664739,0.44778236497312185,0.0,0.0
xgb,targeted_ablation,phiusiil,aligned_matched,43,cross,url_dedup,10036,5006,0.41661145790061865,0.4466714853374392,0.0,0.0
xgb,targeted_ablation,phiusiil,aligned_matched,43,cross,domain_dedup,9721,4916,0.41574918569533187,0.4528645176747321,0.0,0.0
xgb,targeted_ablation,phiusiil,aligned_matched,44,cross,raw,10060,5030,0.4134350359078136,0.4461709264674483,0.0,0.0
xgb,targeted_ablation,phiusiil,aligned_matched,44,cross,url_dedup,10036,5006,0.4135277627086065,0.44512307873723367,0.0,0.0
xgb,targeted_ablation,phiusiil,aligned_matched,44,cross,domain_dedup,9721,4916,0.41292132381766006,0.4514863609605292,0.0,0.0
xgb,targeted_ablation,phiusiil,aligned_matched,45,cross,raw,10060,5030,0.4237402622041113,0.4537095940507779,0.0,0.0
xgb,targeted_ablation,phiusiil,aligned_matched,45,cross,url_dedup,10036,5006,0.4238272125139694,0.45262792990303635,0.0,0.0
xgb,targeted_ablation,phiusiil,aligned_matched,45,cross,domain_dedup,9721,4916,0.4231903047154738,0.458946574014499,0.0,0.0
xgb,targeted_ablation,phiusiil,aligned_matched,46,cross,raw,10060,5030,0.4182702393985985,0.4488070714740158,0.0,0.0
xgb,targeted_ablation,phiusiil,aligned_matched,46,cross,url_dedup,10036,5006,0.418352410506994,0.4477443624302469,0.0,0.0
xgb,targeted_ablation,phiusiil,aligned_matched,46,cross,domain_dedup,9721,4916,0.4174078313798771,0.4538125773021912,0.0,0.0
xgb,targeted_ablation,mendeley_phishurl,aligned_matched,42,cross,raw,10060,5030,0.7159915457552893,0.7268132389993166,0.02246520874751491,0.09184890656063618
xgb,targeted_ablation,mendeley_phishurl,aligned_matched,42,cross,url_dedup,10059,5029,0.7159560631834366,0.7267606393288196,0.022469675879896598,0.09186717041161264
xgb,targeted_ablation,mendeley_phishurl,aligned_matched,42,cross,domain_dedup,9650,4985,0.7106932802695332,0.733575070467092,0.01925777331995988,0.09007021063189569
xgb,targeted_ablation,mendeley_phishurl,aligned_matched,43,cross,raw,10060,5030,0.7211147231916651,0.7364407708617644,0.02107355864811133,0.11669980119284294
xgb,targeted_ablation,mendeley_phishurl,aligned_matched,43,cross,url_dedup,10059,5029,0.721074645782098,0.7363811632875358,0.021077749055478226,0.11672300656194075
xgb,targeted_ablation,mendeley_phishurl,aligned_matched,43,cross,domain_dedup,9650,4985,0.7163176130750236,0.7434329595002414,0.0028084252758274826,0.11534603811434303
xgb,targeted_ablation,mendeley_phishurl,aligned_matched,44,cross,raw,10060,5030,0.7197726167843831,0.7349859294115193,0.023658051689860835,0.10815109343936381
xgb,targeted_ablation,mendeley_phishurl,aligned_matched,44,cross,url_dedup,10059,5029,0.7197291692280202,0.7349191786024579,0.02366275601511235,0.10817259892622788
xgb,targeted_ablation,mendeley_phishurl,aligned_matched,44,cross,domain_dedup,9650,4985,0.7144925451595945,0.7414373457315568,0.023671013039117353,0.10290872617853561
xgb,targeted_ablation,mendeley_phishurl,aligned_matched,45,cross,raw,10060,5030,0.7188311482990724,0.7313200701382467,0.01809145129224652,0.09224652087475149
xgb,targeted_ablation,mendeley_phishurl,aligned_matched,45,cross,url_dedup,10059,5029,0.7187831847649437,0.7312402704947355,0.018095048717438854,0.0922648637900179
xgb,targeted_ablation,mendeley_phishurl,aligned_matched,45,cross,domain_dedup,9650,4985,0.7131039635519635,0.7374152300710503,0.01444332998996991,0.09127382146439318
xgb,targeted_ablation,mendeley_phishurl,aligned_matched,46,cross,raw,10060,5030,0.7191287266460877,0.730143061152172,0.011530815109343936,0.09363817097415507
xgb,targeted_ablation,mendeley_phishurl,aligned_matched,46,cross,url_dedup,10059,5029,0.7190916936242953,0.7300882532407151,0.011533107973752238,0.09365679061443627
xgb,targeted_ablation,mendeley_phishurl,aligned_matched,46,cross,domain_dedup,9650,4985,0.714549156580137,0.7378500004972091,0.003811434302908726,0.09187562688064192
xgb,targeted_ablation,kaggle_malicious,aligned_matched,42,cross,raw,10060,5030,0.6223323676232861,0.581865168793468,0.004771371769383698,0.02147117296222664
xgb,targeted_ablation,kaggle_malicious,aligned_matched,42,cross,url_dedup,10060,5030,0.6223323676232861,0.581865168793468,0.004771371769383698,0.02147117296222664
xgb,targeted_ablation,kaggle_malicious,aligned_matched,42,cross,domain_dedup,9668,5010,0.620424886594351,0.5984632063730007,0.004790419161676647,0.02155688622754491
xgb,targeted_ablation,kaggle_malicious,aligned_matched,43,cross,raw,10060,5030,0.6207365548261128,0.5810483625291442,0.00536779324055666,0.01868787276341948
xgb,targeted_ablation,kaggle_malicious,aligned_matched,43,cross,url_dedup,10060,5030,0.6207365548261128,0.5810483625291442,0.00536779324055666,0.01868787276341948
xgb,targeted_ablation,kaggle_malicious,aligned_matched,43,cross,domain_dedup,9668,5010,0.619460842162819,0.5981840678748618,0.005389221556886228,0.019161676646706587
xgb,targeted_ablation,kaggle_malicious,aligned_matched,44,cross,raw,10060,5030,0.6206169938618784,0.5773372187667207,0.0019880715705765406,0.020278330019880716
xgb,targeted_ablation,kaggle_malicious,aligned_matched,44,cross,url_dedup,10060,5030,0.6206169938618784,0.5773372187667207,0.0019880715705765406,0.020278330019880716
xgb,targeted_ablation,kaggle_malicious,aligned_matched,44,cross,domain_dedup,9668,5010,0.6187619822613254,0.593980422974435,0.001996007984031936,0.02155688622754491
xgb,targeted_ablation,kaggle_malicious,aligned_matched,45,cross,raw,10060,5030,0.6162088502780533,0.5770140541483834,0.0031809145129224653,0.02286282306163022
xgb,targeted_ablation,kaggle_malicious,aligned_matched,45,cross,url_dedup,10060,5030,0.6162088502780533,0.5770140541483834,0.0031809145129224653,0.02286282306163022
xgb,targeted_ablation,kaggle_malicious,aligned_matched,45,cross,domain_dedup,9668,5010,0.6148510407266189,0.5942644791845477,0.0031936127744510976,0.02534930139720559
xgb,targeted_ablation,kaggle_malicious,aligned_matched,46,cross,raw,10060,5030,0.6180543775122624,0.579454711993109,0.0035785288270377734,0.02345924453280318
xgb,targeted_ablation,kaggle_malicious,aligned_matched,46,cross,url_dedup,10060,5030,0.6180543775122624,0.579454711993109,0.0035785288270377734,0.02345924453280318
xgb,targeted_ablation,kaggle_malicious,aligned_matched,46,cross,domain_dedup,9668,5010,0.6166915632024915,0.5962714157595608,0.003592814371257485,0.023552894211576848
xgb,targeted_ablation,hannousse,aligned_matched,42,cross,raw,10060,5030,0.7965013695164993,0.7870781155562319,0.04194831013916501,0.12087475149105367
xgb,targeted_ablation,hannousse,aligned_matched,42,cross,url_dedup,10058,5028,0.7964367138458035,0.7869345687237137,0.041964996022275255,0.12072394590294351
xgb,targeted_ablation,hannousse,aligned_matched,42,cross,domain_dedup,9845,5010,0.7944688699127082,0.7908920773656056,0.03952095808383234,0.11896207584830339
xgb,targeted_ablation,hannousse,aligned_matched,43,cross,raw,10060,5030,0.7925425972989103,0.7814960397174606,0.04532803180914513,0.11590457256461233
xgb,targeted_ablation,hannousse,aligned_matched,43,cross,url_dedup,10058,5028,0.7924808744984351,0.7813554801414353,0.045346062052505964,0.11575178997613365
xgb,targeted_ablation,hannousse,aligned_matched,43,cross,domain_dedup,9845,5010,0.7902645587831575,0.7852472047588235,0.04491017964071856,0.11497005988023952
xgb,targeted_ablation,hannousse,aligned_matched,44,cross,raw,10060,5030,0.7963982308929722,0.785446308115943,0.032803180914512925,0.11630218687872763
xgb,targeted_ablation,hannousse,aligned_matched,44,cross,url_dedup,10058,5028,0.7963338505166297,0.7852958684910133,0.03281622911694511,0.11614956245027844
xgb,targeted_ablation,hannousse,aligned_matched,44,cross,domain_dedup,9845,5010,0.794038933508371,0.7890771407918539,0.03173652694610778,0.11516966067864272
xgb,targeted_ablation,hannousse,aligned_matched,45,cross,raw,10060,5030,0.7978814785244793,0.7885718750042274,0.04731610337972167,0.11530815109343936
xgb,targeted_ablation,hannousse,aligned_matched,45,cross,url_dedup,10058,5028,0.7978203373237109,0.7884286070207696,0.04733492442322991,0.11515513126491647
xgb,targeted_ablation,hannousse,aligned_matched,45,cross,domain_dedup,9845,5010,0.7954225365195154,0.7918771140009846,0.04491017964071856,0.11297405189620759
xgb,targeted_ablation,hannousse,aligned_matched,46,cross,raw,10060,5030,0.7953023014991562,0.7852072931464513,0.030417495029821072,0.12087475149105367
xgb,targeted_ablation,hannousse,aligned_matched,46,cross,url_dedup,10058,5028,0.7952449582536603,0.7850716507491085,0.030429594272076373,0.12072394590294351
xgb,targeted_ablation,hannousse,aligned_matched,46,cross,domain_dedup,9845,5010,0.7930767420691193,0.7888936984927815,0.030139720558882234,0.12015968063872255
xgb,targeted_ablation,ebbu2017,aligned_matched,42,cross,raw,10060,5030,0.8426675533281425,0.833363183308103,0.07276341948310139,0.15149105367793242
xgb,targeted_ablation,ebbu2017,aligned_matched,42,cross,url_dedup,10058,5030,0.8426535259406172,0.8333856602011265,0.07276341948310139,0.15149105367793242
xgb,targeted_ablation,ebbu2017,aligned_matched,42,cross,domain_dedup,9657,5023,0.8362543091593088,0.8378080169051969,0.07047581126816643,0.14911407525383238
xgb,targeted_ablation,ebbu2017,aligned_matched,43,cross,raw,10060,5030,0.8449985178392865,0.8346025746427395,0.05685884691848907,0.14691848906560637
xgb,targeted_ablation,ebbu2017,aligned_matched,43,cross,url_dedup,10058,5030,0.8449813845645301,0.8346227615968066,0.05685884691848907,0.14691848906560637
xgb,targeted_ablation,ebbu2017,aligned_matched,43,cross,domain_dedup,9657,5023,0.8383009154866466,0.838736308752082,0.054748158471033245,0.14533147521401552
xgb,targeted_ablation,ebbu2017,aligned_matched,44,cross,raw,10060,5030,0.8442889778624476,0.834674776856554,0.05467196819085487,0.1584493041749503
xgb,targeted_ablation,ebbu2017,aligned_matched,44,cross,url_dedup,10058,5030,0.8442766630131701,0.8346980492364348,0.05467196819085487,0.1584493041749503
xgb,targeted_ablation,ebbu2017,aligned_matched,44,cross,domain_dedup,9657,5023,0.8376587679411006,0.8387715549682426,0.05275731634481386,0.14911407525383238
xgb,targeted_ablation,ebbu2017,aligned_matched,45,cross,raw,10060,5030,0.8443073566552969,0.8345555328855203,0.07157057654075547,0.15427435387673957
xgb,targeted_ablation,ebbu2017,aligned_matched,45,cross,url_dedup,10058,5030,0.8442947723365455,0.8345782354979598,0.07157057654075547,0.15427435387673957
xgb,targeted_ablation,ebbu2017,aligned_matched,45,cross,domain_dedup,9657,5023,0.8375655411950087,0.838614119192869,0.06848496914194704,0.15369301214413697
xgb,targeted_ablation,ebbu2017,aligned_matched,46,cross,raw,10060,5030,0.843887094925477,0.8330726078887034,0.06222664015904573,0.1614314115308151
xgb,targeted_ablation,ebbu2017,aligned_matched,46,cross,url_dedup,10058,5030,0.8438753714783692,0.8330965340972624,0.06222664015904573,0.1614314115308151
xgb,targeted_ablation,ebbu2017,aligned_matched,46,cross,domain_dedup,9657,5023,0.8370915454855012,0.8370822644912571,0.05713716902249651,0.1552856858451125
xgb,targeted_ablation,aligned_matched,aligned_matched,42,within,raw,1978,1036,0.9110298879407159,0.9233831666070975,0.2828185328185328,0.4314671814671815
xgb,targeted_ablation,aligned_matched,phiusiil,42,cross,raw,60000,25603,0.6046120141991429,0.5842153442683305,0.01382650470647971,0.07315548959106355
xgb,targeted_ablation,aligned_matched,phiusiil,42,cross,url_dedup,59976,25579,0.6043469789377127,0.5836132015875681,0.01380038312678369,0.07287227804058016
xgb,targeted_ablation,aligned_matched,phiusiil,42,cross,domain_dedup,59010,24698,0.6014937366917662,0.5749516158271404,0.013887764191432504,0.0731638189327071
xgb,targeted_ablation,aligned_matched,mendeley_phishurl,42,cross,raw,60000,18933,0.7971234026732927,0.6768826296884254,0.048064226482860614,0.1693867849786088
xgb,targeted_ablation,aligned_matched,mendeley_phishurl,42,cross,url_dedup,59999,18932,0.7971127817846438,0.676847399154065,0.04806676526515952,0.1693429114726389
xgb,targeted_ablation,aligned_matched,mendeley_phishurl,42,cross,domain_dedup,58493,18574,0.798139609472399,0.6796133554334702,0.047378055346182835,0.17050716054700119
xgb,targeted_ablation,aligned_matched,kaggle_malicious,42,cross,raw,60000,10831,0.5730207547923076,0.21552024880500442,0.0035084479734096576,0.02160465330994368
xgb,targeted_ablation,aligned_matched,kaggle_malicious,42,cross,url_dedup,60000,10831,0.5730207547923076,0.21552024880500442,0.0035084479734096576,0.02160465330994368
xgb,targeted_ablation,aligned_matched,kaggle_malicious,42,cross,domain_dedup,58128,10551,0.5691615288281355,0.21531802684537593,0.0035067766088522417,0.021135437399298646
xgb,targeted_ablation,aligned_matched,hannousse,42,cross,raw,11430,5715,0.7641912696171071,0.7953935004858028,0.05704286964129484,0.2110236220472441
xgb,targeted_ablation,aligned_matched,hannousse,42,cross,url_dedup,11427,5712,0.7640737922465575,0.7951993609122018,0.05707282913165266,0.2107843137254902
xgb,targeted_ablation,aligned_matched,hannousse,42,cross,domain_dedup,11201,5593,0.7660723180825431,0.7960286113904678,0.057750759878419454,0.20936885392454854
xgb,targeted_ablation,aligned_matched,ebbu2017,42,cross,raw,60000,30360,0.8830835690339409,0.8843212296021616,0.08791172595520422,0.2533267457180501
xgb,targeted_ablation,aligned_matched,ebbu2017,42,cross,url_dedup,59998,30360,0.8830894089736843,0.8843305588764134,0.08791172595520422,0.2533267457180501
xgb,targeted_ablation,aligned_matched,ebbu2017,42,cross,domain_dedup,59107,30101,0.8839480223288255,0.8859428667122565,0.08866815055978207,0.2524500847147935
xgb,targeted_ablation,aligned_matched,aligned_natural,42,cross,raw,16336,8168,0.9821807960834232,0.9831536045863226,0.37757100881488737,0.7536728697355534
xgb,targeted_ablation,aligned_matched,aligned_natural,42,cross,url_dedup,6276,3138,0.94542504329218,0.9460816040899489,0.2555768005098789,0.47068196303377946
xgb,targeted_ablation,aligned_matched,aligned_natural,42,cross,domain_dedup,3944,3106,0.9380197231626521,0.9807245730336962,0.2376046361880232,0.3940759819703799
xgb,targeted_ablation,aligned_matched,aligned_matched,43,within,raw,1989,1014,0.8981575886309615,0.8990251451756508,0.05226824457593689,0.33037475345167655
xgb,targeted_ablation,aligned_matched,phiusiil,43,cross,raw,60000,25603,0.5964466906742669,0.5814831019183018,0.01792758661094403,0.07186657813537477
xgb,targeted_ablation,aligned_matched,phiusiil,43,cross,url_dedup,59976,25579,0.5961732985570596,0.5808919607907919,0.017827123812502444,0.07158215723835959
xgb,targeted_ablation,aligned_matched,phiusiil,43,cross,domain_dedup,59010,24698,0.5926612675571828,0.5713920093283784,0.01757227305854725,0.07182767835452264
xgb,targeted_ablation,aligned_matched,mendeley_phishurl,43,cross,raw,60000,18933,0.7963495964293649,0.6748306987963024,0.05255374214334759,0.1710769555802039
xgb,targeted_ablation,aligned_matched,mendeley_phishurl,43,cross,url_dedup,59999,18932,0.7963389012264339,0.6747941734498601,0.05255651806465244,0.17103317135009508
xgb,targeted_ablation,aligned_matched,mendeley_phishurl,43,cross,domain_dedup,58493,18574,0.7972141297983699,0.6774325493923509,0.05313879616668461,0.1720146441261979
xgb,targeted_ablation,aligned_matched,kaggle_malicious,43,cross,raw,60000,10831,0.578373085094922,0.2183818140385798,0.0038777582864001478,0.02234327393592466
xgb,targeted_ablation,aligned_matched,kaggle_malicious,43,cross,url_dedup,60000,10831,0.578373085094922,0.2183818140385798,0.0038777582864001478,0.02234327393592466
xgb,targeted_ablation,aligned_matched,kaggle_malicious,43,cross,domain_dedup,58128,10551,0.5742313175072685,0.21807166049050827,0.0037911098474078288,0.022462325845891383
xgb,targeted_ablation,aligned_matched,hannousse,43,cross,raw,11430,5715,0.7649739101947339,0.7994493860109206,0.0621172353455818,0.23202099737532808
xgb,targeted_ablation,aligned_matched,hannousse,43,cross,url_dedup,11427,5712,0.7648548833356617,0.7992541251969586,0.06214985994397759,0.23179271708683474
xgb,targeted_ablation,aligned_matched,hannousse,43,cross,domain_dedup,11201,5593,0.7668288807616409,0.8000755358128792,0.06293581262292151,0.23136062935812624
xgb,targeted_ablation,aligned_matched,ebbu2017,43,cross,raw,60000,30360,0.8807876489770083,0.8821791357557194,0.10342555994729907,0.2523056653491436
xgb,targeted_ablation,aligned_matched,ebbu2017,43,cross,url_dedup,59998,30360,0.8807953733060528,0.8821900626750074,0.10342555994729907,0.2523056653491436
xgb,targeted_ablation,aligned_matched,ebbu2017,43,cross,domain_dedup,59107,30101,0.8814810932225616,0.8837314203346779,0.104249028271486,0.2512873326467559
xgb,targeted_ablation,aligned_matched,aligned_natural,43,cross,raw,16336,8168,0.9822659178073386,0.9832215509815536,0.4062193927522037,0.7420421155729677
xgb,targeted_ablation,aligned_matched,aligned_natural,43,cross,url_dedup,6276,3138,0.9449762791757608,0.9454768818196404,0.2801147227533461,0.4684512428298279
xgb,targeted_ablation,aligned_matched,aligned_natural,43,cross,domain_dedup,3944,3106,0.9379609409457712,0.9807745350098811,0.27012234385061173,0.45202833226014166
xgb,targeted_ablation,aligned_matched,aligned_matched,44,within,raw,1933,1040,0.883281290378155,0.896900061505159,0.1673076923076923,0.2625
xgb,targeted_ablation,aligned_matched,phiusiil,44,cross,raw,60000,25603,0.5965184953901573,0.594269631192115,0.021442799671913447,0.09010662812951607
xgb,targeted_ablation,aligned_matched,phiusiil,44,cross,url_dedup,59976,25579,0.596246222539905,0.5936914148215884,0.02134563509128582,0.08976113217874038
xgb,targeted_ablation,aligned_matched,phiusiil,44,cross,domain_dedup,59010,24698,0.5919312646973622,0.5839123138539759,0.021378249250951494,0.08964288606364888
xgb,targeted_ablation,aligned_matched,mendeley_phishurl,44,cross,raw,60000,18933,0.8012024962483641,0.6832951478464308,0.05942006021232768,0.18105952569587494
xgb,targeted_ablation,aligned_matched,mendeley_phishurl,44,cross,url_dedup,59999,18932,0.8011921101130616,0.6832615799019903,0.05942319881681809,0.1810162687513205
xgb,targeted_ablation,aligned_matched,mendeley_phishurl,44,cross,domain_dedup,58493,18574,0.8020070552959115,0.6858599352017949,0.05836114999461613,0.1827285452783461
xgb,targeted_ablation,aligned_matched,kaggle_malicious,44,cross,raw,60000,10831,0.5757907821211694,0.21757565690836075,0.00397008586464777,0.022066291201181792
xgb,targeted_ablation,aligned_matched,kaggle_malicious,44,cross,url_dedup,60000,10831,0.5757907821211694,0.21757565690836075,0.00397008586464777,0.022066291201181792
xgb,targeted_ablation,aligned_matched,kaggle_malicious,44,cross,domain_dedup,58128,10551,0.5717952264331634,0.21728235583317218,0.0038858875935930243,0.02170410387640982
xgb,targeted_ablation,aligned_matched,hannousse,44,cross,raw,11430,5715,0.7711055999889777,0.8036812365703833,0.07541557305336832,0.23184601924759404
xgb,targeted_ablation,aligned_matched,hannousse,44,cross,url_dedup,11427,5712,0.7709891808867029,0.803487617210368,0.07545518207282913,0.23144257703081234
xgb,targeted_ablation,aligned_matched,hannousse,44,cross,domain_dedup,11201,5593,0.772729766778475,0.8041222885351086,0.07634543178973717,0.23100303951367782
xgb,targeted_ablation,aligned_matched,ebbu2017,44,cross,raw,60000,30360,0.8832579647024726,0.8840475870038697,0.09825428194993413,0.26413043478260867
xgb,targeted_ablation,aligned_matched,ebbu2017,44,cross,url_dedup,59998,30360,0.8832674205060784,0.8840611989741474,0.09825428194993413,0.26413043478260867
xgb,targeted_ablation,aligned_matched,ebbu2017,44,cross,domain_dedup,59107,30101,0.8839608952830603,0.8855679361325093,0.09906647619680409,0.2619514301850437
xgb,targeted_ablation,aligned_matched,aligned_natural,44,cross,raw,16336,8168,0.9825439910987769,0.983441891495243,0.4037708129285015,0.7506121449559255
xgb,targeted_ablation,aligned_matched,aligned_natural,44,cross,url_dedup,6276,3138,0.9458654800364455,0.9462619199832653,0.26577437858508607,0.4639898024219248
xgb,targeted_ablation,aligned_matched,aligned_natural,44,cross,domain_dedup,3944,3106,0.9379893715604719,0.9807630494324401,0.2649710238248551,0.437862202189311
xgb,targeted_ablation,aligned_matched,aligned_matched,45,within,raw,2034,990,0.9023225550524401,0.8942730986933645,0.044444444444444446,0.3151515151515151
xgb,targeted_ablation,aligned_matched,phiusiil,45,cross,raw,60000,25603,0.5944115516950618,0.5840570816966814,0.021208452134515488,0.08186540639768777
xgb,targeted_ablation,aligned_matched,phiusiil,45,cross,url_dedup,59976,25579,0.5941449118623171,0.5834683180586893,0.02111106767270026,0.08159036709801008
xgb,targeted_ablation,aligned_matched,phiusiil,45,cross,domain_dedup,59010,24698,0.591064061793724,0.574216404284723,0.020851890841363675,0.08174750991983157
xgb,targeted_ablation,aligned_matched,mendeley_phishurl,45,cross,raw,60000,18933,0.7980851638457113,0.6803343126388827,0.06353985105371573,0.18111234352717479
xgb,targeted_ablation,aligned_matched,mendeley_phishurl,45,cross,url_dedup,59999,18932,0.7980746297716524,0.6803006432283196,0.06354320726811748,0.18106908937249103
xgb,targeted_ablation,aligned_matched,mendeley_phishurl,45,cross,domain_dedup,58493,18574,0.7988451905838299,0.6828241873445089,0.0641218908151179,0.18105954560137827
xgb,targeted_ablation,aligned_matched,kaggle_malicious,45,cross,raw,60000,10831,0.5741471206394417,0.216000260410391,0.004062413442895393,0.019573446588495982
xgb,targeted_ablation,aligned_matched,kaggle_malicious,45,cross,url_dedup,60000,10831,0.5741471206394417,0.216000260410391,0.004062413442895393,0.019573446588495982
xgb,targeted_ablation,aligned_matched,kaggle_malicious,45,cross,domain_dedup,58128,10551,0.569698997157339,0.21558089910243167,0.0036015543550374373,0.019334660221779928
xgb,targeted_ablation,aligned_matched,hannousse,45,cross,raw,11430,5715,0.7648816601336905,0.7998829277173962,0.0799650043744532,0.24864391951006123
xgb,targeted_ablation,aligned_matched,hannousse,45,cross,url_dedup,11427,5712,0.7647648823308851,0.799697051524662,0.08000700280112044,0.24842436974789917
xgb,targeted_ablation,aligned_matched,hannousse,45,cross,domain_dedup,11201,5593,0.7665338436342759,0.8002934595221767,0.08063650992311819,0.24959771142499554
xgb,targeted_ablation,aligned_matched,ebbu2017,45,cross,raw,60000,30360,0.8810971496562172,0.8827692994109007,0.10345849802371541,0.2564229249011858
xgb,targeted_ablation,aligned_matched,ebbu2017,45,cross,url_dedup,59998,30360,0.8811036468289605,0.8827793137011593,0.10345849802371541,0.2564229249011858
xgb,targeted_ablation,aligned_matched,ebbu2017,45,cross,domain_dedup,59107,30101,0.8818226774840913,0.8843263357983012,0.10431547124680243,0.25666921364738715
xgb,targeted_ablation,aligned_matched,aligned_natural,45,cross,raw,16336,8168,0.9824752821742431,0.9833675373296122,0.403281096963761,0.7415523996082273
xgb,targeted_ablation,aligned_matched,aligned_natural,45,cross,url_dedup,6276,3138,0.9454849597503574,0.945839934861832,0.2858508604206501,0.46367112810707456
xgb,targeted_ablation,aligned_matched,aligned_natural,45,cross,domain_dedup,3944,3106,0.936699236369057,0.980152796125276,0.22504829362524148,0.40083708950418545
xgb,targeted_ablation,aligned_matched,aligned_matched,46,within,raw,2037,998,0.8994861715731752,0.8949243515115676,0.18336673346693386,0.3076152304609218
xgb,targeted_ablation,aligned_matched,phiusiil,46,cross,raw,60000,25603,0.6015834769150399,0.5900696752927714,0.019255555989532477,0.08245127524118268
xgb,targeted_ablation,aligned_matched,phiusiil,46,cross,url_dedup,59976,25579,0.6013073428938933,0.5894758657845826,0.019156339184487274,0.08217678564447398
xgb,targeted_ablation,aligned_matched,phiusiil,46,cross,domain_dedup,59010,24698,0.5976503725035736,0.5798063116092312,0.01894890274516155,0.08231435743784922
xgb,targeted_ablation,aligned_matched,mendeley_phishurl,46,cross,raw,60000,18933,0.7975445453624241,0.681432551106954,0.0582052500924312,0.18311942111656895
xgb,targeted_ablation,aligned_matched,mendeley_phishurl,46,cross,url_dedup,59999,18932,0.7975339261394978,0.6813978655086781,0.05820832452989647,0.1830762729769702
xgb,targeted_ablation,aligned_matched,mendeley_phishurl,46,cross,domain_dedup,58493,18574,0.7985573068224001,0.6841326720471164,0.05889953698718639,0.18229783568428987
xgb,targeted_ablation,aligned_matched,kaggle_malicious,46,cross,raw,60000,10831,0.5749378115484223,0.21502676693478237,0.0028621549256762995,0.02095836026221032
xgb,targeted_ablation,aligned_matched,kaggle_malicious,46,cross,url_dedup,60000,10831,0.5749378115484223,0.21502676693478237,0.0028621549256762995,0.02095836026221032
xgb,targeted_ablation,aligned_matched,kaggle_malicious,46,cross,domain_dedup,58128,10551,0.5705025501692006,0.21458510544393336,0.00265377689318548,0.02104065965311345
xgb,targeted_ablation,aligned_matched,hannousse,46,cross,raw,11430,5715,0.7686662395547013,0.8017207383878038,0.0757655293088364,0.22869641294838144
xgb,targeted_ablation,aligned_matched,hannousse,46,cross,url_dedup,11427,5712,0.7685506836155284,0.8015335831449499,0.07580532212885153,0.22846638655462184
xgb,targeted_ablation,aligned_matched,hannousse,46,cross,domain_dedup,11201,5593,0.7701749569527631,0.8020997107295236,0.07670302163418559,0.2265331664580726
xgb,targeted_ablation,aligned_matched,ebbu2017,46,cross,raw,60000,30360,0.8823394718839513,0.8846626852250946,0.1037220026350461,0.26366930171277997
xgb,targeted_ablation,aligned_matched,ebbu2017,46,cross,url_dedup,59998,30360,0.8823495302917834,0.8846779071063726,0.1037220026350461,0.26366930171277997
xgb,targeted_ablation,aligned_matched,ebbu2017,46,cross,domain_dedup,59107,30101,0.8831088756799224,0.8862221171041804,0.10458124314806817,0.26490814258662504
xgb,targeted_ablation,aligned_matched,aligned_natural,46,cross,raw,16336,8168,0.9823797431940993,0.9834776724221205,0.4450293829578844,0.7601616062683644
xgb,targeted_ablation,aligned_matched,aligned_natural,46,cross,url_dedup,6276,3138,0.9455065906072928,0.9464332708248565,0.3103887826641173,0.46590184831102616
xgb,targeted_ablation,aligned_matched,aligned_natural,46,cross,domain_dedup,3944,3106,0.9378522130544162,0.9807399459321644,0.30907920154539603,0.41081777205408887
xgb,targeted_ablation,aligned_natural,aligned_matched,42,cross,raw,10060,5030,0.9953901244619757,0.9954841510540127,0.7600397614314115,0.9
xgb,targeted_ablation,aligned_natural,aligned_matched,42,cross,url_dedup,0,0,,,,
xgb,targeted_ablation,aligned_natural,aligned_matched,42,cross,domain_dedup,0,0,,,,
xgb,targeted_ablation,aligned_natural,aligned_matched,43,cross,raw,10060,5030,0.9959097897703243,0.9959704309404598,0.7721669980119285,0.9067594433399603
xgb,targeted_ablation,aligned_natural,aligned_matched,43,cross,url_dedup,0,0,,,,
xgb,targeted_ablation,aligned_natural,aligned_matched,43,cross,domain_dedup,0,0,,,,
xgb,targeted_ablation,aligned_natural,aligned_matched,44,cross,raw,10060,5030,0.995287677513448,0.9953958696062364,0.7465208747514911,0.8970178926441352
xgb,targeted_ablation,aligned_natural,aligned_matched,44,cross,url_dedup,0,0,,,,
xgb,targeted_ablation,aligned_natural,aligned_matched,44,cross,domain_dedup,0,0,,,,
xgb,targeted_ablation,aligned_natural,aligned_matched,45,cross,raw,10060,5030,0.9958614910932023,0.9959275324662596,0.7387673956262425,0.906361829025845
xgb,targeted_ablation,aligned_natural,aligned_matched,45,cross,url_dedup,0,0,,,,
xgb,targeted_ablation,aligned_natural,aligned_matched,45,cross,domain_dedup,0,0,,,,
xgb,targeted_ablation,aligned_natural,aligned_matched,46,cross,raw,10060,5030,0.9958968653289012,0.9959748094989153,0.7544731610337972,0.9093439363817097
xgb,targeted_ablation,aligned_natural,aligned_matched,46,cross,url_dedup,0,0,,,,
xgb,targeted_ablation,aligned_natural,aligned_matched,46,cross,domain_dedup,0,0,,,,
xgb,host_only,phiusiil,aligned_matched,42,cross,raw,10060,5030,0.609037662691841,0.5741115843485464,0.0009940357852882703,0.02186878727634195
xgb,host_only,phiusiil,aligned_matched,42,cross,url_dedup,10036,5006,0.6088958260028323,0.5724032099807632,0.000998801438274071,0.021574111066719935
xgb,host_only,phiusiil,aligned_matched,42,cross,domain_dedup,9721,4916,0.6033094171466697,0.5745579526554119,0.0006102522375915378,0.023596419853539462
xgb,host_only,phiusiil,aligned_matched,43,cross,raw,10060,5030,0.6174909983439325,0.5851107919587333,0.0011928429423459245,0.025049701789264415
xgb,host_only,phiusiil,aligned_matched,43,cross,url_dedup,10036,5006,0.6173183035228501,0.5833242101042101,0.0011985617259288853,0.024770275669196963
xgb,host_only,phiusiil,aligned_matched,43,cross,domain_dedup,9721,4916,0.6114488653922845,0.585328087937838,0.0012205044751830757,0.023596419853539462
xgb,host_only,phiusiil,aligned_matched,44,cross,raw,10060,5030,0.6117264603235458,0.5797558738022986,0.0015904572564612327,0.02345924453280318
xgb,host_only,phiusiil,aligned_matched,44,cross,url_dedup,10036,5006,0.611611493643016,0.5779972282100647,0.0015980823012385138,0.022972433080303636
xgb,host_only,phiusiil,aligned_matched,44,cross,domain_dedup,9721,4916,0.6065715466242869,0.5806134331037918,0.0016273393002441008,0.021969080553295363
xgb,host_only,phiusiil,aligned_matched,45,cross,raw,10060,5030,0.6043779075052667,0.5711886404216959,0.0007952286282306163,0.018489065606361828
xgb,host_only,phiusiil,aligned_matched,45,cross,url_dedup,10036,5006,0.6041798152356338,0.5693763175633416,0.0007990411506192569,0.018178186176588094
xgb,host_only,phiusiil,aligned_matched,45,cross,domain_dedup,9721,4916,0.5984153339051317,0.5714634849280185,0.0002034174125305126,0.02034174125305126
xgb,host_only,phiusiil,aligned_matched,46,cross,raw,10060,5030,0.6076589567960033,0.5741771918459437,0.00039761431411530816,0.02047713717693837
xgb,host_only,phiusiil,aligned_matched,46,cross,url_dedup,10036,5006,0.607504414186078,0.5725320979685194,0.00039952057530962844,0.020175789053136238
xgb,host_only,phiusiil,aligned_matched,46,cross,domain_dedup,9721,4916,0.6024224664266017,0.5753273705576057,0.0004068348250610252,0.021562245728234338
xgb,host_only,mendeley_phishurl,aligned_matched,42,cross,raw,10060,5030,0.5921310506740867,0.5675642988866599,0.002982107355864811,0.015308151093439365
xgb,host_only,mendeley_phishurl,aligned_matched,42,cross,url_dedup,10059,5029,0.592104126088567,0.5675138072717107,0.0029827003380393717,0.015311195068602108
xgb,host_only,mendeley_phishurl,aligned_matched,42,cross,domain_dedup,9650,4985,0.5837684328440842,0.5753592339587426,0.003009027081243731,0.012637913741223672
xgb,host_only,mendeley_phishurl,aligned_matched,43,cross,raw,10060,5030,0.6009136631503227,0.5760242660083492,0.003976143141153081,0.019085487077534793
xgb,host_only,mendeley_phishurl,aligned_matched,43,cross,url_dedup,10059,5029,0.6008753602860862,0.5759624684442586,0.003976933784052496,0.01908928216345198
xgb,host_only,mendeley_phishurl,aligned_matched,43,cross,domain_dedup,9650,4985,0.5924168862428658,0.5833729529984757,0.003811434302908726,0.01905717151454363
xgb,host_only,mendeley_phishurl,aligned_matched,44,cross,raw,10060,5030,0.6019514127955923,0.5834265478567547,0.002783300198807157,0.02186878727634195
xgb,host_only,mendeley_phishurl,aligned_matched,44,cross,url_dedup,10059,5029,0.6019168346453394,0.5833701017130135,0.0027838536488367467,0.021873135812288724
xgb,host_only,mendeley_phishurl,aligned_matched,44,cross,domain_dedup,9650,4985,0.5942201094172119,0.5916068785725707,0.0028084252758274826,0.01584754262788365
xgb,host_only,mendeley_phishurl,aligned_matched,45,cross,raw,10060,5030,0.5991953448296305,0.576062882818964,0.002783300198807157,0.020278330019880716
xgb,host_only,mendeley_phishurl,aligned_matched,45,cross,url_dedup,10059,5029,0.5991735014450976,0.5760174182535815,0.0027838536488367467,0.020282362298667728
xgb,host_only,mendeley_phishurl,aligned_matched,45,cross,domain_dedup,9650,4985,0.5911078143326012,0.5840956811971552,0.0028084252758274826,0.016850551654964893
xgb,host_only,mendeley_phishurl,aligned_matched,46,cross,raw,10060,5030,0.6045292064709161,0.5811678429261267,0.002385685884691849,0.02047713717693837
xgb,host_only,mendeley_phishurl,aligned_matched,46,cross,url_dedup,10059,5029,0.6044940340063417,0.5811100144671091,0.0023861602704314975,0.020481208987870352
xgb,host_only,mendeley_phishurl,aligned_matched,46,cross,domain_dedup,9650,4985,0.5963283634397297,0.5888121273717191,0.002407221664994985,0.020461384152457372
xgb,host_only,kaggle_malicious,aligned_matched,42,cross,raw,10060,5030,0.4829860202601488,0.4888398264777575,0.0015904572564612327,0.013320079522862823
xgb,host_only,kaggle_malicious,aligned_matched,42,cross,url_dedup,10060,5030,0.4829860202601488,0.4888398264777575,0.0015904572564612327,0.013320079522862823
xgb,host_only,kaggle_malicious,aligned_matched,42,cross,domain_dedup,9668,5010,0.4824448355328844,0.5075874611886262,0.0015968063872255488,0.018962075848303395
xgb,host_only,kaggle_malicious,aligned_matched,43,cross,raw,10060,5030,0.48127983589516576,0.48995960193346655,0.0005964214711729623,0.014910536779324055
xgb,host_only,kaggle_malicious,aligned_matched,43,cross,url_dedup,10060,5030,0.48127983589516576,0.48995960193346655,0.0005964214711729623,0.014910536779324055
xgb,host_only,kaggle_malicious,aligned_matched,43,cross,domain_dedup,9668,5010,0.48101056367299755,0.5090266855500287,0.0005988023952095808,0.01716566866267465
xgb,host_only,kaggle_malicious,aligned_matched,44,cross,raw,10060,5030,0.48289930397732883,0.49089142381441614,0.0011928429423459245,0.01371769383697813
xgb,host_only,kaggle_malicious,aligned_matched,44,cross,url_dedup,10060,5030,0.48289930397732883,0.49089142381441614,0.0011928429423459245,0.01371769383697813
xgb,host_only,kaggle_malicious,aligned_matched,44,cross,domain_dedup,9668,5010,0.4829803038834311,0.5098951207809517,0.0011976047904191617,0.01437125748502994
xgb,host_only,kaggle_malicious,aligned_matched,45,cross,raw,10060,5030,0.48011805904137794,0.48857410037711296,0.0005964214711729623,0.011133200795228629
xgb,host_only,kaggle_malicious,aligned_matched,45,cross,url_dedup,10060,5030,0.48011805904137794,0.48857410037711296,0.0005964214711729623,0.011133200795228629
xgb,host_only,kaggle_malicious,aligned_matched,45,cross,domain_dedup,9668,5010,0.47985049651662753,0.507374273859143,0.0005988023952095808,0.015568862275449102
xgb,host_only,kaggle_malicious,aligned_matched,46,cross,raw,10060,5030,0.4809159753210361,0.4903233029015122,0.0015904572564612327,0.015109343936381709
xgb,host_only,kaggle_malicious,aligned_matched,46,cross,url_dedup,10060,5030,0.4809159753210361,0.4903233029015122,0.0015904572564612327,0.015109343936381709
xgb,host_only,kaggle_malicious,aligned_matched,46,cross,domain_dedup,9668,5010,0.48131009342414355,0.509552508634937,0.0015968063872255488,0.016966067864271458
xgb,host_only,hannousse,aligned_matched,42,cross,raw,10060,5030,0.6214918836879321,0.6168404562701582,0.005566600397614314,0.04294234592445328
xgb,host_only,hannousse,aligned_matched,42,cross,url_dedup,10058,5028,0.6213904718071839,0.6166767517388405,0.005568814638027049,0.04295942720763723
xgb,host_only,hannousse,aligned_matched,42,cross,domain_dedup,9845,5010,0.6166994862395168,0.6215560970454778,0.004191616766467066,0.04231536926147705
xgb,host_only,hannousse,aligned_matched,43,cross,raw,10060,5030,0.6197393570979688,0.6144438119636924,0.009542743538767396,0.0389662027833002
xgb,host_only,hannousse,aligned_matched,43,cross,url_dedup,10058,5028,0.6196321079094249,0.6142706816081459,0.00954653937947494,0.03898170246618934
xgb,host_only,hannousse,aligned_matched,43,cross,domain_dedup,9845,5010,0.6149765412298465,0.6191902227034165,0.009181636726546906,0.038722554890219564
xgb,host_only,hannousse,aligned_matched,44,cross,raw,10060,5030,0.6182187590164776,0.6175031690145734,0.0045725646123260435,0.053479125248508945
xgb,host_only,hannousse,aligned_matched,44,cross,url_dedup,10058,5028,0.6181023247942733,0.6173157647322535,0.004574383452665076,0.053500397772474145
xgb,host_only,hannousse,aligned_matched,44,cross,domain_dedup,9845,5010,0.6133563483168101,0.6220059752186141,0.004590818363273453,0.04930139720558882
xgb,host_only,hannousse,aligned_matched,45,cross,raw,10060,5030,0.6207921852582319,0.6179360143720731,0.009145129224652087,0.04592445328031809
xgb,host_only,hannousse,aligned_matched,45,cross,url_dedup,10058,5028,0.6206821125751458,0.6177543370017606,0.009148766905330152,0.045942720763723154
xgb,host_only,hannousse,aligned_matched,45,cross,domain_dedup,9845,5010,0.6164219441159047,0.622874174688369,0.008982035928143712,0.04570858283433134
xgb,host_only,hannousse,aligned_matched,46,cross,raw,10060,5030,0.61898999640329,0.6168769073665521,0.007753479125248509,0.04950298210735587
xgb,host_only,hannousse,aligned_matched,46,cross,url_dedup,10058,5028,0.6188820537396148,0.6166980328789107,0.007756563245823389,0.049522673031026254
xgb,host_only,hannousse,aligned_matched,46,cross,domain_dedup,9845,5010,0.6142610951829536,0.6215678856334503,0.007784431137724551,0.045109780439121755
xgb,host_only,ebbu2017,aligned_matched,42,cross,raw,10060,5030,0.6896224837851618,0.6613872462009981,0.00874751491053678,0.04493041749502982
xgb,host_only,ebbu2017,aligned_matched,42,cross,url_dedup,10058,5030,0.6896032120720387,0.661429218071391,0.00874751491053678,0.04493041749502982
xgb,host_only,ebbu2017,aligned_matched,42,cross,domain_dedup,9657,5023,0.6761306492508221,0.6677437466704125,0.00875970535536532,0.04300218992633884
xgb,host_only,ebbu2017,aligned_matched,43,cross,raw,10060,5030,0.6899122758478948,0.6627051161666615,0.010934393638170975,0.04095427435387674
xgb,host_only,ebbu2017,aligned_matched,43,cross,url_dedup,10058,5030,0.6898930007860553,0.662746823985853,0.010934393638170975,0.04095427435387674
xgb,host_only,ebbu2017,aligned_matched,43,cross,domain_dedup,9657,5023,0.6761016501477751,0.6687463675146815,0.01094963169420665,0.04001592673700975
xgb,host_only,ebbu2017,aligned_matched,44,cross,raw,10060,5030,0.6870005019584283,0.6580903842473677,0.010934393638170975,0.04592445328031809
xgb,host_only,ebbu2017,aligned_matched,44,cross,url_dedup,10058,5030,0.6869786847728269,0.6581312704541329,0.010934393638170975,0.04592445328031809
xgb,host_only,ebbu2017,aligned_matched,44,cross,domain_dedup,9657,5023,0.6732839039683747,0.664570423554965,0.01094963169420665,0.04419669520207047
xgb,host_only,ebbu2017,aligned_matched,45,cross,raw,10060,5030,0.6910367417759843,0.6641824710460069,0.015308151093439365,0.04493041749502982
xgb,host_only,ebbu2017,aligned_matched,45,cross,url_dedup,10058,5030,0.6910131296548473,0.6642217063628337,0.015308151093439365,0.04493041749502982
xgb,host_only,ebbu2017,aligned_matched,45,cross,domain_dedup,9657,5023,0.6775125531746886,0.670461962180289,0.015329484371889308,0.04340035835158272
xgb,host_only,ebbu2017,aligned_matched,46,cross,raw,10060,5030,0.6914340794200997,0.6642082565754808,0.012326043737574552,0.048111332007952284
xgb,host_only,ebbu2017,aligned_matched,46,cross,url_dedup,10058,5030,0.6914146584296923,0.6642496870643307,0.012326043737574552,0.048111332007952284
xgb,host_only,ebbu2017,aligned_matched,46,cross,domain_dedup,9657,5023,0.6776337909062422,0.6702798995963279,0.012343221182560224,0.04817837945450926
xgb,host_only,aligned_matched,aligned_matched,42,within,raw,1978,1036,0.7654598980235923,0.7815008079195283,0.04247104247104247,0.0859073359073359
xgb,host_only,aligned_matched,phiusiil,42,cross,raw,60000,25603,0.5755750068132214,0.5223292941808931,0.002382533296879272,0.023044174510799514
xgb,host_only,aligned_matched,phiusiil,42,cross,url_dedup,59976,25579,0.5753634904770274,0.5218844531698259,0.0023847687556198443,0.02302670159114899
xgb,host_only,aligned_matched,phiusiil,42,cross,domain_dedup,59010,24698,0.5706920681336254,0.509198007409848,0.002469835614219775,0.022349987853267472
xgb,host_only,aligned_matched,mendeley_phishurl,42,cross,raw,60000,18933,0.6809499737429129,0.5086731745727823,0.004806422648286061,0.0540326414197433
xgb,host_only,aligned_matched,mendeley_phishurl,42,cross,url_dedup,59999,18932,0.6809376449087895,0.5086519835734491,0.004806676526515952,0.05403549545742658
xgb,host_only,aligned_matched,mendeley_phishurl,42,cross,domain_dedup,58493,18574,0.683092633882201,0.511109228347263,0.004899321632389361,0.05464627974588134
xgb,host_only,aligned_matched,kaggle_malicious,42,cross,raw,60000,10831,0.43320778711777036,0.1721827664290314,0.002585172190933432,0.016711291662819684
xgb,host_only,aligned_matched,kaggle_malicious,42,cross,url_dedup,60000,10831,0.43320778711777036,0.1721827664290314,0.002585172190933432,0.016711291662819684
xgb,host_only,aligned_matched,kaggle_malicious,42,cross,domain_dedup,58128,10551,0.4308604558957206,0.17299507556815286,0.002369443654629893,0.016680883328594447
xgb,host_only,aligned_matched,hannousse,42,cross,raw,11430,5715,0.6365229105766853,0.6482316652283866,0.0031496062992125984,0.04164479440069991
xgb,host_only,aligned_matched,hannousse,42,cross,url_dedup,11427,5712,0.6363774381143533,0.6479276040565651,0.0031512605042016808,0.041666666666666664
xgb,host_only,aligned_matched,hannousse,42,cross,domain_dedup,11201,5593,0.636477259887474,0.6475143411819639,0.003218308600035759,0.04112283211156803
xgb,host_only,aligned_matched,ebbu2017,42,cross,raw,60000,30360,0.7223218065623672,0.7128681885282142,0.003590250329380764,0.044005270092226614
xgb,host_only,aligned_matched,ebbu2017,42,cross,url_dedup,59998,30360,0.7223395712968992,0.7128993516383414,0.003590250329380764,0.044005270092226614
xgb,host_only,aligned_matched,ebbu2017,42,cross,domain_dedup,59107,30101,0.7232944033145822,0.7150043528405512,0.0036211421547456897,0.04295538354207502
xgb,host_only,aligned_matched,aligned_natural,42,cross,raw,16336,8168,0.9026524043087331,0.9127552486440489,0.1733594515181195,0.4718413320274241
xgb,host_only,aligned_matched,aligned_natural,42,cross,url_dedup,6276,3138,0.8442396012447999,0.8636353037565034,0.0634161886551944,0.2746972594008923
xgb,host_only,aligned_matched,aligned_natural,42,cross,domain_dedup,3944,3106,0.7991886133082939,0.9343031027211459,0.06342562781712814,0.16194462330972312
xgb,host_only,aligned_matched,aligned_matched,43,within,raw,1989,1014,0.7396126030445557,0.7357682664912808,0.01972386587771203,0.0631163708086785
xgb,host_only,aligned_matched,phiusiil,43,cross,raw,60000,25603,0.578553227654625,0.5245426296925335,0.0017185486075850485,0.025504823653478108
xgb,host_only,aligned_matched,phiusiil,43,cross,url_dedup,59976,25579,0.5783423678061199,0.5240918592684874,0.0017201610696274288,0.025489659486297354
xgb,host_only,aligned_matched,phiusiil,43,cross,domain_dedup,59010,24698,0.5736534950030361,0.5114167885339754,0.0017815207709126245,0.02453639970847842
xgb,host_only,aligned_matched,mendeley_phishurl,43,cross,raw,60000,18933,0.6786104481165923,0.5035297721352004,0.0022711667458934137,0.05625099033433687
xgb,host_only,aligned_matched,mendeley_phishurl,43,cross,url_dedup,59999,18932,0.6785981822071399,0.503508821938465,0.0022712867103317136,0.05625396154658779
xgb,host_only,aligned_matched,mendeley_phishurl,43,cross,domain_dedup,58493,18574,0.6815358088392158,0.5065197870246537,0.00226122536879509,0.05696134381393345
xgb,host_only,aligned_matched,kaggle_malicious,43,cross,raw,60000,10831,0.43336600059773983,0.17193022384977819,0.002954482503923922,0.01578801588034346
xgb,host_only,aligned_matched,kaggle_malicious,43,cross,url_dedup,60000,10831,0.43336600059773983,0.17193022384977819,0.002954482503923922,0.01578801588034346
xgb,host_only,aligned_matched,kaggle_malicious,43,cross,domain_dedup,58128,10551,0.4310442432866116,0.17282912045228077,0.002938110131741067,0.01611221685148327
xgb,host_only,aligned_matched,hannousse,43,cross,raw,11430,5715,0.6368544964250422,0.6468662829089848,0.0017497812773403325,0.03972003499562555
xgb,host_only,aligned_matched,hannousse,43,cross,url_dedup,11427,5712,0.6367156311343435,0.6465674300619888,0.0017507002801120449,0.039740896358543415
xgb,host_only,aligned_matched,hannousse,43,cross,domain_dedup,11201,5593,0.637151024704051,0.6464302607444018,0.0017879492222420883,0.0404076524226712
xgb,host_only,aligned_matched,ebbu2017,43,cross,raw,60000,30360,0.7247544318604101,0.7136036997202145,0.0048089591567852434,0.04384057971014493
xgb,host_only,aligned_matched,ebbu2017,43,cross,url_dedup,59998,30360,0.724773234268829,0.7136354666233704,0.0048089591567852434,0.04384057971014493
xgb,host_only,aligned_matched,ebbu2017,43,cross,domain_dedup,59107,30101,0.7258035436160348,0.7157874778999874,0.004817115710441513,0.044084914122454404
xgb,host_only,aligned_matched,aligned_natural,43,cross,raw,16336,8168,0.9021433377284662,0.912331158507206,0.18964250734573948,0.44662095984329087
xgb,host_only,aligned_matched,aligned_natural,43,cross,url_dedup,6276,3138,0.8444440280758367,0.8640908972246064,0.08508604206500955,0.33492670490758447
xgb,host_only,aligned_matched,aligned_natural,43,cross,domain_dedup,3944,3106,0.7998444384338881,0.9347057771582059,0.0853187379265937,0.17868641339343205
xgb,host_only,aligned_matched,aligned_matched,44,within,raw,1933,1040,0.7441995434576623,0.7696895341802847,0.028846153846153848,0.11442307692307692
xgb,host_only,aligned_matched,phiusiil,44,cross,raw,60000,25603,0.574686591508634,0.5248866491414637,0.0042573135960629616,0.03167597547162442
xgb,host_only,aligned_matched,phiusiil,44,cross,url_dedup,59976,25579,0.5744670857598029,0.5244311494564866,0.004261308104304312,0.031627506939286135
xgb,host_only,aligned_matched,phiusiil,44,cross,domain_dedup,59010,24698,0.570226289983089,0.5125298398296955,0.004413312818851729,0.030893189731962103
xgb,host_only,aligned_matched,mendeley_phishurl,44,cross,raw,60000,18933,0.6803555303822327,0.5099651300363065,0.007288860719378862,0.06179686262082079
xgb,host_only,aligned_matched,mendeley_phishurl,44,cross,url_dedup,59999,18932,0.6803431032665305,0.5099438131653765,0.007289245721529686,0.06180012676949081
xgb,host_only,aligned_matched,mendeley_phishurl,44,cross,domain_dedup,58493,18574,0.6824177329664337,0.5127053879372376,0.007268224399698504,0.061752988047808766
xgb,host_only,aligned_matched,kaggle_malicious,44,cross,raw,60000,10831,0.43133137071993044,0.17172609182291043,0.0024005170344381867,0.016434308928076815
xgb,host_only,aligned_matched,kaggle_malicious,44,cross,url_dedup,60000,10831,0.43133137071993044,0.17172609182291043,0.0024005170344381867,0.016434308928076815
xgb,host_only,aligned_matched,kaggle_malicious,44,cross,domain_dedup,58128,10551,0.429275120445997,0.17256217209191332,0.0024642214008150885,0.016491327836224055
xgb,host_only,aligned_matched,hannousse,44,cross,raw,11430,5715,0.6406604467529922,0.653698198855506,0.0055993000874890635,0.04636920384951881
xgb,host_only,aligned_matched,hannousse,44,cross,url_dedup,11427,5712,0.6405308711411074,0.653398020307875,0.0056022408963585435,0.04604341736694678
xgb,host_only,aligned_matched,hannousse,44,cross,domain_dedup,11201,5593,0.640736934133838,0.6532036658354419,0.005721437511174683,0.04577150008939746
xgb,host_only,aligned_matched,ebbu2017,44,cross,raw,60000,30360,0.7195877061852463,0.712568825377836,0.005171277997364954,0.04291831357048748
xgb,host_only,aligned_matched,ebbu2017,44,cross,url_dedup,59998,30360,0.7196066089220112,0.7126011178566916,0.005171277997364954,0.04291831357048748
xgb,host_only,aligned_matched,ebbu2017,44,cross,domain_dedup,59107,30101,0.7202361240542804,0.7145610889599596,0.0052157735623401215,0.040829208331949106
xgb,host_only,aligned_matched,aligned_natural,44,cross,raw,16336,8168,0.9031515632539395,0.9131946040133342,0.196743388834476,0.4591087169441724
xgb,host_only,aligned_matched,aligned_natural,44,cross,url_dedup,6276,3138,0.8459787018317375,0.8648804507570085,0.05162523900573614,0.31676226896112175
xgb,host_only,aligned_matched,aligned_natural,44,cross,domain_dedup,3944,3106,0.8011829825097931,0.9347699017846809,0.05183515775917579,0.18351577591757887
xgb,host_only,aligned_matched,aligned_matched,45,within,raw,2034,990,0.7634607569952399,0.7544683720236502,0.09696969696969697,0.1101010101010101
xgb,host_only,aligned_matched,phiusiil,45,cross,raw,60000,25603,0.5755152157271323,0.5227116698969391,0.002929344217474515,0.025192360270280826
xgb,host_only,aligned_matched,phiusiil,45,cross,url_dedup,59976,25579,0.575300077873287,0.5222621314594422,0.002932092732319481,0.025215997497947534
xgb,host_only,aligned_matched,phiusiil,45,cross,domain_dedup,59010,24698,0.5707391311760452,0.509681980659715,0.003036683132237428,0.024860312575917077
xgb,host_only,aligned_matched,mendeley_phishurl,45,cross,raw,60000,18933,0.6763448297702466,0.5042820692928089,0.005176147467384989,0.05709607563513442
xgb,host_only,aligned_matched,mendeley_phishurl,45,cross,url_dedup,59999,18932,0.6763325380824627,0.5042614369972412,0.005176420874709486,0.05709909148531587
xgb,host_only,aligned_matched,mendeley_phishurl,45,cross,domain_dedup,58493,18574,0.6782104386989338,0.5064982938461886,0.0052761925271885435,0.05733821470873264
xgb,host_only,aligned_matched,kaggle_malicious,45,cross,raw,60000,10831,0.43033334037555904,0.17067291109012134,0.0020312067214476965,0.01661896408457206
xgb,host_only,aligned_matched,kaggle_malicious,45,cross,url_dedup,60000,10831,0.43033334037555904,0.17067291109012134,0.0020312067214476965,0.01661896408457206
xgb,host_only,aligned_matched,kaggle_malicious,45,cross,domain_dedup,58128,10551,0.4280449430705715,0.17152059078099663,0.002085110416074306,0.01611221685148327
xgb,host_only,aligned_matched,hannousse,45,cross,raw,11430,5715,0.6368391265177592,0.6474703698713451,0.004199475065616798,0.04461942257217848
xgb,host_only,aligned_matched,hannousse,45,cross,url_dedup,11427,5712,0.6367071150419923,0.6471831434803008,0.004201680672268907,0.044642857142857144
xgb,host_only,aligned_matched,hannousse,45,cross,domain_dedup,11201,5593,0.6373987806492373,0.6471885768303598,0.004291078133381012,0.04505632040050062
xgb,host_only,aligned_matched,ebbu2017,45,cross,raw,60000,30360,0.7213906213605871,0.7127152824121294,0.004578392621870883,0.04799077733860343
xgb,host_only,aligned_matched,ebbu2017,45,cross,url_dedup,59998,30360,0.7214094168224551,0.7127483169585808,0.004578392621870883,0.04799077733860343
xgb,host_only,aligned_matched,ebbu2017,45,cross,domain_dedup,59107,30101,0.7221087640856857,0.7147334018378312,0.0046177867844922095,0.045779209993023484
xgb,host_only,aligned_matched,aligned_natural,45,cross,raw,16336,8168,0.9015845680954606,0.9119006187188541,0.18352105778648384,0.4533545543584721
xgb,host_only,aligned_matched,aligned_natural,45,cross,url_dedup,6276,3138,0.8427557041483718,0.8624786840589327,0.06883365200764818,0.28967495219885275
xgb,host_only,aligned_matched,aligned_natural,45,cross,domain_dedup,3944,3106,0.7965645444109254,0.9334498928112434,0.06889890534449453,0.17160334835801674
xgb,host_only,aligned_matched,aligned_matched,46,within,raw,2037,998,0.748853819284382,0.7390560103656808,0.05410821643286573,0.1062124248496994
xgb,host_only,aligned_matched,phiusiil,46,cross,raw,60000,25603,0.5763304444077507,0.5255081690065337,0.003007460063273835,0.026246924188571653
xgb,host_only,aligned_matched,phiusiil,46,cross,url_dedup,59976,25579,0.576112501494489,0.5250592490641379,0.003010281871848,0.026271550881582548
xgb,host_only,aligned_matched,phiusiil,46,cross,domain_dedup,59010,24698,0.5716380473225448,0.5126186378226854,0.0030771722406672604,0.02522471455178557
xgb,host_only,aligned_matched,mendeley_phishurl,46,cross,raw,60000,18933,0.6788683876040055,0.5061370011585398,0.005704325780383457,0.04938467226535678
xgb,host_only,aligned_matched,mendeley_phishurl,46,cross,url_dedup,59999,18932,0.6788561957707583,0.5061163415903168,0.005704627086414536,0.049387280794422145
xgb,host_only,aligned_matched,mendeley_phishurl,46,cross,domain_dedup,58493,18574,0.6815101073644194,0.5088090877004455,0.0051685151286744915,0.04990847421126306
xgb,host_only,aligned_matched,kaggle_malicious,46,cross,raw,60000,10831,0.4320153090988422,0.17082472868202403,0.0024005170344381867,0.015234050410857724
xgb,host_only,aligned_matched,kaggle_malicious,46,cross,url_dedup,60000,10831,0.4320153090988422,0.17082472868202403,0.0024005170344381867,0.015234050410857724
xgb,host_only,aligned_matched,kaggle_malicious,46,cross,domain_dedup,58128,10551,0.4294250890923663,0.17154333431213048,0.0024642214008150885,0.014311439673964553
xgb,host_only,aligned_matched,hannousse,46,cross,raw,11430,5715,0.6406738571501833,0.6509540880414875,0.0029746281714785653,0.04146981627296588
xgb,host_only,aligned_matched,hannousse,46,cross,url_dedup,11427,5712,0.6405404900367847,0.6506509733731016,0.002976190476190476,0.04114145658263305
xgb,host_only,aligned_matched,hannousse,46,cross,domain_dedup,11201,5593,0.6412736377216987,0.6506008577363014,0.00303951367781155,0.04165921687824066
xgb,host_only,aligned_matched,ebbu2017,46,cross,raw,60000,30360,0.7254961064393273,0.7141759771886013,0.00424901185770751,0.042061923583662716
xgb,host_only,aligned_matched,ebbu2017,46,cross,url_dedup,59998,30360,0.7255159679989217,0.7142106584481783,0.00424901185770751,0.042061923583662716
xgb,host_only,aligned_matched,ebbu2017,46,cross,domain_dedup,59107,30101,0.7262124928447987,0.7161756046282619,0.004285571907910036,0.04179263147403741
xgb,host_only,aligned_matched,aligned_natural,46,cross,raw,16336,8168,0.903247147200657,0.9131241829700583,0.18866307541625857,0.46645445641527916
xgb,host_only,aligned_matched,aligned_natural,46,cross,url_dedup,6276,3138,0.8449566692298724,0.8641581933799098,0.05991077119184194,0.3078393881453155
xgb,host_only,aligned_matched,aligned_natural,46,cross,domain_dedup,3944,3106,0.7980156583531453,0.9339912171929411,0.05988409529942048,0.17643271088216356
xgb,host_only,aligned_natural,aligned_matched,42,cross,raw,10060,5030,0.9201483544063649,0.9291101087517379,0.4286282306163022,0.5272365805168986
xgb,host_only,aligned_natural,aligned_matched,42,cross,url_dedup,0,0,,,,
xgb,host_only,aligned_natural,aligned_matched,42,cross,domain_dedup,0,0,,,,
xgb,host_only,aligned_natural,aligned_matched,43,cross,raw,10060,5030,0.9192291380939018,0.9284810546056514,0.42703777335984094,0.531013916500994
xgb,host_only,aligned_natural,aligned_matched,43,cross,url_dedup,0,0,,,,
xgb,host_only,aligned_natural,aligned_matched,43,cross,domain_dedup,0,0,,,,
xgb,host_only,aligned_natural,aligned_matched,44,cross,raw,10060,5030,0.9208108604832239,0.9296878136668756,0.4349900596421471,0.5339960238568588
xgb,host_only,aligned_natural,aligned_matched,44,cross,url_dedup,0,0,,,,
xgb,host_only,aligned_natural,aligned_matched,44,cross,domain_dedup,0,0,,,,
xgb,host_only,aligned_natural,aligned_matched,45,cross,raw,10060,5030,0.9203796110019802,0.9293685572455813,0.4280318091451292,0.5437375745526839
xgb,host_only,aligned_natural,aligned_matched,45,cross,url_dedup,0,0,,,,
xgb,host_only,aligned_natural,aligned_matched,45,cross,domain_dedup,0,0,,,,
xgb,host_only,aligned_natural,aligned_matched,46,cross,raw,10060,5030,0.9212578999166038,0.9301172602019874,0.43658051689860833,0.5330019880715706
xgb,host_only,aligned_natural,aligned_matched,46,cross,url_dedup,0,0,,,,
xgb,host_only,aligned_natural,aligned_matched,46,cross,domain_dedup,0,0,,,,
xgb_nowww,host_only,phiusiil,aligned_matched,42,cross,raw,10060,5030,0.4239848384840065,0.4810797892503349,0.002186878727634195,0.011530815109343936
xgb_nowww,host_only,phiusiil,aligned_matched,42,cross,url_dedup,10036,5006,0.4238669461457384,0.47931581607567075,0.001997602876548142,0.010986815821014783
xgb_nowww,host_only,phiusiil,aligned_matched,42,cross,domain_dedup,9721,4916,0.42198150573759874,0.4857348280705081,0.0014239218877135883,0.014442636289666395
xgb_nowww,host_only,phiusiil,aligned_matched,43,cross,raw,10060,5030,0.42443555367595615,0.4813127928622758,0.0009940357852882703,0.01172962226640159
xgb_nowww,host_only,phiusiil,aligned_matched,43,cross,url_dedup,10036,5006,0.4243278046463528,0.4796158332357595,0.0007990411506192569,0.011186576108669596
xgb_nowww,host_only,phiusiil,aligned_matched,43,cross,domain_dedup,9721,4916,0.42293640337694066,0.48649138299628814,0.0022375915378356386,0.015256305939788446
xgb_nowww,host_only,phiusiil,aligned_matched,44,cross,raw,10060,5030,0.4231154030093791,0.4792893328347222,0.002584493041749503,0.01073558648111332
xgb_nowww,host_only,phiusiil,aligned_matched,44,cross,url_dedup,10036,5006,0.42299822717708924,0.47740513306100396,0.0021973631642029563,0.010187774670395526
xgb_nowww,host_only,phiusiil,aligned_matched,44,cross,domain_dedup,9721,4916,0.4211564480991373,0.4843321865752459,0.0020341741253051262,0.011798209926769731
xgb_nowww,host_only,phiusiil,aligned_matched,45,cross,raw,10060,5030,0.4220041777169982,0.4795669538984594,0.0013916500994035786,0.011530815109343936
xgb_nowww,host_only,phiusiil,aligned_matched,45,cross,url_dedup,10036,5006,0.42189851303684084,0.47784999106264187,0.0011985617259288853,0.011186576108669596
xgb_nowww,host_only,phiusiil,aligned_matched,45,cross,domain_dedup,9721,4916,0.41996250854099126,0.48472113117207977,0.0022375915378356386,0.01322213181448332
xgb_nowww,host_only,phiusiil,aligned_matched,46,cross,raw,10060,5030,0.4234458655620946,0.48059779542868397,0.0013916500994035786,0.012326043737574552
xgb_nowww,host_only,phiusiil,aligned_matched,46,cross,url_dedup,10036,5006,0.42334417387008355,0.47886686042857546,0.0011985617259288853,0.011985617259288853
xgb_nowww,host_only,phiusiil,aligned_matched,46,cross,domain_dedup,9721,4916,0.42147715332465757,0.4853724299608121,0.0012205044751830757,0.012001627339300243
xgb_nowww,host_only,mendeley_phishurl,aligned_matched,42,cross,raw,10060,5030,0.5464756194443676,0.5551953955940323,0.005566600397614314,0.04353876739562624
xgb_nowww,host_only,mendeley_phishurl,aligned_matched,42,cross,url_dedup,10059,5029,0.5465269034035991,0.5551893077778227,0.005567707297673493,0.04354742493537483
xgb_nowww,host_only,mendeley_phishurl,aligned_matched,42,cross,domain_dedup,9650,4985,0.5431578121287765,0.5707359096941027,0.005416248746238716,0.04633901705115346
xgb_nowww,host_only,mendeley_phishurl,aligned_matched,43,cross,raw,10060,5030,0.5467841064942354,0.5546631735111196,0.005964214711729622,0.040159045725646124
xgb_nowww,host_only,mendeley_phishurl,aligned_matched,43,cross,url_dedup,10059,5029,0.5468370726130392,0.5546575452102491,0.005965400676078743,0.040167031218930206
xgb_nowww,host_only,mendeley_phishurl,aligned_matched,43,cross,domain_dedup,9650,4985,0.5434334944813003,0.5706701888116807,0.006018054162487462,0.04152457372116349
xgb_nowww,host_only,mendeley_phishurl,aligned_matched,44,cross,raw,10060,5030,0.5468324051713576,0.5553604149932168,0.006163021868787276,0.04353876739562624
xgb_nowww,host_only,mendeley_phishurl,aligned_matched,44,cross,url_dedup,10059,5029,0.5468851832334686,0.555354855480186,0.006164247365281368,0.04354742493537483
xgb_nowww,host_only,mendeley_phishurl,aligned_matched,44,cross,domain_dedup,9650,4985,0.5429983197179964,0.5709321006585739,0.006218655967903711,0.04332998996990973
xgb_nowww,host_only,mendeley_phishurl,aligned_matched,45,cross,raw,10060,5030,0.5476818215952792,0.5539715820669731,0.004771371769383698,0.03956262425447316
xgb_nowww,host_only,mendeley_phishurl,aligned_matched,45,cross,url_dedup,10059,5029,0.5477341755788593,0.5539655446397027,0.004772320540862995,0.03957049115132233
xgb_nowww,host_only,mendeley_phishurl,aligned_matched,45,cross,domain_dedup,9650,4985,0.5443473614842383,0.5695437556391597,0.00481444332998997,0.044533600802407224
xgb_nowww,host_only,mendeley_phishurl,aligned_matched,46,cross,raw,10060,5030,0.5465198866443486,0.5544163032607983,0.007355864811133201,0.03876739562624255
xgb_nowww,host_only,mendeley_phishurl,aligned_matched,46,cross,url_dedup,10059,5029,0.546572997884635,0.5544106923573782,0.007357327500497117,0.03877510439451183
xgb_nowww,host_only,mendeley_phishurl,aligned_matched,46,cross,domain_dedup,9650,4985,0.5432103599114599,0.5703709833858301,0.007622868605817452,0.041123370110330994
xgb_nowww,host_only,kaggle_malicious,aligned_matched,42,cross,raw,10060,5030,0.5039315004604579,0.5058842703933332,0.0011928429423459245,0.026043737574552684
xgb_nowww,host_only,kaggle_malicious,aligned_matched,42,cross,url_dedup,10060,5030,0.5039315004604579,0.5058842703933332,0.0011928429423459245,0.026043737574552684
xgb_nowww,host_only,kaggle_malicious,aligned_matched,42,cross,domain_dedup,9668,5010,0.5020550569106528,0.5232991838684424,0.0011976047904191617,0.026746506986027943
xgb_nowww,host_only,kaggle_malicious,aligned_matched,43,cross,raw,10060,5030,0.5040754874332534,0.5075371978215965,0.0007952286282306163,0.0194831013916501
xgb_nowww,host_only,kaggle_malicious,aligned_matched,43,cross,url_dedup,10060,5030,0.5040754874332534,0.5075371978215965,0.0007952286282306163,0.0194831013916501
xgb_nowww,host_only,kaggle_malicious,aligned_matched,43,cross,domain_dedup,9668,5010,0.5018482571139388,0.5253082825568991,0.0007984031936127744,0.021756487025948103
xgb_nowww,host_only,kaggle_malicious,aligned_matched,44,cross,raw,10060,5030,0.5026035635095984,0.5051710364725392,0.0009940357852882703,0.02286282306163022
xgb_nowww,host_only,kaggle_malicious,aligned_matched,44,cross,url_dedup,10060,5030,0.5026035635095984,0.5051710364725392,0.0009940357852882703,0.02286282306163022
xgb_nowww,host_only,kaggle_malicious,aligned_matched,44,cross,domain_dedup,9668,5010,0.5007677645996114,0.5226142685151456,0.000998003992015968,0.022954091816367265
xgb_nowww,host_only,kaggle_malicious,aligned_matched,45,cross,raw,10060,5030,0.5039438122754527,0.5054048395818884,0.0009940357852882703,0.020874751491053677
xgb_nowww,host_only,kaggle_malicious,aligned_matched,45,cross,url_dedup,10060,5030,0.5039438122754527,0.5054048395818884,0.0009940357852882703,0.020874751491053677
xgb_nowww,host_only,kaggle_malicious,aligned_matched,45,cross,domain_dedup,9668,5010,0.5018771173839526,0.5229669624138038,0.000998003992015968,0.020958083832335328
xgb_nowww,host_only,kaggle_malicious,aligned_matched,46,cross,raw,10060,5030,0.5049460098257375,0.506760634878402,0.0009940357852882703,0.025447316103379723
xgb_nowww,host_only,kaggle_malicious,aligned_matched,46,cross,url_dedup,10060,5030,0.5049460098257375,0.506760634878402,0.0009940357852882703,0.025447316103379723
xgb_nowww,host_only,kaggle_malicious,aligned_matched,46,cross,domain_dedup,9668,5010,0.5032242942196328,0.5243013944062626,0.0,0.02534930139720559
xgb_nowww,host_only,hannousse,aligned_matched,42,cross,raw,10060,5030,0.5021241141619468,0.5240882417994112,0.007157057654075547,0.04592445328031809
xgb_nowww,host_only,hannousse,aligned_matched,42,cross,url_dedup,10058,5028,0.5020141679754409,0.5239446260778085,0.007159904534606206,0.045942720763723154
xgb_nowww,host_only,hannousse,aligned_matched,42,cross,domain_dedup,9845,5010,0.4975375618979208,0.5301025038864697,0.00499001996007984,0.04590818363273453
xgb_nowww,host_only,hannousse,aligned_matched,43,cross,raw,10060,5030,0.5029808030544368,0.5233421722894429,0.005765407554671968,0.04353876739562624
xgb_nowww,host_only,hannousse,aligned_matched,43,cross,url_dedup,10058,5028,0.5028677971945574,0.5231920699519209,0.005767700875099443,0.04355608591885442
xgb_nowww,host_only,hannousse,aligned_matched,43,cross,domain_dedup,9845,5010,0.49826652795752857,0.5292393478323818,0.005788423153692615,0.043512974051896205
xgb_nowww,host_only,hannousse,aligned_matched,44,cross,raw,10060,5030,0.5017491275013932,0.5239263575483908,0.005566600397614314,0.043936381709741554
xgb_nowww,host_only,hannousse,aligned_matched,44,cross,url_dedup,10058,5028,0.5016478495771591,0.5237947429090792,0.005568814638027049,0.0439538583929992
xgb_nowww,host_only,hannousse,aligned_matched,44,cross,domain_dedup,9845,5010,0.49743049578196247,0.5299073779821034,0.005588822355289421,0.038522954091816365
xgb_nowww,host_only,hannousse,aligned_matched,45,cross,raw,10060,5030,0.5028523886502061,0.5242302010225233,0.007157057654075547,0.039761431411530816
xgb_nowww,host_only,hannousse,aligned_matched,45,cross,url_dedup,10058,5028,0.5027368011501397,0.5240818895205029,0.007159904534606206,0.03977724741447892
xgb_nowww,host_only,hannousse,aligned_matched,45,cross,domain_dedup,9845,5010,0.49858258663644794,0.5304025874395618,0.00499001996007984,0.03972055888223553
xgb_nowww,host_only,hannousse,aligned_matched,46,cross,raw,10060,5030,0.5023141864518653,0.5227811471079953,0.0045725646123260435,0.039761431411530816
xgb_nowww,host_only,hannousse,aligned_matched,46,cross,url_dedup,10058,5028,0.5022009945102655,0.5226353092729112,0.004574383452665076,0.03977724741447892
xgb_nowww,host_only,hannousse,aligned_matched,46,cross,domain_dedup,9845,5010,0.4980415797154399,0.5290859201529217,0.004590818363273453,0.038922155688622756
xgb_nowww,host_only,ebbu2017,aligned_matched,42,cross,raw,10060,5030,0.6600584168942607,0.6389890408829157,0.011928429423459244,0.045526838966202784
xgb_nowww,host_only,ebbu2017,aligned_matched,42,cross,url_dedup,10058,5030,0.6600478078229115,0.6390416702772268,0.011928429423459244,0.045526838966202784
xgb_nowww,host_only,ebbu2017,aligned_matched,42,cross,domain_dedup,9657,5023,0.6475156661746987,0.6474893022973304,0.011945052757316344,0.045590284690424046
xgb_nowww,host_only,ebbu2017,aligned_matched,43,cross,raw,10060,5030,0.6576625337438589,0.633180023466868,0.007952286282306162,0.0437375745526839
xgb_nowww,host_only,ebbu2017,aligned_matched,43,cross,url_dedup,10058,5030,0.6576577329974014,0.6332368811155901,0.007952286282306162,0.0437375745526839
xgb_nowww,host_only,ebbu2017,aligned_matched,43,cross,domain_dedup,9657,5023,0.6454868030022621,0.6422007146968576,0.007963368504877564,0.0437985267768266
xgb_nowww,host_only,ebbu2017,aligned_matched,44,cross,raw,10060,5030,0.6607091644961247,0.6388563287243896,0.01650099403578529,0.049900596421471176
xgb_nowww,host_only,ebbu2017,aligned_matched,44,cross,url_dedup,10058,5030,0.6607017797748117,0.6389108804857577,0.01650099403578529,0.049900596421471176
xgb_nowww,host_only,ebbu2017,aligned_matched,44,cross,domain_dedup,9657,5023,0.6483142585109789,0.6476392015310096,0.016523989647620942,0.04997013736810671
xgb_nowww,host_only,ebbu2017,aligned_matched,45,cross,raw,10060,5030,0.6610003201467142,0.6382080638031826,0.011332007952286283,0.04731610337972167
xgb_nowww,host_only,ebbu2017,aligned_matched,45,cross,url_dedup,10058,5030,0.6609904811386258,0.6382614616720419,0.011332007952286283,0.04731610337972167
xgb_nowww,host_only,ebbu2017,aligned_matched,45,cross,domain_dedup,9657,5023,0.6484443678199833,0.6467962522286146,0.009356957993231137,0.0473820426040215
xgb_nowww,host_only,ebbu2017,aligned_matched,46,cross,raw,10060,5030,0.6610397851459829,0.6381129351076311,0.012127236580516898,0.04850894632206759
xgb_nowww,host_only,ebbu2017,aligned_matched,46,cross,url_dedup,10058,5030,0.6610306340161102,0.6381666984565627,0.012127236580516898,0.04850894632206759
xgb_nowww,host_only,ebbu2017,aligned_matched,46,cross,domain_dedup,9657,5023,0.6491886566507058,0.6470671510634232,0.011148715906828588,0.04837746366713119
xgb_nowww,host_only,aligned_matched,aligned_matched,42,within,raw,1978,1036,0.7506670683422275,0.7640299454820836,0.0472972972972973,0.0694980694980695
xgb_nowww,host_only,aligned_matched,phiusiil,42,cross,raw,60000,25603,0.45495555819388594,0.4211299132157571,0.00207006991368199,0.014334257704175292
xgb_nowww,host_only,aligned_matched,phiusiil,42,cross,url_dedup,59976,25579,0.4547851370935928,0.4208050108740442,0.0020720121975057663,0.014308612533719067
xgb_nowww,host_only,aligned_matched,phiusiil,42,cross,domain_dedup,59010,24698,0.45117755583744473,0.4101033091530765,0.002145922746781116,0.013725807757713175
xgb_nowww,host_only,aligned_matched,mendeley_phishurl,42,cross,raw,60000,18933,0.5722612168346812,0.39704895208655694,0.0029049807214915754,0.03528231130829768
xgb_nowww,host_only,aligned_matched,mendeley_phishurl,42,cross,url_dedup,59999,18932,0.5722485111149624,0.3970329289098356,0.002905134164377773,0.03528417494189732
xgb_nowww,host_only,aligned_matched,mendeley_phishurl,42,cross,domain_dedup,58493,18574,0.5680360508375535,0.39617046920644067,0.002961128459136427,0.03451060622375363
xgb_nowww,host_only,aligned_matched,kaggle_malicious,42,cross,raw,60000,10831,0.5068544471793163,0.2025047849209961,0.003046810082171545,0.021419998153448434
xgb_nowww,host_only,aligned_matched,kaggle_malicious,42,cross,url_dedup,60000,10831,0.5068544471793163,0.2025047849209961,0.003046810082171545,0.021419998153448434
xgb_nowww,host_only,aligned_matched,kaggle_malicious,42,cross,domain_dedup,58128,10551,0.5073204658194846,0.20454010454887428,0.0031276656241114587,0.021609326130224624
xgb_nowww,host_only,aligned_matched,hannousse,42,cross,raw,11430,5715,0.5431004501515175,0.5631015266337045,0.0015748031496062992,0.026596675415573052
xgb_nowww,host_only,aligned_matched,hannousse,42,cross,url_dedup,11427,5712,0.5429126506245543,0.5627459077915783,0.0015756302521008404,0.02661064425770308
xgb_nowww,host_only,aligned_matched,hannousse,42,cross,domain_dedup,11201,5593,0.5431569431730564,0.5627288272009469,0.0016091543000178795,0.027176828178079742
xgb_nowww,host_only,aligned_matched,ebbu2017,42,cross,raw,60000,30360,0.6724484381306464,0.6590638845804099,0.002569169960474308,0.03652832674571805
xgb_nowww,host_only,aligned_matched,ebbu2017,42,cross,url_dedup,59998,30360,0.6724647255406276,0.6590861403243785,0.002569169960474308,0.03652832674571805
xgb_nowww,host_only,aligned_matched,ebbu2017,42,cross,domain_dedup,59107,30101,0.6728870057810359,0.6614058846869073,0.002591276037340952,0.033088601707584465
xgb_nowww,host_only,aligned_matched,aligned_natural,42,cross,raw,16336,8168,0.8564939691430978,0.8634016264355419,0.09023016650342801,0.2578354554358472
xgb_nowww,host_only,aligned_matched,aligned_natural,42,cross,url_dedup,6276,3138,0.7368319365689846,0.7647459460518593,0.04684512428298279,0.1504142766093053
xgb_nowww,host_only,aligned_matched,aligned_natural,42,cross,domain_dedup,3944,3106,0.64668756444913,0.8780538340523758,0.046683837733419185,0.0875724404378622
xgb_nowww,host_only,aligned_matched,aligned_matched,43,within,raw,1989,1014,0.7235027562838214,0.7200736224392363,0.03155818540433925,0.10946745562130178
xgb_nowww,host_only,aligned_matched,phiusiil,43,cross,raw,60000,25603,0.4494744968642728,0.4152609260697834,0.0024215912197789323,0.012810998711088544
xgb_nowww,host_only,aligned_matched,phiusiil,43,cross,url_dedup,59976,25579,0.4492922028560067,0.4149279179850367,0.0024238633253841043,0.012823018882677195
xgb_nowww,host_only,aligned_matched,phiusiil,43,cross,domain_dedup,59010,24698,0.4458270615257538,0.4041094999046546,0.0025103247226496072,0.01226819985423921
xgb_nowww,host_only,aligned_matched,mendeley_phishurl,43,cross,raw,60000,18933,0.5734406581582024,0.39532588788242395,0.0007922674694977025,0.03375059420060212
xgb_nowww,host_only,aligned_matched,mendeley_phishurl,43,cross,url_dedup,59999,18932,0.5734279941580113,0.395309731695212,0.0007923093175575745,0.033752376927952674
xgb_nowww,host_only,aligned_matched,mendeley_phishurl,43,cross,domain_dedup,58493,18574,0.5695531020845909,0.394567414000361,0.0007537417895983633,0.03316463874232799
xgb_nowww,host_only,aligned_matched,kaggle_malicious,43,cross,raw,60000,10831,0.5073552955146386,0.20171457071978494,0.0017542239867048288,0.021419998153448434
xgb_nowww,host_only,aligned_matched,kaggle_malicious,43,cross,url_dedup,60000,10831,0.5073552955146386,0.20171457071978494,0.0017542239867048288,0.021419998153448434
xgb_nowww,host_only,aligned_matched,kaggle_malicious,43,cross,domain_dedup,58128,10551,0.5083210865014678,0.20416862233575547,0.0018007771775187186,0.02170410387640982
xgb_nowww,host_only,aligned_matched,hannousse,43,cross,raw,11430,5715,0.5421331869824233,0.5600152994644624,0.002099737532808399,0.02537182852143482
xgb_nowww,host_only,aligned_matched,hannousse,43,cross,url_dedup,11427,5712,0.5419492293855426,0.5596446370134878,0.0021008403361344537,0.02538515406162465
xgb_nowww,host_only,aligned_matched,hannousse,43,cross,domain_dedup,11201,5593,0.5426840516459718,0.5600802685751516,0.002145539066690506,0.024852494189165027
xgb_nowww,host_only,aligned_matched,ebbu2017,43,cross,raw,60000,30360,0.6745396681566591,0.6595447097608711,0.0030303030303030303,0.032476943346508566
xgb_nowww,host_only,aligned_matched,ebbu2017,43,cross,url_dedup,59998,30360,0.6745565301097894,0.6595681842851127,0.0030303030303030303,0.032476943346508566
xgb_nowww,host_only,aligned_matched,ebbu2017,43,cross,domain_dedup,59107,30101,0.6751574629909638,0.66204408444936,0.003056376864555995,0.0323909504667619
xgb_nowww,host_only,aligned_matched,aligned_natural,43,cross,raw,16336,8168,0.8550955986357981,0.8617809797181988,0.07664054848188051,0.260896180215475
xgb_nowww,host_only,aligned_matched,aligned_natural,43,cross,url_dedup,6276,3138,0.7356887508576178,0.762950943647215,0.06405353728489484,0.13798597833014659
xgb_nowww,host_only,aligned_matched,aligned_natural,43,cross,domain_dedup,3944,3106,0.6452840909964086,0.8766151319365562,0.06406954282034771,0.07566001287830007
xgb_nowww,host_only,aligned_matched,aligned_matched,44,within,raw,1933,1040,0.7295923421483332,0.7559973480390019,0.04903846153846154,0.10480769230769231
xgb_nowww,host_only,aligned_matched,phiusiil,44,cross,raw,60000,25603,0.4499757632967283,0.41453698148118423,0.0029684021403741747,0.01382650470647971
xgb_nowww,host_only,aligned_matched,phiusiil,44,cross,url_dedup,59976,25579,0.4497996309816768,0.41420306090679826,0.0029711873020837405,0.01380038312678369
xgb_nowww,host_only,aligned_matched,phiusiil,44,cross,domain_dedup,59010,24698,0.4464853747562936,0.403899853428888,0.0030771722406672604,0.013523362215564013
xgb_nowww,host_only,aligned_matched,mendeley_phishurl,44,cross,raw,60000,18933,0.5709611769184866,0.39781123540470953,0.006866318068980088,0.035916125283895844
xgb_nowww,host_only,aligned_matched,mendeley_phishurl,44,cross,url_dedup,59999,18932,0.5709482507575457,0.3977950496794187,0.006866680752165646,0.035918022395943376
xgb_nowww,host_only,aligned_matched,mendeley_phishurl,44,cross,domain_dedup,58493,18574,0.5673546235692799,0.3973477092919849,0.0061376117153009585,0.03574889630666523
xgb_nowww,host_only,aligned_matched,kaggle_malicious,44,cross,raw,60000,10831,0.505844030191533,0.20174625254665535,0.002123534299695319,0.023174222140153265
xgb_nowww,host_only,aligned_matched,kaggle_malicious,44,cross,url_dedup,60000,10831,0.505844030191533,0.20174625254665535,0.002123534299695319,0.023174222140153265
xgb_nowww,host_only,aligned_matched,kaggle_malicious,44,cross,domain_dedup,58128,10551,0.5069645019440993,0.20374459591123972,0.0021798881622595015,0.02369443654629893
xgb_nowww,host_only,aligned_matched,hannousse,44,cross,raw,11430,5715,0.5471152566996492,0.5646030474874858,0.005249343832020997,0.023972003499562553
xgb_nowww,host_only,aligned_matched,hannousse,44,cross,url_dedup,11427,5712,0.5469284323528186,0.5642230619174915,0.005252100840336135,0.023984593837535016
xgb_nowww,host_only,aligned_matched,hannousse,44,cross,domain_dedup,11201,5593,0.5473011563261903,0.5644527565547842,0.005363847666726265,0.023779724655819776
xgb_nowww,host_only,aligned_matched,ebbu2017,44,cross,raw,60000,30360,0.6733545886163163,0.6600469456403875,0.005270092226613966,0.03448616600790514
xgb_nowww,host_only,aligned_matched,ebbu2017,44,cross,url_dedup,59998,30360,0.6733714395026291,0.6600704725530239,0.005270092226613966,0.03448616600790514
xgb_nowww,host_only,aligned_matched,ebbu2017,44,cross,domain_dedup,59107,30101,0.6737669262340014,0.6624023222778935,0.005315438025314773,0.034749676090495334
xgb_nowww,host_only,aligned_matched,aligned_natural,44,cross,raw,16336,8168,0.8561431849020713,0.8627338406538327,0.06831537708129284,0.2643241919686582
xgb_nowww,host_only,aligned_matched,aligned_natural,44,cross,url_dedup,6276,3138,0.737109583342981,0.7640542015466795,0.038878266411727216,0.14531548757170173
xgb_nowww,host_only,aligned_matched,aligned_natural,44,cross,domain_dedup,3944,3106,0.6456740514548022,0.876547191709926,0.03895685769478429,0.06664520283322602
xgb_nowww,host_only,aligned_matched,aligned_matched,45,within,raw,2034,990,0.7504097488292891,0.7390748550343872,0.06767676767676768,0.09797979797979799
xgb_nowww,host_only,aligned_matched,phiusiil,45,cross,raw,60000,25603,0.44724672875588367,0.4126621575024654,0.002616880834277233,0.013357809631683787
xgb_nowww,host_only,aligned_matched,phiusiil,45,cross,url_dedup,59976,25579,0.4470629582477121,0.4123281588014068,0.002619336174205403,0.013331248289612572
xgb_nowww,host_only,aligned_matched,phiusiil,45,cross,domain_dedup,59010,24698,0.4437653874424404,0.40196173162429477,0.002712770264798769,0.013037492914406024
xgb_nowww,host_only,aligned_matched,mendeley_phishurl,45,cross,raw,60000,18933,0.5719015007418875,0.3968309948417539,0.004278244335287593,0.03485976865789891
xgb_nowww,host_only,aligned_matched,mendeley_phishurl,45,cross,url_dedup,59999,18932,0.5718891554525067,0.39681543546598175,0.0042784703148109025,0.03486160997253328
xgb_nowww,host_only,aligned_matched,mendeley_phishurl,45,cross,domain_dedup,58493,18574,0.5680362855111092,0.3962529906588316,0.004360934639819102,0.03494131581780984
xgb_nowww,host_only,aligned_matched,kaggle_malicious,45,cross,raw,60000,10831,0.5051598674203092,0.20108088766211205,0.0019388791432000739,0.021419998153448434
xgb_nowww,host_only,aligned_matched,kaggle_malicious,45,cross,url_dedup,60000,10831,0.5051598674203092,0.20108088766211205,0.0019388791432000739,0.021419998153448434
xgb_nowww,host_only,aligned_matched,kaggle_malicious,45,cross,domain_dedup,58128,10551,0.506105436309246,0.20305298154755064,0.00199033266988911,0.021135437399298646
xgb_nowww,host_only,aligned_matched,hannousse,45,cross,raw,11430,5715,0.5404349346970299,0.5630360810309472,0.004899387576552931,0.02589676290463692
xgb_nowww,host_only,aligned_matched,hannousse,45,cross,url_dedup,11427,5712,0.5402496256595376,0.5626853285980817,0.004901960784313725,0.025910364145658265
xgb_nowww,host_only,aligned_matched,hannousse,45,cross,domain_dedup,11201,5593,0.5409392389304646,0.5630881752524951,0.0050062578222778474,0.026461648489182907
xgb_nowww,host_only,aligned_matched,ebbu2017,45,cross,raw,60000,30360,0.673393576452787,0.6589063317058915,0.0048089591567852434,0.030895915678524375
xgb_nowww,host_only,aligned_matched,ebbu2017,45,cross,url_dedup,59998,30360,0.6734096386915953,0.6589291016659065,0.0048089591567852434,0.030895915678524375
xgb_nowww,host_only,aligned_matched,ebbu2017,45,cross,domain_dedup,59107,30101,0.6737150598936372,0.6612105882449906,0.004850337198099731,0.031128533935749644
xgb_nowww,host_only,aligned_matched,aligned_natural,45,cross,raw,16336,8168,0.8553714086096958,0.8620504269038208,0.07884427032321253,0.25440744368266405
xgb_nowww,host_only,aligned_matched,aligned_natural,45,cross,url_dedup,6276,3138,0.7360226581703098,0.7636667990942992,0.04079031230082855,0.1561504142766093
xgb_nowww,host_only,aligned_matched,aligned_natural,45,cross,domain_dedup,3944,3106,0.6460682380856514,0.8770535074870567,0.0412105602060528,0.0798454603992273
xgb_nowww,host_only,aligned_matched,aligned_matched,46,within,raw,2037,998,0.7416203918906147,0.7241942328862156,0.018036072144288578,0.09819639278557114
xgb_nowww,host_only,aligned_matched,phiusiil,46,cross,raw,60000,25603,0.44947760644132495,0.41743508400370943,0.0027340546029762137,0.015662227082763738
xgb_nowww,host_only,aligned_matched,phiusiil,46,cross,url_dedup,59976,25579,0.4492917135629787,0.41710055626988296,0.002736619883498182,0.015637827905703897
xgb_nowww,host_only,aligned_matched,phiusiil,46,cross,domain_dedup,59010,24698,0.44572483986128086,0.40655220103074524,0.0028342375900882663,0.015102437444327476
xgb_nowww,host_only,aligned_matched,mendeley_phishurl,46,cross,raw,60000,18933,0.5691474560373931,0.3958998276746041,0.003116252046690963,0.03491258648919875
xgb_nowww,host_only,aligned_matched,mendeley_phishurl,46,cross,url_dedup,59999,18932,0.5691358116011983,0.3958852492917827,0.0031164166490597928,0.034914430593703784
xgb_nowww,host_only,aligned_matched,mendeley_phishurl,46,cross,domain_dedup,58493,18574,0.5650702895987396,0.39515162944488025,0.003176483256164531,0.034887477118552813
xgb_nowww,host_only,aligned_matched,kaggle_malicious,46,cross,raw,60000,10831,0.5052662922812693,0.20159481017979755,0.0024928446126858093,0.022250946357677038
xgb_nowww,host_only,aligned_matched,kaggle_malicious,46,cross,url_dedup,60000,10831,0.5052662922812693,0.20159481017979755,0.0024928446126858093,0.022250946357677038
xgb_nowww,host_only,aligned_matched,kaggle_malicious,46,cross,domain_dedup,58128,10551,0.5061551041352284,0.2036652370847456,0.0025589991470002845,0.022083214861150603
xgb_nowww,host_only,aligned_matched,hannousse,46,cross,raw,11430,5715,0.5408801108960243,0.5629220290007193,0.004199475065616798,0.023622047244094488
xgb_nowww,host_only,aligned_matched,hannousse,46,cross,url_dedup,11427,5712,0.540702020090626,0.5625764882567675,0.004201680672268907,0.023634453781512604
xgb_nowww,host_only,aligned_matched,hannousse,46,cross,domain_dedup,11201,5593,0.5417592310849128,0.5632147966602008,0.004291078133381012,0.02413731450026819
xgb_nowww,host_only,aligned_matched,ebbu2017,46,cross,raw,60000,30360,0.6710309501234843,0.6582926508575904,0.003787878787878788,0.03264163372859025
xgb_nowww,host_only,aligned_matched,ebbu2017,46,cross,url_dedup,59998,30360,0.671046698452944,0.6583153925309266,0.003787878787878788,0.03264163372859025
xgb_nowww,host_only,aligned_matched,ebbu2017,46,cross,domain_dedup,59107,30101,0.6714861959725135,0.660737338966013,0.0038204710806949934,0.02966678847878808
xgb_nowww,host_only,aligned_matched,aligned_natural,46,cross,raw,16336,8168,0.8560704139970512,0.8624594935176424,0.06096963761018609,0.26665034280117533
xgb_nowww,host_only,aligned_matched,aligned_natural,46,cross,url_dedup,6276,3138,0.7359909735347988,0.7629509917679858,0.05035054174633524,0.14659018483110262
xgb_nowww,host_only,aligned_matched,aligned_natural,46,cross,domain_dedup,3944,3106,0.6453966608627232,0.8762050539634695,0.050225370251126854,0.05730843528654218
xgb_nowww,host_only,aligned_natural,aligned_matched,42,cross,raw,10060,5030,0.9095876826516053,0.9190426397919373,0.36520874751491056,0.49403578528827036
xgb_nowww,host_only,aligned_natural,aligned_matched,42,cross,url_dedup,0,0,,,,
xgb_nowww,host_only,aligned_natural,aligned_matched,42,cross,domain_dedup,0,0,,,,
xgb_nowww,host_only,aligned_natural,aligned_matched,43,cross,raw,10060,5030,0.9098890553300476,0.9195552375235108,0.38409542743538766,0.5039761431411531
xgb_nowww,host_only,aligned_natural,aligned_matched,43,cross,url_dedup,0,0,,,,
xgb_nowww,host_only,aligned_natural,aligned_matched,43,cross,domain_dedup,0,0,,,,
xgb_nowww,host_only,aligned_natural,aligned_matched,44,cross,raw,10060,5030,0.9095798173187515,0.9192207858181018,0.3982107355864811,0.49960238568588466
xgb_nowww,host_only,aligned_natural,aligned_matched,44,cross,url_dedup,0,0,,,,
xgb_nowww,host_only,aligned_natural,aligned_matched,44,cross,domain_dedup,0,0,,,,
xgb_nowww,host_only,aligned_natural,aligned_matched,45,cross,raw,10060,5030,0.909073056689683,0.9188233110470536,0.3751491053677932,0.5031809145129225
xgb_nowww,host_only,aligned_natural,aligned_matched,45,cross,url_dedup,0,0,,,,
xgb_nowww,host_only,aligned_natural,aligned_matched,45,cross,domain_dedup,0,0,,,,
xgb_nowww,host_only,aligned_natural,aligned_matched,46,cross,raw,10060,5030,0.9099554561300189,0.9195769824564038,0.3940357852882704,0.494831013916501
xgb_nowww,host_only,aligned_natural,aligned_matched,46,cross,url_dedup,0,0,,,,
xgb_nowww,host_only,aligned_natural,aligned_matched,46,cross,domain_dedup,0,0,,,,
xgb_nowww,targeted_ablation,phiusiil,aligned_matched,42,cross,raw,10060,5030,0.381951709227735,0.4300148707193764,0.0,0.0
xgb_nowww,targeted_ablation,phiusiil,aligned_matched,42,cross,url_dedup,10036,5006,0.3819804703540642,0.42887307297648547,0.0,0.0
xgb_nowww,targeted_ablation,phiusiil,aligned_matched,42,cross,domain_dedup,9721,4916,0.38195988126011265,0.43530654891990894,0.0,0.0
xgb_nowww,targeted_ablation,phiusiil,aligned_matched,43,cross,raw,10060,5030,0.4014742756186539,0.4454223511417772,0.0,0.0
xgb_nowww,targeted_ablation,phiusiil,aligned_matched,43,cross,url_dedup,10036,5006,0.4015580309592704,0.4443263166526462,0.0,0.0
xgb_nowww,targeted_ablation,phiusiil,aligned_matched,43,cross,domain_dedup,9721,4916,0.401737409076015,0.4510020330813763,0.0,0.0
xgb_nowww,targeted_ablation,phiusiil,aligned_matched,44,cross,raw,10060,5030,0.3870755981012533,0.43411552225635713,0.0,0.0
xgb_nowww,targeted_ablation,phiusiil,aligned_matched,44,cross,url_dedup,10036,5006,0.38724854230589295,0.43310364776355514,0.0,0.0
xgb_nowww,targeted_ablation,phiusiil,aligned_matched,44,cross,domain_dedup,9721,4916,0.3868753434388677,0.43905912280364373,0.0,0.0
xgb_nowww,targeted_ablation,phiusiil,aligned_matched,45,cross,raw,10060,5030,0.38737248477326897,0.43233737358375446,0.0,0.0
xgb_nowww,targeted_ablation,phiusiil,aligned_matched,45,cross,url_dedup,10036,5006,0.3874581516097184,0.4312131515605492,0.0,0.0
xgb_nowww,targeted_ablation,phiusiil,aligned_matched,45,cross,domain_dedup,9721,4916,0.38727464271774126,0.4375799888711249,0.0,0.0
xgb_nowww,targeted_ablation,phiusiil,aligned_matched,46,cross,raw,10060,5030,0.3946235904651613,0.4387803943436516,0.0,0.0
xgb_nowww,targeted_ablation,phiusiil,aligned_matched,46,cross,url_dedup,10036,5006,0.3947420550607661,0.4376964261166736,0.0,0.0
xgb_nowww,targeted_ablation,phiusiil,aligned_matched,46,cross,domain_dedup,9721,4916,0.3947143858656861,0.44406320310260494,0.0,0.0
xgb_nowww,targeted_ablation,mendeley_phishurl,aligned_matched,42,cross,raw,10060,5030,0.7663822828436933,0.7537007984264457,0.019681908548707754,0.09403578528827038
xgb_nowww,targeted_ablation,mendeley_phishurl,aligned_matched,42,cross,url_dedup,10059,5029,0.7663448025310061,0.7536305443467293,0.019685822231059854,0.09405448399284153
xgb_nowww,targeted_ablation,mendeley_phishurl,aligned_matched,42,cross,domain_dedup,9650,4985,0.7647205066431879,0.7654969514653771,0.01725175526579739,0.10912738214643931
xgb_nowww,targeted_ablation,mendeley_phishurl,aligned_matched,43,cross,raw,10060,5030,0.766432735594386,0.7551914879210512,0.020675944333996023,0.09165009940357853
xgb_nowww,targeted_ablation,mendeley_phishurl,aligned_matched,43,cross,url_dedup,10059,5029,0.7663980720963542,0.7551285616212082,0.020680055677072977,0.09166832372241002
xgb_nowww,targeted_ablation,mendeley_phishurl,aligned_matched,43,cross,domain_dedup,9650,4985,0.7645792683516789,0.7666532955370733,0.02066198595787362,0.10551654964894684
xgb_nowww,targeted_ablation,mendeley_phishurl,aligned_matched,44,cross,raw,10060,5030,0.7658117497796522,0.7540343236424956,0.021272365805168985,0.08827037773359842
xgb_nowww,targeted_ablation,mendeley_phishurl,aligned_matched,44,cross,url_dedup,10059,5029,0.7657764884149072,0.7539701666954977,0.02127659574468085,0.0882879300059654
xgb_nowww,targeted_ablation,mendeley_phishurl,aligned_matched,44,cross,domain_dedup,9650,4985,0.7642463080560009,0.7657357439701172,0.021263791374122366,0.09348044132397192
xgb_nowww,targeted_ablation,mendeley_phishurl,aligned_matched,45,cross,raw,10060,5030,0.7660787363295376,0.7523180229049923,0.008349900596421472,0.08886679920477138
xgb_nowww,targeted_ablation,mendeley_phishurl,aligned_matched,45,cross,url_dedup,10059,5029,0.7660421839612553,0.7522498198492233,0.008351560946510241,0.08888447007357328
xgb_nowww,targeted_ablation,mendeley_phishurl,aligned_matched,45,cross,domain_dedup,9650,4985,0.764589395195232,0.764188021482693,0.007021063189568706,0.09909729187562688
xgb_nowww,targeted_ablation,mendeley_phishurl,aligned_matched,46,cross,raw,10060,5030,0.7664289807872446,0.7553368277228418,0.024652087475149104,0.10437375745526839
xgb_nowww,targeted_ablation,mendeley_phishurl,aligned_matched,46,cross,url_dedup,10059,5029,0.7663926957246381,0.7552700537116948,0.024656989461125472,0.104394511831378
xgb_nowww,targeted_ablation,mendeley_phishurl,aligned_matched,46,cross,domain_dedup,9650,4985,0.7644305263056049,0.7664784113436351,0.023671013039117353,0.10692076228686058
xgb_nowww,targeted_ablation,kaggle_malicious,aligned_matched,42,cross,raw,10060,5030,0.7082146484907651,0.6645202370505187,0.005566600397614314,0.039165009940357855
xgb_nowww,targeted_ablation,kaggle_malicious,aligned_matched,42,cross,url_dedup,10060,5030,0.7082146484907651,0.6645202370505187,0.005566600397614314,0.039165009940357855
xgb_nowww,targeted_ablation,kaggle_malicious,aligned_matched,42,cross,domain_dedup,9668,5010,0.7047493248796526,0.6767008681973912,0.0033932135728542913,0.03832335329341317
xgb_nowww,targeted_ablation,kaggle_malicious,aligned_matched,43,cross,raw,10060,5030,0.7046733120165687,0.6584494011469304,0.002385685884691849,0.03479125248508946
xgb_nowww,targeted_ablation,kaggle_malicious,aligned_matched,43,cross,url_dedup,10060,5030,0.7046733120165687,0.6584494011469304,0.002385685884691849,0.03479125248508946
xgb_nowww,targeted_ablation,kaggle_malicious,aligned_matched,43,cross,domain_dedup,9668,5010,0.7000256678570725,0.6704932231449817,0.0023952095808383233,0.03493013972055888
xgb_nowww,targeted_ablation,kaggle_malicious,aligned_matched,44,cross,raw,10060,5030,0.7039512823654495,0.6575140962824685,0.005566600397614314,0.03479125248508946
xgb_nowww,targeted_ablation,kaggle_malicious,aligned_matched,44,cross,url_dedup,10060,5030,0.7039512823654495,0.6575140962824685,0.005566600397614314,0.03479125248508946
xgb_nowww,targeted_ablation,kaggle_malicious,aligned_matched,44,cross,domain_dedup,9668,5010,0.6996754451594879,0.6692588587464448,0.00499001996007984,0.03313373253493014
xgb_nowww,targeted_ablation,kaggle_malicious,aligned_matched,45,cross,raw,10060,5030,0.7055706121126125,0.6606720468056012,0.0065606361829025845,0.034393638170974156
xgb_nowww,targeted_ablation,kaggle_malicious,aligned_matched,45,cross,url_dedup,10060,5030,0.7055706121126125,0.6606720468056012,0.0065606361829025845,0.034393638170974156
xgb_nowww,targeted_ablation,kaggle_malicious,aligned_matched,45,cross,domain_dedup,9668,5010,0.7013338929697497,0.6724320606785441,0.005988023952095809,0.0343313373253493
xgb_nowww,targeted_ablation,kaggle_malicious,aligned_matched,46,cross,raw,10060,5030,0.7039712421297266,0.6561903251027748,0.0017892644135188867,0.033399602385685886
xgb_nowww,targeted_ablation,kaggle_malicious,aligned_matched,46,cross,url_dedup,10060,5030,0.7039712421297266,0.6561903251027748,0.0017892644135188867,0.033399602385685886
xgb_nowww,targeted_ablation,kaggle_malicious,aligned_matched,46,cross,domain_dedup,9668,5010,0.6997127256864545,0.668165894893117,0.0011976047904191617,0.033532934131736525
xgb_nowww,targeted_ablation,hannousse,aligned_matched,42,cross,raw,10060,5030,0.7547189230422633,0.7498057011050159,0.03558648111332008,0.09204771371769384
xgb_nowww,targeted_ablation,hannousse,aligned_matched,42,cross,url_dedup,10058,5028,0.7546552823077446,0.7496598521824424,0.03560063643595863,0.09188544152744631
xgb_nowww,targeted_ablation,hannousse,aligned_matched,42,cross,domain_dedup,9845,5010,0.7528944799129764,0.7547453677319307,0.035528942115768465,0.09660678642714571
xgb_nowww,targeted_ablation,hannousse,aligned_matched,43,cross,raw,10060,5030,0.7554897454240758,0.7494668216946871,0.0341948310139165,0.1047713717693837
xgb_nowww,targeted_ablation,hannousse,aligned_matched,43,cross,url_dedup,10058,5028,0.7554326190826401,0.7493274432185016,0.03420843277645187,0.10461416070007955
xgb_nowww,targeted_ablation,hannousse,aligned_matched,43,cross,domain_dedup,9845,5010,0.7534907434355694,0.7545133171164464,0.03992015968063872,0.1059880239520958
xgb_nowww,targeted_ablation,hannousse,aligned_matched,44,cross,raw,10060,5030,0.7523453513511378,0.7479932176117082,0.02882703777335984,0.09880715705765407
xgb_nowww,targeted_ablation,hannousse,aligned_matched,44,cross,url_dedup,10058,5028,0.752284839095894,0.747838949872521,0.028838504375497214,0.09864757358790771
xgb_nowww,targeted_ablation,hannousse,aligned_matched,44,cross,domain_dedup,9845,5010,0.7505371263677402,0.7528519874329296,0.02874251497005988,0.09840319361277446
xgb_nowww,targeted_ablation,hannousse,aligned_matched,45,cross,raw,10060,5030,0.7499573928200183,0.7451493824035126,0.027833001988071572,0.09821073558648111
xgb_nowww,targeted_ablation,hannousse,aligned_matched,45,cross,url_dedup,10058,5028,0.7498950212804321,0.7449989594127999,0.02784407319013524,0.09805091487669053
xgb_nowww,targeted_ablation,hannousse,aligned_matched,45,cross,domain_dedup,9845,5010,0.7481773990798135,0.7502729357627429,0.027744510978043913,0.09800399201596806
xgb_nowww,targeted_ablation,hannousse,aligned_matched,46,cross,raw,10060,5030,0.7554372769348126,0.7501600314033257,0.04353876739562624,0.09224652087475149
xgb_nowww,targeted_ablation,hannousse,aligned_matched,46,cross,url_dedup,10058,5028,0.7553830556834016,0.7500169978941214,0.04355608591885442,0.09208432776451869
xgb_nowww,targeted_ablation,hannousse,aligned_matched,46,cross,domain_dedup,9845,5010,0.7533711068039722,0.7548350761026802,0.03972055888223553,0.09261477045908184
xgb_nowww,targeted_ablation,ebbu2017,aligned_matched,42,cross,raw,10060,5030,0.8287391752862547,0.8170759758702841,0.04413518886679921,0.14652087475149106
xgb_nowww,targeted_ablation,ebbu2017,aligned_matched,42,cross,url_dedup,10058,5030,0.8287094457914407,0.8170922642824466,0.04413518886679921,0.14652087475149106
xgb_nowww,targeted_ablation,ebbu2017,aligned_matched,42,cross,domain_dedup,9657,5023,0.8222803932295559,0.8223934344205429,0.043997610989448536,0.14393788572566196
xgb_nowww,targeted_ablation,ebbu2017,aligned_matched,43,cross,raw,10060,5030,0.8296364556201559,0.8172206046635067,0.03061630218687873,0.14493041749502983
xgb_nowww,targeted_ablation,ebbu2017,aligned_matched,43,cross,url_dedup,10058,5030,0.8296012706576769,0.8172338263324923,0.03061630218687873,0.14493041749502983
xgb_nowww,targeted_ablation,ebbu2017,aligned_matched,43,cross,domain_dedup,9657,5023,0.8232777046045678,0.8225243340497665,0.03045988453115668,0.1349790961576747
xgb_nowww,targeted_ablation,ebbu2017,aligned_matched,44,cross,raw,10060,5030,0.8289637127533012,0.8181628782575197,0.04473161033797217,0.14473161033797216
xgb_nowww,targeted_ablation,ebbu2017,aligned_matched,44,cross,url_dedup,10058,5030,0.8289342307333405,0.8181795434528971,0.04473161033797217,0.14473161033797216
xgb_nowww,targeted_ablation,ebbu2017,aligned_matched,44,cross,domain_dedup,9657,5023,0.8226206064103398,0.8236210545922031,0.0437985267768266,0.1441369699382839
xgb_nowww,targeted_ablation,ebbu2017,aligned_matched,45,cross,raw,10060,5030,0.8297448707358235,0.8188910727016934,0.0510934393638171,0.15526838966202783
xgb_nowww,targeted_ablation,ebbu2017,aligned_matched,45,cross,url_dedup,10058,5030,0.829717795059397,0.8189084870322754,0.0510934393638171,0.15526838966202783
xgb_nowww,targeted_ablation,ebbu2017,aligned_matched,45,cross,domain_dedup,9657,5023,0.8236509982436424,0.8243367653503062,0.04758112681664344,0.14871590682858848
xgb_nowww,targeted_ablation,ebbu2017,aligned_matched,46,cross,raw,10060,5030,0.8292693540545988,0.8181435043969965,0.0510934393638171,0.15347912524850896
xgb_nowww,targeted_ablation,ebbu2017,aligned_matched,46,cross,url_dedup,10058,5030,0.8292366327097084,0.8181580421888774,0.0510934393638171,0.15347912524850896
xgb_nowww,targeted_ablation,ebbu2017,aligned_matched,46,cross,domain_dedup,9657,5023,0.8230225769402053,0.8236293607056813,0.04957196894286283,0.15150308580529565
xgb_nowww,targeted_ablation,aligned_matched,aligned_matched,42,within,raw,1978,1036,0.912523875103493,0.9211146495673298,0.12451737451737452,0.4314671814671815
xgb_nowww,targeted_ablation,aligned_matched,phiusiil,42,cross,raw,60000,25603,0.4778495793647245,0.4735859565293632,0.014256141858375971,0.04890051947037456
xgb_nowww,targeted_ablation,aligned_matched,phiusiil,42,cross,url_dedup,59976,25579,0.4775449074590208,0.4729834696415757,0.014230423394190547,0.04871183392626764
xgb_nowww,targeted_ablation,aligned_matched,phiusiil,42,cross,domain_dedup,59010,24698,0.476794779443488,0.4654487011275574,0.01433314438416066,0.04870839744108835
xgb_nowww,targeted_ablation,aligned_matched,mendeley_phishurl,42,cross,raw,60000,18933,0.7211898025545431,0.5642488388336813,0.03264141974330534,0.09649817778482016
xgb_nowww,targeted_ablation,aligned_matched,mendeley_phishurl,42,cross,url_dedup,59999,18932,0.7211756171194449,0.5642088956911685,0.03264314388337207,0.09650327487851257
xgb_nowww,targeted_ablation,aligned_matched,mendeley_phishurl,42,cross,domain_dedup,58493,18574,0.7195881872647393,0.5654745507647192,0.03284160654678583,0.0958328846775062
xgb_nowww,targeted_ablation,aligned_matched,kaggle_malicious,42,cross,raw,60000,10831,0.6244448883927939,0.2424001057778596,0.0011079309389714707,0.020312067214476964
xgb_nowww,targeted_ablation,aligned_matched,kaggle_malicious,42,cross,url_dedup,60000,10831,0.6244448883927939,0.2424001057778596,0.0011079309389714707,0.020312067214476964
xgb_nowww,targeted_ablation,aligned_matched,kaggle_malicious,42,cross,domain_dedup,58128,10551,0.6221066315005112,0.24247760436013654,0.0011373329542223485,0.019808548952705906
xgb_nowww,targeted_ablation,aligned_matched,hannousse,42,cross,raw,11430,5715,0.7093711733102479,0.7459315420854528,0.050393700787401574,0.173578302712161
xgb_nowww,targeted_ablation,aligned_matched,hannousse,42,cross,url_dedup,11427,5712,0.7092211665943718,0.7456645256305217,0.05042016806722689,0.17314425770308123
xgb_nowww,targeted_ablation,aligned_matched,hannousse,42,cross,domain_dedup,11201,5593,0.7103304186275233,0.7462376972331861,0.05149293760057214,0.1743250491686036
xgb_nowww,targeted_ablation,aligned_matched,ebbu2017,42,cross,raw,60000,30360,0.8604915202233566,0.8585305903753025,0.08969038208168643,0.22529644268774704
xgb_nowww,targeted_ablation,aligned_matched,ebbu2017,42,cross,url_dedup,59998,30360,0.860495982328174,0.8585383031455993,0.08969038208168643,0.22529644268774704
xgb_nowww,targeted_ablation,aligned_matched,ebbu2017,42,cross,domain_dedup,59107,30101,0.8612103518650326,0.8603302206943353,0.09042888940566758,0.22607222351416897
xgb_nowww,targeted_ablation,aligned_matched,aligned_natural,42,cross,raw,16336,8168,0.9729530631110058,0.9712222306669014,0.27154750244857984,0.5061214495592556
xgb_nowww,targeted_ablation,aligned_matched,aligned_natural,42,cross,url_dedup,6276,3138,0.9114429670467604,0.9043629042647864,0.1810070108349267,0.278521351179095
xgb_nowww,targeted_ablation,aligned_matched,aligned_natural,42,cross,domain_dedup,3944,3106,0.8881297573254937,0.9604506161753986,0.12395363811976819,0.23631680618158404
xgb_nowww,targeted_ablation,aligned_matched,aligned_matched,43,within,raw,1989,1014,0.8959641935973296,0.8967733618805049,0.038461538461538464,0.34615384615384615
xgb_nowww,targeted_ablation,aligned_matched,phiusiil,43,cross,raw,60000,25603,0.48174833266687017,0.47576041299660954,0.012498535327891263,0.04413545287661602
xgb_nowww,targeted_ablation,aligned_matched,phiusiil,43,cross,url_dedup,59976,25579,0.4814477120960907,0.4751820313808579,0.012471167754798859,0.044020485554556475
xgb_nowww,targeted_ablation,aligned_matched,phiusiil,43,cross,domain_dedup,59010,24698,0.48111447889951037,0.46799073310888284,0.012632601830107702,0.04397117175479796
xgb_nowww,targeted_ablation,aligned_matched,mendeley_phishurl,43,cross,raw,60000,18933,0.7223553207906038,0.5622535451815083,0.030528706491311466,0.09148048381133471
xgb_nowww,targeted_ablation,aligned_matched,mendeley_phishurl,43,cross,url_dedup,59999,18932,0.7223413036739996,0.5622146634164715,0.03053031903655187,0.09148531586731459
xgb_nowww,targeted_ablation,aligned_matched,mendeley_phishurl,43,cross,domain_dedup,58493,18574,0.7208337441356865,0.5635365560785924,0.03047270377947669,0.09174114353397222
xgb_nowww,targeted_ablation,aligned_matched,kaggle_malicious,43,cross,raw,60000,10831,0.6306620069503068,0.24621064596477063,0.0011079309389714707,0.021419998153448434
xgb_nowww,targeted_ablation,aligned_matched,kaggle_malicious,43,cross,url_dedup,60000,10831,0.6306620069503068,0.24621064596477063,0.0011079309389714707,0.021419998153448434
xgb_nowww,targeted_ablation,aligned_matched,kaggle_malicious,43,cross,domain_dedup,58128,10551,0.6278340176138396,0.24613888938645284,0.001042555208037153,0.021419770637854232
xgb_nowww,targeted_ablation,aligned_matched,hannousse,43,cross,raw,11430,5715,0.7149781583513786,0.7462547180533321,0.05616797900262467,0.15345581802274716
xgb_nowww,targeted_ablation,aligned_matched,hannousse,43,cross,url_dedup,11427,5712,0.7148311883808642,0.7459811978078652,0.05619747899159664,0.15301120448179273
xgb_nowww,targeted_ablation,aligned_matched,hannousse,43,cross,domain_dedup,11201,5593,0.7156447693048142,0.7464818066616776,0.057393170033971035,0.1543000178794922
xgb_nowww,targeted_ablation,aligned_matched,ebbu2017,43,cross,raw,60000,30360,0.8593610896635782,0.8578229136217901,0.07094861660079052,0.22865612648221345
xgb_nowww,targeted_ablation,aligned_matched,ebbu2017,43,cross,url_dedup,59998,30360,0.8593636862186235,0.8578295237510316,0.07094861660079052,0.22865612648221345
xgb_nowww,targeted_ablation,aligned_matched,ebbu2017,43,cross,domain_dedup,59107,30101,0.8601715905299524,0.8597319007188522,0.07152586292814192,0.2290289359157503
xgb_nowww,targeted_ablation,aligned_matched,aligned_natural,43,cross,raw,16336,8168,0.9729730357641343,0.9716361021375898,0.2924828599412341,0.5527668952007836
xgb_nowww,targeted_ablation,aligned_matched,aligned_natural,43,cross,url_dedup,6276,3138,0.9115210615490295,0.9059153654413523,0.17686424474187382,0.31134480560866795
xgb_nowww,targeted_ablation,aligned_matched,aligned_natural,43,cross,domain_dedup,3944,3106,0.8880629069611977,0.9610300133693102,0.1262073406310367,0.23889246619446233
xgb_nowww,targeted_ablation,aligned_matched,aligned_matched,44,within,raw,1933,1040,0.8831504651563443,0.8941061766232259,0.10192307692307692,0.2144230769230769
xgb_nowww,targeted_ablation,aligned_matched,phiusiil,44,cross,raw,60000,25603,0.4782896796160352,0.4714683666631042,0.010701870874506894,0.04194820919423505
xgb_nowww,targeted_ablation,aligned_matched,phiusiil,44,cross,url_dedup,59976,25579,0.4779834862023225,0.47088778229143213,0.01071191211540717,0.04183118964775793
xgb_nowww,targeted_ablation,aligned_matched,phiusiil,44,cross,domain_dedup,59010,24698,0.4768129099781835,0.4627342618740755,0.010770102842335412,0.041784759899587014
xgb_nowww,targeted_ablation,aligned_matched,mendeley_phishurl,44,cross,raw,60000,18933,0.7194503998745316,0.5607589963859513,0.037395024560291555,0.09660381344741985
xgb_nowww,targeted_ablation,aligned_matched,mendeley_phishurl,44,cross,url_dedup,59999,18932,0.719436491704221,0.5607229392187449,0.037396999788717515,0.09660891612085358
xgb_nowww,targeted_ablation,aligned_matched,mendeley_phishurl,44,cross,domain_dedup,58493,18574,0.7178069826080704,0.5619170456803431,0.03628728329923549,0.0979325939485302
xgb_nowww,targeted_ablation,aligned_matched,kaggle_malicious,44,cross,raw,60000,10831,0.6254867287542105,0.2421823693340464,0.001477241251961961,0.02095836026221032
xgb_nowww,targeted_ablation,aligned_matched,kaggle_malicious,44,cross,url_dedup,60000,10831,0.6254867287542105,0.2421823693340464,0.001477241251961961,0.02095836026221032
xgb_nowww,targeted_ablation,aligned_matched,kaggle_malicious,44,cross,domain_dedup,58128,10551,0.6227039462481709,0.24206355148892086,0.0015164439389631316,0.020661548668372665
xgb_nowww,targeted_ablation,aligned_matched,hannousse,44,cross,raw,11430,5715,0.7062739073626295,0.7455808718880823,0.06981627296587926,0.19247594050743658
xgb_nowww,targeted_ablation,aligned_matched,hannousse,44,cross,url_dedup,11427,5712,0.7061250003063342,0.7453269972957657,0.06967787114845939,0.19240196078431374
xgb_nowww,targeted_ablation,aligned_matched,hannousse,44,cross,domain_dedup,11201,5593,0.7067645949325795,0.7455562542326959,0.07062399427856249,0.19363490076881817
xgb_nowww,targeted_ablation,aligned_matched,ebbu2017,44,cross,raw,60000,30360,0.8588109987838248,0.8571976509077431,0.08557312252964427,0.22849143610013176
xgb_nowww,targeted_ablation,aligned_matched,ebbu2017,44,cross,url_dedup,59998,30360,0.8588160920873846,0.8572058956257195,0.08557312252964427,0.22849143610013176
xgb_nowww,targeted_ablation,aligned_matched,ebbu2017,44,cross,domain_dedup,59107,30101,0.8594469043099726,0.8589260445851244,0.08630942493604864,0.22896249294043386
xgb_nowww,targeted_ablation,aligned_matched,aligned_natural,44,cross,raw,16336,8168,0.9734081323307506,0.9717187661549511,0.2770568070519099,0.5330558276199804
xgb_nowww,targeted_ablation,aligned_matched,aligned_natural,44,cross,url_dedup,6276,3138,0.9126620130873793,0.9058404135842042,0.18005098789037605,0.28840025493945187
xgb_nowww,targeted_ablation,aligned_matched,aligned_natural,44,cross,domain_dedup,3944,3106,0.8903650183569564,0.9615645166447946,0.07662588538312942,0.22762395363811977
xgb_nowww,targeted_ablation,aligned_matched,aligned_matched,45,within,raw,2034,990,0.9001117496807153,0.8912664901925961,0.07575757575757576,0.298989898989899
xgb_nowww,targeted_ablation,aligned_matched,phiusiil,45,cross,raw,60000,25603,0.4747809292747269,0.47123959556359524,0.01409991016677733,0.04776783970628442
xgb_nowww,targeted_ablation,aligned_matched,phiusiil,45,cross,url_dedup,59976,25579,0.47446829654694045,0.4706656214432601,0.014113139684897767,0.04765628054263263
xgb_nowww,targeted_ablation,aligned_matched,phiusiil,45,cross,domain_dedup,59010,24698,0.47446415169011774,0.46314779231051034,0.014090209733581667,0.047777147947202205
xgb_nowww,targeted_ablation,aligned_matched,mendeley_phishurl,45,cross,raw,60000,18933,0.7215663812033105,0.5636580587620773,0.03633866793429462,0.10589975175619289
xgb_nowww,targeted_ablation,aligned_matched,mendeley_phishurl,45,cross,url_dedup,59999,18932,0.7215525655073582,0.5636221896495166,0.03634058736530742,0.10590534544686246
xgb_nowww,targeted_ablation,aligned_matched,mendeley_phishurl,45,cross,domain_dedup,58493,18574,0.7200965562726565,0.5650267840230982,0.036233444599978466,0.10676214062668246
xgb_nowww,targeted_ablation,aligned_matched,kaggle_malicious,45,cross,raw,60000,10831,0.6255958773059566,0.24402483874735623,0.002308189456190564,0.022158618779429415
xgb_nowww,targeted_ablation,aligned_matched,kaggle_malicious,45,cross,url_dedup,60000,10831,0.6255958773059566,0.24402483874735623,0.002308189456190564,0.022158618779429415
xgb_nowww,targeted_ablation,aligned_matched,kaggle_malicious,45,cross,domain_dedup,58128,10551,0.6227947507674867,0.24400266687802363,0.0021798881622595015,0.022272770353520994
xgb_nowww,targeted_ablation,aligned_matched,hannousse,45,cross,raw,11430,5715,0.7120206299671858,0.7487925356272089,0.04041994750656168,0.18862642169728783
xgb_nowww,targeted_ablation,aligned_matched,hannousse,45,cross,url_dedup,11427,5712,0.7118733320099694,0.7485351027865226,0.04044117647058824,0.18855042016806722
xgb_nowww,targeted_ablation,aligned_matched,hannousse,45,cross,domain_dedup,11201,5593,0.7127101956210291,0.7489651063440804,0.04094403718934382,0.19005900232433398
xgb_nowww,targeted_ablation,aligned_matched,ebbu2017,45,cross,raw,60000,30360,0.8604490841125566,0.8586464086108508,0.08152173913043478,0.22154150197628458
xgb_nowww,targeted_ablation,aligned_matched,ebbu2017,45,cross,url_dedup,59998,30360,0.8604550214440904,0.8586554998037079,0.08152173913043478,0.22154150197628458
xgb_nowww,targeted_ablation,aligned_matched,ebbu2017,45,cross,domain_dedup,59107,30101,0.8609665107727609,0.8603079628940729,0.0822231819540879,0.22195275904455
xgb_nowww,targeted_ablation,aligned_matched,aligned_natural,45,cross,raw,16336,8168,0.9723219872275746,0.9706869931534952,0.29003428011753185,0.5148139079333987
xgb_nowww,targeted_ablation,aligned_matched,aligned_natural,45,cross,url_dedup,6276,3138,0.9105982465397738,0.9043439007053818,0.1577437858508604,0.2979604843849586
xgb_nowww,targeted_ablation,aligned_matched,aligned_natural,45,cross,domain_dedup,3944,3106,0.887983762277031,0.9608540339473448,0.12781712813908563,0.24146812620734062
xgb_nowww,targeted_ablation,aligned_matched,aligned_matched,46,within,raw,2037,998,0.9045424824625189,0.8989988778788851,0.1533066132264529,0.3096192384769539
xgb_nowww,targeted_ablation,aligned_matched,phiusiil,46,cross,raw,60000,25603,0.4801140895360908,0.4806065803554766,0.01820099207124165,0.05386087567863141
xgb_nowww,targeted_ablation,aligned_matched,phiusiil,46,cross,url_dedup,59976,25579,0.4798037352579747,0.4800074733095706,0.01817897494038078,0.05363774971656437
xgb_nowww,targeted_ablation,aligned_matched,phiusiil,46,cross,domain_dedup,59010,24698,0.4790570287251391,0.47208482585216516,0.017936675034415744,0.05368855777795773
xgb_nowww,targeted_ablation,aligned_matched,mendeley_phishurl,46,cross,raw,60000,18933,0.7210375025881438,0.5664227762998477,0.03882110600538742,0.0999313368193102
xgb_nowww,targeted_ablation,aligned_matched,mendeley_phishurl,46,cross,url_dedup,59999,18932,0.7210235303358962,0.5663858932679346,0.03882315656032115,0.09993661525459539
xgb_nowww,targeted_ablation,aligned_matched,mendeley_phishurl,46,cross,domain_dedup,58493,18574,0.7195520502345558,0.5676924826632309,0.03924841175837192,0.09997846452029718
xgb_nowww,targeted_ablation,aligned_matched,kaggle_malicious,46,cross,raw,60000,10831,0.625799471549157,0.24360249594206737,0.0011079309389714707,0.01938879143200074
xgb_nowww,targeted_ablation,aligned_matched,kaggle_malicious,46,cross,url_dedup,60000,10831,0.625799471549157,0.24360249594206737,0.0011079309389714707,0.01938879143200074
xgb_nowww,targeted_ablation,aligned_matched,kaggle_malicious,46,cross,domain_dedup,58128,10551,0.6232970337772712,0.2436148039915128,0.0011373329542223485,0.019618993460335514
xgb_nowww,targeted_ablation,aligned_matched,hannousse,46,cross,raw,11430,5715,0.7124975563531375,0.7495764446198094,0.05966754155730534,0.19125109361329834
xgb_nowww,targeted_ablation,aligned_matched,hannousse,46,cross,url_dedup,11427,5712,0.7123481501086875,0.7493062011911418,0.05952380952380952,0.19082633053221287
xgb_nowww,targeted_ablation,aligned_matched,hannousse,46,cross,domain_dedup,11201,5593,0.713325042282066,0.7497334076976263,0.05971750402288575,0.1922045413910245
xgb_nowww,targeted_ablation,aligned_matched,ebbu2017,46,cross,raw,60000,30360,0.8610582262734724,0.8597976085570247,0.08840579710144927,0.23013833992094862
xgb_nowww,targeted_ablation,aligned_matched,ebbu2017,46,cross,url_dedup,59998,30360,0.8610637423905019,0.8598066128507647,0.08840579710144927,0.23013833992094862
xgb_nowww,targeted_ablation,aligned_matched,ebbu2017,46,cross,domain_dedup,59107,30101,0.8617947481384143,0.8616209622517521,0.08916647287465533,0.23059034583568652
xgb_nowww,targeted_ablation,aligned_matched,aligned_natural,46,cross,raw,16336,8168,0.9727735865267194,0.9712712965195202,0.2916258570029383,0.5222820763956905
xgb_nowww,targeted_ablation,aligned_matched,aligned_natural,46,cross,url_dedup,6276,3138,0.9098770148686247,0.9032637747220298,0.18323773103887828,0.2979604843849586
xgb_nowww,targeted_ablation,aligned_matched,aligned_natural,46,cross,domain_dedup,3944,3106,0.8881543459652347,0.9611866337606136,0.12395363811976819,0.2450096587250483
xgb_nowww,targeted_ablation,aligned_natural,aligned_matched,42,cross,raw,10060,5030,0.9936918844784177,0.9937071712769064,0.6972166998011928,0.8602385685884691
xgb_nowww,targeted_ablation,aligned_natural,aligned_matched,42,cross,url_dedup,0,0,,,,
xgb_nowww,targeted_ablation,aligned_natural,aligned_matched,42,cross,domain_dedup,0,0,,,,
xgb_nowww,targeted_ablation,aligned_natural,aligned_matched,43,cross,raw,10060,5030,0.9936873787098482,0.99369717407303,0.7107355864811133,0.8622266401590457
xgb_nowww,targeted_ablation,aligned_natural,aligned_matched,43,cross,url_dedup,0,0,,,,
xgb_nowww,targeted_ablation,aligned_natural,aligned_matched,43,cross,domain_dedup,0,0,,,,
xgb_nowww,targeted_ablation,aligned_natural,aligned_matched,44,cross,raw,10060,5030,0.9940351528996992,0.9940612357380141,0.7328031809145129,0.8586481113320079
xgb_nowww,targeted_ablation,aligned_natural,aligned_matched,44,cross,url_dedup,0,0,,,,
xgb_nowww,targeted_ablation,aligned_natural,aligned_matched,44,cross,domain_dedup,0,0,,,,
xgb_nowww,targeted_ablation,aligned_natural,aligned_matched,45,cross,raw,10060,5030,0.9939651158654436,0.993961133364013,0.6679920477137177,0.862027833001988
xgb_nowww,targeted_ablation,aligned_natural,aligned_matched,45,cross,url_dedup,0,0,,,,
xgb_nowww,targeted_ablation,aligned_natural,aligned_matched,45,cross,domain_dedup,0,0,,,,
xgb_nowww,targeted_ablation,aligned_natural,aligned_matched,46,cross,raw,10060,5030,0.993794212854088,0.9938244244556762,0.6908548707753479,0.8572564612326043
xgb_nowww,targeted_ablation,aligned_natural,aligned_matched,46,cross,url_dedup,0,0,,,,
xgb_nowww,targeted_ablation,aligned_natural,aligned_matched,46,cross,domain_dedup,0,0,,,,
xgb_nowww,full,phiusiil,aligned_matched,42,cross,raw,10060,5030,0.39995919117501755,0.4376354832399756,0.0,0.00536779324055666
xgb_nowww,full,phiusiil,aligned_matched,42,cross,url_dedup,10036,5006,0.39946154078326684,0.4357641737835502,0.0,0.004994007191370355
xgb_nowww,full,phiusiil,aligned_matched,42,cross,domain_dedup,9721,4916,0.39993414863991855,0.4419875430807083,0.0,0.00467860048820179
xgb_nowww,full,phiusiil,aligned_matched,43,cross,raw,10060,5030,0.4117212628799766,0.45121891149557536,0.0,0.008151093439363818
xgb_nowww,full,phiusiil,aligned_matched,43,cross,url_dedup,10036,5006,0.41135228183436334,0.4493872837739909,0.0,0.008190171793847383
xgb_nowww,full,phiusiil,aligned_matched,43,cross,domain_dedup,9721,4916,0.41165342583710185,0.4558503464523669,0.0,0.008136696501220505
xgb_nowww,full,phiusiil,aligned_matched,44,cross,raw,10060,5030,0.4064979111415009,0.447037803233028,0.0,0.006759443339960238
xgb_nowww,full,phiusiil,aligned_matched,44,cross,url_dedup,10036,5006,0.4061637367167351,0.44529975562764934,0.0,0.006592089492608869
xgb_nowww,full,phiusiil,aligned_matched,44,cross,domain_dedup,9721,4916,0.40566220093830246,0.4513898816630432,0.0,0.006509357200976403
xgb_nowww,full,phiusiil,aligned_matched,45,cross,raw,10060,5030,0.4128694038551989,0.44588459566212313,0.0,0.003976143141153081
xgb_nowww,full,phiusiil,aligned_matched,45,cross,url_dedup,10036,5006,0.41240441887230356,0.44409737291053725,0.0,0.003995205753096284
xgb_nowww,full,phiusiil,aligned_matched,45,cross,domain_dedup,9721,4916,0.4121142795213488,0.4501671514602118,0.0,0.0038649308380797396
xgb_nowww,full,phiusiil,aligned_matched,46,cross,raw,10060,5030,0.3879540648751626,0.43110758870707994,0.0,0.00437375745526839
xgb_nowww,full,phiusiil,aligned_matched,46,cross,url_dedup,10036,5006,0.3874797559032541,0.4292745866806106,0.0,0.0043947263284059125
xgb_nowww,full,phiusiil,aligned_matched,46,cross,domain_dedup,9721,4916,0.3870500580406395,0.4351212408371914,0.0,0.004271765663140765
xgb_nowww,full,mendeley_phishurl,aligned_matched,42,cross,raw,10060,5030,0.7114457588465233,0.6503989236080475,0.0045725646123260435,0.03200795228628231
xgb_nowww,full,mendeley_phishurl,aligned_matched,42,cross,url_dedup,10059,5029,0.7114126535280265,0.6503339436758682,0.00457347385166037,0.03201431696162259
xgb_nowww,full,mendeley_phishurl,aligned_matched,42,cross,domain_dedup,9650,4985,0.7135737114881622,0.670706723217928,0.0044132397191574725,0.03811434302908726
xgb_nowww,full,mendeley_phishurl,aligned_matched,43,cross,raw,10060,5030,0.7116854538771348,0.6519022831146055,0.003976143141153081,0.03399602385685885
xgb_nowww,full,mendeley_phishurl,aligned_matched,43,cross,url_dedup,10059,5029,0.7116547286177547,0.651841794864256,0.003976933784052496,0.034002783853648834
xgb_nowww,full,mendeley_phishurl,aligned_matched,43,cross,domain_dedup,9650,4985,0.7136618214772936,0.6720242784740008,0.003811434302908726,0.03590772316950853
xgb_nowww,full,mendeley_phishurl,aligned_matched,44,cross,raw,10060,5030,0.7100634167164014,0.6478174725985348,0.00437375745526839,0.030218687872763418
xgb_nowww,full,mendeley_phishurl,aligned_matched,44,cross,url_dedup,10059,5029,0.710031064359518,0.6477538339023686,0.004374627162457745,0.030224696758798967
xgb_nowww,full,mendeley_phishurl,aligned_matched,44,cross,domain_dedup,9650,4985,0.7124192728238306,0.6679944826265374,0.004212637913741223,0.031093279839518557
xgb_nowww,full,mendeley_phishurl,aligned_matched,45,cross,raw,10060,5030,0.7086600871905743,0.6481638972375595,0.00536779324055666,0.03061630218687873
xgb_nowww,full,mendeley_phishurl,aligned_matched,45,cross,url_dedup,10059,5029,0.7086276929791305,0.6481005113414195,0.005368860608470869,0.030622390137204216
xgb_nowww,full,mendeley_phishurl,aligned_matched,45,cross,domain_dedup,9650,4985,0.7107442369982402,0.6683488121278712,0.0050150451354062184,0.033500501504513544
xgb_nowww,full,mendeley_phishurl,aligned_matched,46,cross,raw,10060,5030,0.7115647071843295,0.6507737690582247,0.005566600397614314,0.03320079522862823
xgb_nowww,full,mendeley_phishurl,aligned_matched,46,cross,url_dedup,10059,5029,0.7115325347576501,0.6507106061562037,0.005567707297673493,0.033207397096838336
xgb_nowww,full,mendeley_phishurl,aligned_matched,46,cross,domain_dedup,9650,4985,0.7139498452485,0.6709250384707083,0.005215646940822468,0.03450351053159478
xgb_nowww,full,kaggle_malicious,aligned_matched,42,cross,raw,10060,5030,0.6640193036611346,0.6343021896383265,0.007157057654075547,0.02882703777335984
xgb_nowww,full,kaggle_malicious,aligned_matched,42,cross,url_dedup,10060,5030,0.6640193036611346,0.6343021896383265,0.007157057654075547,0.02882703777335984
xgb_nowww,full,kaggle_malicious,aligned_matched,42,cross,domain_dedup,9668,5010,0.6602498523776834,0.6472022686222869,0.006986027944111776,0.028942115768463075
xgb_nowww,full,kaggle_malicious,aligned_matched,43,cross,raw,10060,5030,0.6665795880778944,0.6369124116374909,0.007952286282306162,0.029423459244532803
xgb_nowww,full,kaggle_malicious,aligned_matched,43,cross,url_dedup,10060,5030,0.6665795880778944,0.6369124116374909,0.007952286282306162,0.029423459244532803
xgb_nowww,full,kaggle_malicious,aligned_matched,43,cross,domain_dedup,9668,5010,0.663542344250957,0.6505425619557188,0.005788423153692615,0.028343313373253493
xgb_nowww,full,kaggle_malicious,aligned_matched,44,cross,raw,10060,5030,0.6706906276061325,0.6425885482658498,0.00874751491053678,0.03359840954274354
xgb_nowww,full,kaggle_malicious,aligned_matched,44,cross,url_dedup,10060,5030,0.6706906276061325,0.6425885482658498,0.00874751491053678,0.03359840954274354
xgb_nowww,full,kaggle_malicious,aligned_matched,44,cross,domain_dedup,9668,5010,0.6680688858435984,0.6566753363416178,0.008782435129740519,0.03313373253493014
xgb_nowww,full,kaggle_malicious,aligned_matched,45,cross,raw,10060,5030,0.6758226782446475,0.6484097089319518,0.004771371769383698,0.027236580516898607
xgb_nowww,full,kaggle_malicious,aligned_matched,45,cross,url_dedup,10060,5030,0.6758226782446475,0.6484097089319518,0.004771371769383698,0.027236580516898607
xgb_nowww,full,kaggle_malicious,aligned_matched,45,cross,domain_dedup,9668,5010,0.6729463571783012,0.661537901996052,0.004590818363273453,0.026347305389221556
xgb_nowww,full,kaggle_malicious,aligned_matched,46,cross,raw,10060,5030,0.6658307807232153,0.6343627970441913,0.004970178926441352,0.026640159045725646
xgb_nowww,full,kaggle_malicious,aligned_matched,46,cross,url_dedup,10060,5030,0.6658307807232153,0.6343627970441913,0.004970178926441352,0.026640159045725646
xgb_nowww,full,kaggle_malicious,aligned_matched,46,cross,domain_dedup,9668,5010,0.6628754941812383,0.6485069657807352,0.00499001996007984,0.026147704590818364
xgb_nowww,full,hannousse,aligned_matched,42,cross,raw,10060,5030,0.7505248825140609,0.751555029659009,0.046123260437375746,0.1168986083499006
xgb_nowww,full,hannousse,aligned_matched,42,cross,url_dedup,10058,5028,0.7504676792071754,0.751410067390344,0.045942720763723154,0.11674622116149562
xgb_nowww,full,hannousse,aligned_matched,42,cross,domain_dedup,9845,5010,0.7496792144769406,0.7573296197828934,0.046906187624750496,0.11976047904191617
xgb_nowww,full,hannousse,aligned_matched,43,cross,raw,10060,5030,0.7529741432122967,0.7529808027941978,0.044532803180914515,0.1172962226640159
xgb_nowww,full,hannousse,aligned_matched,43,cross,url_dedup,10058,5028,0.7529189026540835,0.7528350499127539,0.04435163086714399,0.11714399363564042
xgb_nowww,full,hannousse,aligned_matched,43,cross,domain_dedup,9845,5010,0.7517057508560955,0.7583046911242578,0.04411177644710579,0.11756487025948104
xgb_nowww,full,hannousse,aligned_matched,44,cross,raw,10060,5030,0.7501817129034936,0.7529197081192556,0.05944333996023857,0.12067594433399602
xgb_nowww,full,hannousse,aligned_matched,44,cross,url_dedup,10058,5028,0.7501212889726083,0.7527730177744618,0.05926809864757359,0.12052505966587113
xgb_nowww,full,hannousse,aligned_matched,44,cross,domain_dedup,9845,5010,0.749173132535343,0.7584058756859468,0.050099800399201595,0.12355289421157685
xgb_nowww,full,hannousse,aligned_matched,45,cross,raw,10060,5030,0.750432395685529,0.7530217040812359,0.05268389662027833,0.11789264413518886
xgb_nowww,full,hannousse,aligned_matched,45,cross,url_dedup,10058,5028,0.7503723087093983,0.752877148108466,0.05250596658711217,0.1177406523468576
xgb_nowww,full,hannousse,aligned_matched,45,cross,domain_dedup,9845,5010,0.7493979156475055,0.7585918598692789,0.054890219560878244,0.11936127744510978
xgb_nowww,full,hannousse,aligned_matched,46,cross,raw,10060,5030,0.7500636736242585,0.7510226486175856,0.049105367793240554,0.11590457256461233
xgb_nowww,full,hannousse,aligned_matched,46,cross,url_dedup,10058,5028,0.7500122178622775,0.7508807536710213,0.04892601431980907,0.11575178997613365
xgb_nowww,full,hannousse,aligned_matched,46,cross,domain_dedup,9845,5010,0.748995824276989,0.7565583469048414,0.04890219560878244,0.11816367265469062
xgb_nowww,full,ebbu2017,aligned_matched,42,cross,raw,10060,5030,0.7728832373551929,0.7612838353038154,0.04294234592445328,0.12485089463220676
xgb_nowww,full,ebbu2017,aligned_matched,42,cross,url_dedup,10058,5030,0.7728264660248533,0.7612962222150097,0.04294234592445328,0.12485089463220676
xgb_nowww,full,ebbu2017,aligned_matched,42,cross,domain_dedup,9657,5023,0.7685615740317887,0.771368667442208,0.041409516225363326,0.12363129603822418
xgb_nowww,full,ebbu2017,aligned_matched,43,cross,raw,10060,5030,0.7765318032164863,0.7648003501165104,0.031610337972166995,0.1238568588469185
xgb_nowww,full,ebbu2017,aligned_matched,43,cross,url_dedup,10058,5030,0.776485498306897,0.7648166088803272,0.031610337972166995,0.1238568588469185
xgb_nowww,full,ebbu2017,aligned_matched,43,cross,domain_dedup,9657,5023,0.7719599681774584,0.7743261842789788,0.029862631893290862,0.12343221182560223
xgb_nowww,full,ebbu2017,aligned_matched,44,cross,raw,10060,5030,0.7710352793774135,0.7543900345237726,0.034393638170974156,0.10715705765407554
xgb_nowww,full,ebbu2017,aligned_matched,44,cross,url_dedup,10058,5030,0.770980145380699,0.7544033573715426,0.034393638170974156,0.10715705765407554
xgb_nowww,full,ebbu2017,aligned_matched,44,cross,domain_dedup,9657,5023,0.767033686475102,0.7655042928411355,0.03384431614572964,0.10153294843718894
xgb_nowww,full,ebbu2017,aligned_matched,45,cross,raw,10060,5030,0.7732390942614691,0.7580421058271882,0.036381709741550694,0.1121272365805169
xgb_nowww,full,ebbu2017,aligned_matched,45,cross,url_dedup,10058,5030,0.7731834134413882,0.7580549156271974,0.036381709741550694,0.1121272365805169
xgb_nowww,full,ebbu2017,aligned_matched,45,cross,domain_dedup,9657,5023,0.7687215416765227,0.7681699918755831,0.03444156878359546,0.10611188532749354
xgb_nowww,full,ebbu2017,aligned_matched,46,cross,raw,10060,5030,0.7759116869360377,0.7639484783773757,0.035984095427435386,0.11650099403578529
xgb_nowww,full,ebbu2017,aligned_matched,46,cross,url_dedup,10058,5030,0.7758422416969939,0.7639552022873946,0.035984095427435386,0.11650099403578529
xgb_nowww,full,ebbu2017,aligned_matched,46,cross,domain_dedup,9657,5023,0.7713767854747747,0.7735620009379531,0.03503882142146128,0.11546884332072467
xgb_nowww,full,aligned_matched,aligned_matched,42,within,raw,1978,1036,0.9349183123068474,0.9410876868558045,0.18436293436293436,0.45077220077220076
xgb_nowww,full,aligned_matched,phiusiil,42,cross,raw,60000,25603,0.5544149197581902,0.549958682992012,0.02745771979846112,0.07713939772682889
xgb_nowww,full,aligned_matched,phiusiil,42,cross,url_dedup,59976,25579,0.554134947583129,0.5493446326878314,0.02736619883498182,0.07693811329606318
xgb_nowww,full,aligned_matched,phiusiil,42,cross,domain_dedup,59010,24698,0.5517965103080323,0.5404448572705571,0.02728965908170702,0.07668637136610251
xgb_nowww,full,aligned_matched,mendeley_phishurl,42,cross,raw,60000,18933,0.7241988980803902,0.5680531754640449,0.04415570696667195,0.10589975175619289
xgb_nowww,full,aligned_matched,mendeley_phishurl,42,cross,url_dedup,59999,18932,0.7241848625841449,0.5680134981910864,0.04415803929854215,0.10590534544686246
xgb_nowww,full,aligned_matched,mendeley_phishurl,42,cross,domain_dedup,58493,18574,0.7220491380368818,0.5689638724447968,0.044309249488532355,0.1062237536341122
xgb_nowww,full,aligned_matched,kaggle_malicious,42,cross,raw,60000,10831,0.6048322097659744,0.23479483264981243,0.0018465515649524512,0.019665774166743605
xgb_nowww,full,aligned_matched,kaggle_malicious,42,cross,url_dedup,60000,10831,0.6048322097659744,0.23479483264981243,0.0018465515649524512,0.019665774166743605
xgb_nowww,full,aligned_matched,kaggle_malicious,42,cross,domain_dedup,58128,10551,0.6024855662648214,0.23493429302293378,0.0018007771775187186,0.01923988247559473
xgb_nowww,full,aligned_matched,hannousse,42,cross,raw,11430,5715,0.7267998368095502,0.7648423303162079,0.10778652668416448,0.22799650043744532
xgb_nowww,full,aligned_matched,hannousse,42,cross,url_dedup,11427,5712,0.7266797532661358,0.7646554020654774,0.10766806722689076,0.22794117647058823
xgb_nowww,full,aligned_matched,hannousse,42,cross,domain_dedup,11201,5593,0.7272252953750777,0.7650142089357196,0.1092436974789916,0.22975147505810836
xgb_nowww,full,aligned_matched,ebbu2017,42,cross,raw,60000,30360,0.8394860020954128,0.8467786889958434,0.10352437417654808,0.23491436100131752
xgb_nowww,full,aligned_matched,ebbu2017,42,cross,url_dedup,59998,30360,0.839492911990011,0.8467884861176401,0.10352437417654808,0.23491436100131752
xgb_nowww,full,aligned_matched,ebbu2017,42,cross,domain_dedup,59107,30101,0.8400301124392853,0.8487027997939377,0.10441513570977709,0.23657021361416564
xgb_nowww,full,aligned_matched,aligned_natural,42,cross,raw,16336,8168,0.9760185093808665,0.9746766547016434,0.3354554358472086,0.5785994123408423
xgb_nowww,full,aligned_matched,aligned_natural,42,cross,url_dedup,6276,3138,0.9107948537652519,0.9018050748663681,0.13894200127469725,0.2804333970681963
xgb_nowww,full,aligned_matched,aligned_natural,42,cross,domain_dedup,3944,3106,0.888699522211994,0.960827372167477,0.12395363811976819,0.23953638119768192
xgb_nowww,full,aligned_matched,aligned_matched,43,within,raw,1989,1014,0.9183467354473271,0.9205990350532809,0.1282051282051282,0.40039447731755423
xgb_nowww,full,aligned_matched,phiusiil,43,cross,raw,60000,25603,0.5454952407738698,0.5398602790721729,0.025778229113775728,0.07131976721477952
xgb_nowww,full,aligned_matched,phiusiil,43,cross,url_dedup,59976,25579,0.5452124687234491,0.5392256308369475,0.02564603776535439,0.07107392783142422
xgb_nowww,full,aligned_matched,phiusiil,43,cross,domain_dedup,59010,24698,0.5433790091037906,0.53063427293625,0.025427160093934732,0.07097740707749615
xgb_nowww,full,aligned_matched,mendeley_phishurl,43,cross,raw,60000,18933,0.7151802594950971,0.5487679933512879,0.029313896371414988,0.09200866212433317
xgb_nowww,full,aligned_matched,mendeley_phishurl,43,cross,url_dedup,59999,18932,0.7151655624150979,0.5487227515487001,0.029315444749630257,0.09196070145784914
xgb_nowww,full,aligned_matched,mendeley_phishurl,43,cross,domain_dedup,58493,18574,0.7128559114105493,0.5495043128466178,0.028534510606223754,0.09287175621836977
xgb_nowww,full,aligned_matched,kaggle_malicious,43,cross,raw,60000,10831,0.609244999129555,0.2389657222808203,0.002677499769181054,0.020773705105715076
xgb_nowww,full,aligned_matched,kaggle_malicious,43,cross,url_dedup,60000,10831,0.609244999129555,0.2389657222808203,0.002677499769181054,0.020773705105715076
xgb_nowww,full,aligned_matched,kaggle_malicious,43,cross,domain_dedup,58128,10551,0.6065578508894153,0.23899248217794333,0.0025589991470002845,0.019998104445076294
xgb_nowww,full,aligned_matched,hannousse,43,cross,raw,11430,5715,0.7250264801764171,0.7607803486968795,0.07069116360454943,0.21854768153980753
xgb_nowww,full,aligned_matched,hannousse,43,cross,url_dedup,11427,5712,0.7249224055326416,0.7606149150878335,0.0705532212885154,0.2184873949579832
xgb_nowww,full,aligned_matched,hannousse,43,cross,domain_dedup,11201,5593,0.7254932355070902,0.7610215026918915,0.07116037904523512,0.21938136956910423
xgb_nowww,full,aligned_matched,ebbu2017,43,cross,raw,60000,30360,0.8379276199106005,0.8421081179002946,0.09552042160737813,0.21231884057971015
xgb_nowww,full,aligned_matched,ebbu2017,43,cross,url_dedup,59998,30360,0.8379336389223998,0.8421170820604347,0.09552042160737813,0.21231884057971015
xgb_nowww,full,aligned_matched,ebbu2017,43,cross,domain_dedup,59107,30101,0.8380846006864343,0.8438431588061359,0.09634231420883027,0.2131490648151224
xgb_nowww,full,aligned_matched,aligned_natural,43,cross,raw,16336,8168,0.975629945723547,0.9742519466759073,0.32088638589618024,0.5701518119490695
xgb_nowww,full,aligned_matched,aligned_natural,43,cross,url_dedup,6276,3138,0.909087539367144,0.8991260867579434,0.13065646908859146,0.26864244741873805
xgb_nowww,full,aligned_matched,aligned_natural,43,cross,domain_dedup,3944,3106,0.8856361234780016,0.9594998628828668,0.12974887314874436,0.2031551835157759
xgb_nowww,full,aligned_matched,aligned_matched,44,within,raw,1933,1040,0.9039516754242398,0.9153891742477064,0.13942307692307693,0.33942307692307694
xgb_nowww,full,aligned_matched,phiusiil,44,cross,raw,60000,25603,0.5431152691734775,0.5293083798183457,0.023356637893996796,0.06370347224934578
xgb_nowww,full,aligned_matched,phiusiil,44,cross,url_dedup,59976,25579,0.5428378279357093,0.5286770002435875,0.023222174439970288,0.06345048672739356
xgb_nowww,full,aligned_matched,phiusiil,44,cross,domain_dedup,59010,24698,0.5407238147476683,0.5200296332719765,0.023443193780872944,0.06328447647582801
xgb_nowww,full,aligned_matched,mendeley_phishurl,44,cross,raw,60000,18933,0.7210342448004631,0.5589844218389058,0.03375059420060212,0.10389267416679872
xgb_nowww,full,aligned_matched,mendeley_phishurl,44,cross,url_dedup,59999,18932,0.721019777186833,0.5589390898629178,0.033752376927952674,0.10384534122121276
xgb_nowww,full,aligned_matched,mendeley_phishurl,44,cross,domain_dedup,58493,18574,0.7189365203796869,0.559965597825902,0.0338107031334123,0.10396252826531711
xgb_nowww,full,aligned_matched,kaggle_malicious,44,cross,raw,60000,10831,0.6082186033436043,0.23709535835711448,0.002308189456190564,0.02021973963622934
xgb_nowww,full,aligned_matched,kaggle_malicious,44,cross,url_dedup,60000,10831,0.6082186033436043,0.23709535835711448,0.002308189456190564,0.02021973963622934
xgb_nowww,full,aligned_matched,kaggle_malicious,44,cross,domain_dedup,58128,10551,0.6057471651932689,0.2372403891745729,0.002274665908444697,0.020471993176002276
xgb_nowww,full,aligned_matched,hannousse,44,cross,raw,11430,5715,0.7264713126957119,0.7618778254129235,0.043919510061242346,0.21277340332458441
xgb_nowww,full,aligned_matched,hannousse,44,cross,url_dedup,11427,5712,0.7263588374982539,0.7616960663132193,0.04376750700280112,0.21271008403361344
xgb_nowww,full,aligned_matched,hannousse,44,cross,domain_dedup,11201,5593,0.7270424514237661,0.7622225861176775,0.04380475594493116,0.21580547112462006
xgb_nowww,full,aligned_matched,ebbu2017,44,cross,raw,60000,30360,0.8361246119441199,0.8418069468993022,0.10125164690382081,0.2150197628458498
xgb_nowww,full,aligned_matched,ebbu2017,44,cross,url_dedup,59998,30360,0.8361314783810727,0.8418167110070609,0.10125164690382081,0.2150197628458498
xgb_nowww,full,aligned_matched,ebbu2017,44,cross,domain_dedup,59107,30101,0.8363718930381346,0.8436310542831563,0.10212285306136008,0.21603933424138733
xgb_nowww,full,aligned_matched,aligned_natural,44,cross,raw,16336,8168,0.9757824498580734,0.9743652411611619,0.30864348677766895,0.5868021547502449
xgb_nowww,full,aligned_matched,aligned_natural,44,cross,url_dedup,6276,3138,0.9087621625332436,0.8988233436997917,0.14754620777565328,0.2625876354365838
xgb_nowww,full,aligned_matched,aligned_natural,44,cross,domain_dedup,3944,3106,0.8875515400940823,0.9603686834760763,0.16162266580811332,0.2247263361236317
xgb_nowww,full,aligned_matched,aligned_matched,45,within,raw,2034,990,0.922105634892991,0.9167963572119991,0.13636363636363635,0.3696969696969697
xgb_nowww,full,aligned_matched,phiusiil,45,cross,raw,60000,25603,0.5521396058362809,0.5404540311452949,0.024879896887083544,0.06815607545990704
xgb_nowww,full,aligned_matched,phiusiil,45,cross,url_dedup,59976,25579,0.5518507180314947,0.5398147706204068,0.024825051800304938,0.06790726768051918
xgb_nowww,full,aligned_matched,phiusiil,45,cross,domain_dedup,59010,24698,0.5495942695620404,0.5307056194451938,0.024860312575917077,0.06745485464410074
xgb_nowww,full,aligned_matched,mendeley_phishurl,45,cross,raw,60000,18933,0.7186940458808735,0.559303899882335,0.038715470342787724,0.10067078645750806
xgb_nowww,full,aligned_matched,mendeley_phishurl,45,cross,url_dedup,59999,18932,0.718679508677134,0.5592597086450459,0.038717515317980136,0.10062328332981196
xgb_nowww,full,aligned_matched,mendeley_phishurl,45,cross,domain_dedup,58493,18574,0.7166786175298832,0.5602325241048438,0.03833315387100247,0.10132443200172284
xgb_nowww,full,aligned_matched,kaggle_malicious,45,cross,raw,60000,10831,0.6061093691246946,0.23857973799496313,0.0015695688302095835,0.021973963622934172
xgb_nowww,full,aligned_matched,kaggle_malicious,45,cross,url_dedup,60000,10831,0.6061093691246946,0.23857973799496313,0.0015695688302095835,0.021973963622934172
xgb_nowww,full,aligned_matched,kaggle_malicious,45,cross,domain_dedup,58128,10551,0.6040351615975912,0.238806960044912,0.001611221685148327,0.021324992891669035
xgb_nowww,full,aligned_matched,hannousse,45,cross,raw,11430,5715,0.7266399224156472,0.7657294293982464,0.08906386701662292,0.23202099737532808
xgb_nowww,full,aligned_matched,hannousse,45,cross,url_dedup,11427,5712,0.7265141489666733,0.7655307359592078,0.08893557422969188,0.23196778711484595
xgb_nowww,full,aligned_matched,hannousse,45,cross,domain_dedup,11201,5593,0.7270838344139673,0.7658295374750576,0.08975505095655284,0.23529411764705882
xgb_nowww,full,aligned_matched,ebbu2017,45,cross,raw,60000,30360,0.8395709982237443,0.8471683166574339,0.09706851119894598,0.23036890645586297
xgb_nowww,full,aligned_matched,ebbu2017,45,cross,url_dedup,59998,30360,0.8395782850435661,0.847178412643267,0.09706851119894598,0.23036890645586297
xgb_nowww,full,aligned_matched,ebbu2017,45,cross,domain_dedup,59107,30101,0.8397295883147115,0.8488146430173084,0.09790372412876648,0.23211853426796453
xgb_nowww,full,aligned_matched,aligned_natural,45,cross,raw,16336,8168,0.9756392238265762,0.9743020689008614,0.29884916748285995,0.5752938295788442
xgb_nowww,full,aligned_matched,aligned_natural,45,cross,url_dedup,6276,3138,0.9089167266846782,0.8994294418028528,0.13862332695984703,0.28521351179094967
xgb_nowww,full,aligned_matched,aligned_natural,45,cross,domain_dedup,3944,3106,0.8852386711684368,0.9596055571225958,0.13747585318737926,0.25434642627173215
xgb_nowww,full,aligned_matched,aligned_matched,46,within,raw,2037,998,0.9292579383984523,0.9268152007612619,0.20140280561122245,0.40681362725450904
xgb_nowww,full,aligned_matched,phiusiil,46,cross,raw,60000,25603,0.5523081957830726,0.5424230085978969,0.02167714720931141,0.06499238370503457
xgb_nowww,full,aligned_matched,phiusiil,46,cross,url_dedup,59976,25579,0.5520408518466368,0.5418015398828452,0.021619297079635637,0.06470151295984988
xgb_nowww,full,aligned_matched,phiusiil,46,cross,domain_dedup,59010,24698,0.549456722590096,0.5325285346501064,0.02145922746781116,0.06437768240343347
xgb_nowww,full,aligned_matched,mendeley_phishurl,46,cross,raw,60000,18933,0.7186064811009454,0.5571554151890383,0.038504199017588336,0.09956161200021127
xgb_nowww,full,aligned_matched,mendeley_phishurl,46,cross,url_dedup,59999,18932,0.7185920858994621,0.5571133825122175,0.03850623283329812,0.09951405028523136
xgb_nowww,full,aligned_matched,mendeley_phishurl,46,cross,domain_dedup,58493,18574,0.7164965985160545,0.5581499650682196,0.038979218262086786,0.09911704533218478
xgb_nowww,full,aligned_matched,kaggle_malicious,46,cross,raw,60000,10831,0.6062191382760991,0.23791610089480866,0.0024005170344381867,0.020127412057981717
xgb_nowww,full,aligned_matched,kaggle_malicious,46,cross,url_dedup,60000,10831,0.6062191382760991,0.23791610089480866,0.0024005170344381867,0.020127412057981717
xgb_nowww,full,aligned_matched,kaggle_malicious,46,cross,domain_dedup,58128,10551,0.603888843459238,0.23811368598894778,0.002369443654629893,0.020092882191261492
xgb_nowww,full,aligned_matched,hannousse,46,cross,raw,11430,5715,0.7267681937833012,0.7625326282674185,0.049868766404199474,0.2115485564304462
xgb_nowww,full,aligned_matched,hannousse,46,cross,url_dedup,11427,5712,0.7266660141746987,0.7623710453984078,0.04971988795518207,0.211484593837535
xgb_nowww,full,aligned_matched,hannousse,46,cross,domain_dedup,11201,5593,0.7272626133951319,0.7628662762667444,0.04988378330055426,0.2122295726801359
xgb_nowww,full,aligned_matched,ebbu2017,46,cross,raw,60000,30360,0.8396284376061264,0.8452436227680862,0.10210803689064558,0.23063241106719368
xgb_nowww,full,aligned_matched,ebbu2017,46,cross,url_dedup,59998,30360,0.8396344991531987,0.8452526423580553,0.10210803689064558,0.23063241106719368
xgb_nowww,full,aligned_matched,ebbu2017,46,cross,domain_dedup,59107,30101,0.8401265161432665,0.8472428885610601,0.10298661174047374,0.23251719211986313
xgb_nowww,full,aligned_matched,aligned_natural,46,cross,raw,16336,8168,0.9758642140778231,0.9742822675189339,0.29786973555337903,0.5657443682664055
xgb_nowww,full,aligned_matched,aligned_natural,46,cross,url_dedup,6276,3138,0.909165735422732,0.898667668068635,0.14435946462715105,0.29063097514340347
xgb_nowww,full,aligned_matched,aligned_natural,46,cross,domain_dedup,3944,3106,0.8883064881736324,0.9604472000725748,0.14327108821635545,0.2450096587250483
xgb_nowww,full,aligned_natural,aligned_matched,42,cross,raw,10060,5030,0.9971109723369525,0.9971264362332095,0.8009940357852883,0.9222664015904573
xgb_nowww,full,aligned_natural,aligned_matched,42,cross,url_dedup,0,0,,,,
xgb_nowww,full,aligned_natural,aligned_matched,42,cross,domain_dedup,0,0,,,,
xgb_nowww,full,aligned_natural,aligned_matched,43,cross,raw,10060,5030,0.9971108537640953,0.9971124405014586,0.7622266401590457,0.9286282306163022
xgb_nowww,full,aligned_natural,aligned_matched,43,cross,url_dedup,0,0,,,,
xgb_nowww,full,aligned_natural,aligned_matched,43,cross,domain_dedup,0,0,,,,
xgb_nowww,full,aligned_natural,aligned_matched,44,cross,raw,10060,5030,0.9970950638119592,0.9970924517053452,0.7978131212723658,0.9332007952286282
xgb_nowww,full,aligned_natural,aligned_matched,44,cross,url_dedup,0,0,,,,
xgb_nowww,full,aligned_natural,aligned_matched,44,cross,domain_dedup,0,0,,,,
xgb_nowww,full,aligned_natural,aligned_matched,45,cross,raw,10060,5030,0.997199190542629,0.9971863550237265,0.7910536779324056,0.9266401590457256
xgb_nowww,full,aligned_natural,aligned_matched,45,cross,url_dedup,0,0,,,,
xgb_nowww,full,aligned_natural,aligned_matched,45,cross,domain_dedup,0,0,,,,
xgb_nowww,full,aligned_natural,aligned_matched,46,cross,raw,10060,5030,0.9971870170626341,0.9971765996440582,0.7846918489065606,0.9314115308151093
xgb_nowww,full,aligned_natural,aligned_matched,46,cross,url_dedup,0,0,,,,
xgb_nowww,full,aligned_natural,aligned_matched,46,cross,domain_dedup,0,0,,,,
lr,full,phiusiil,aligned_matched,42,cross,raw,10060,5030,0.39645340679580565,0.4406024675152154,0.0,0.0
lr,full,phiusiil,aligned_matched,42,cross,url_dedup,10036,5006,0.3962050310998571,0.4393416781196348,0.0,0.0
lr,full,phiusiil,aligned_matched,42,cross,domain_dedup,9721,4916,0.3970446265205504,0.446596788590824,0.0,0.0
lr,full,mendeley_phishurl,aligned_matched,42,cross,raw,10060,5030,0.6611953527344877,0.6308980368005176,0.0,0.03876739562624255
lr,full,mendeley_phishurl,aligned_matched,42,cross,url_dedup,10059,5029,0.6611520971605247,0.6308270712490792,0.0,0.03877510439451183
lr,full,mendeley_phishurl,aligned_matched,42,cross,domain_dedup,9650,4985,0.661333926753465,0.6482226025470331,0.0,0.039518555667001
lr,full,kaggle_malicious,aligned_matched,42,cross,raw,10060,5030,0.5869785264555807,0.5721829136421137,0.0009940357852882703,0.039761431411530816
lr,full,kaggle_malicious,aligned_matched,42,cross,url_dedup,10060,5030,0.5869785264555807,0.5721829136421137,0.0009940357852882703,0.039761431411530816
lr,full,kaggle_malicious,aligned_matched,42,cross,domain_dedup,9668,5010,0.5825316305988281,0.5857481726824998,0.000998003992015968,0.03832335329341317
lr,full,hannousse,aligned_matched,42,cross,raw,10060,5030,0.7345295424273445,0.7235517635955966,0.002982107355864811,0.10079522862823062
lr,full,hannousse,aligned_matched,42,cross,url_dedup,10058,5028,0.7344981226404501,0.7234220879739663,0.0029832935560859188,0.10063643595863166
lr,full,hannousse,aligned_matched,42,cross,domain_dedup,9845,5010,0.7347180922539616,0.7306801327671659,0.001996007984031936,0.1029940119760479
lr,full,ebbu2017,aligned_matched,42,cross,raw,10060,5030,0.7726712290867124,0.7419729705455643,0.0,0.06620278330019881
lr,full,ebbu2017,aligned_matched,42,cross,url_dedup,10058,5030,0.7726571557132937,0.7420078892105579,0.0,0.06620278330019881
lr,full,ebbu2017,aligned_matched,42,cross,domain_dedup,9657,5023,0.7694318263738207,0.7543272858329514,0.0,0.06609595859048377
lr,full,aligned_matched,aligned_matched,42,within,raw,1978,1036,0.8726883161596538,0.8748686513601318,0.037644787644787646,0.16216216216216217
lr,full,aligned_matched,phiusiil,42,cross,raw,60000,25603,0.4601844928359483,0.4601674987341212,0.023356637893996796,0.05659493028160762
lr,full,aligned_matched,phiusiil,42,cross,url_dedup,59976,25579,0.460001945260867,0.45969683800013067,0.023378552719027328,0.05649165330935533
lr,full,aligned_matched,phiusiil,42,cross,domain_dedup,59010,24698,0.4615852208599207,0.4534335416132435,0.02299781358814479,0.05688719734391449
lr,full,aligned_matched,mendeley_phishurl,42,cross,raw,60000,18933,0.7851403644316666,0.670600706105962,0.071726614905192,0.18908783605345164
lr,full,aligned_matched,mendeley_phishurl,42,cross,url_dedup,59999,18932,0.7851291568949095,0.6705666618223858,0.07173040354954574,0.18904500316923728
lr,full,aligned_matched,mendeley_phishurl,42,cross,domain_dedup,58493,18574,0.7858736408115634,0.6729007161222529,0.07209001830515775,0.19005060837730162
lr,full,aligned_matched,kaggle_malicious,42,cross,raw,60000,10831,0.5613742022926064,0.20798499212975793,0.0005539654694857353,0.008401809620533654
lr,full,aligned_matched,kaggle_malicious,42,cross,url_dedup,60000,10831,0.5613742022926064,0.20798499212975793,0.0005539654694857353,0.008401809620533654
lr,full,aligned_matched,kaggle_malicious,42,cross,domain_dedup,58128,10551,0.5580324874973785,0.20772230133568642,0.0005686664771111743,0.008340441664297224
lr,full,aligned_matched,hannousse,42,cross,raw,11430,5715,0.7173753280839895,0.7537768149309325,0.09483814523184601,0.21242344706911637
lr,full,aligned_matched,hannousse,42,cross,url_dedup,11427,5712,0.7173433896743299,0.7536361796315801,0.09488795518207283,0.21218487394957983
lr,full,aligned_matched,hannousse,42,cross,domain_dedup,11201,5593,0.7191723822803775,0.7544200099599605,0.09529769354550331,0.2141963168246022
lr,full,aligned_matched,ebbu2017,42,cross,raw,60000,30360,0.8461123162846561,0.8533026045358824,0.10233860342555995,0.24110671936758893
lr,full,aligned_matched,ebbu2017,42,cross,url_dedup,59998,30360,0.8461334306828084,0.8533357099539443,0.10233860342555995,0.24110671936758893
lr,full,aligned_matched,ebbu2017,42,cross,domain_dedup,59107,30101,0.8454185916951187,0.8540305304042847,0.10301983322813195,0.24115477891099962
lr,full,aligned_matched,aligned_natural,42,cross,raw,16336,8168,0.8886149117192245,0.8834114444997955,0.08117042115572967,0.23714495592556317
lr,full,aligned_matched,aligned_natural,42,cross,url_dedup,6276,3138,0.9188615385490305,0.9120162130045899,0.07711918419375398,0.29318036966220523
lr,full,aligned_matched,aligned_natural,42,cross,domain_dedup,3944,3106,0.937583659004744,0.9792501722542084,0.04700579523502898,0.41629104958145524
lr,full,aligned_matched,aligned_matched,43,within,raw,1989,1014,0.8670474890001516,0.8618331894042792,0.0009861932938856016,0.15779092702169625
lr,full,aligned_matched,aligned_matched,44,within,raw,1933,1040,0.8452881385132226,0.8618134261411153,0.04326923076923077,0.13846153846153847
lr,full,aligned_matched,aligned_matched,45,within,raw,2034,990,0.8598296180192733,0.8358910567264611,0.00404040404040404,0.12323232323232323
lr,full,aligned_matched,aligned_matched,46,within,raw,2037,998,0.8684134390050553,0.8583888544128588,0.11422845691382766,0.21042084168336672
lr,full,aligned_natural,aligned_matched,42,cross,raw,10060,5030,0.8579043433237554,0.8518272922935757,0.05467196819085487,0.19900596421471173
lr,full,aligned_natural,aligned_matched,42,cross,url_dedup,0,0,,,,
lr,full,aligned_natural,aligned_matched,42,cross,domain_dedup,0,0,,,,
lr,targeted_ablation,phiusiil,aligned_matched,42,cross,raw,10060,5030,0.468319407610006,0.49519824856324535,0.0,0.0
lr,targeted_ablation,phiusiil,aligned_matched,42,cross,url_dedup,10036,5006,0.4683523112225567,0.4939976541527278,0.0,0.0
lr,targeted_ablation,phiusiil,aligned_matched,42,cross,domain_dedup,9721,4916,0.47000928819569393,0.5010938348035823,0.0,0.0
lr,targeted_ablation,mendeley_phishurl,aligned_matched,42,cross,raw,10060,5030,0.7588770557569099,0.7605656761060126,0.0,0.08807157057654076
lr,targeted_ablation,mendeley_phishurl,aligned_matched,42,cross,url_dedup,10059,5029,0.7588339321794427,0.7604874776079229,0.0,0.08808908331676278
lr,targeted_ablation,mendeley_phishurl,aligned_matched,42,cross,domain_dedup,9650,4985,0.75573098717374,0.7684148548377021,0.0,0.08625877632898696
lr,targeted_ablation,kaggle_malicious,aligned_matched,42,cross,raw,10060,5030,0.5579308641194582,0.5556255563075987,0.015506958250497018,0.040159045725646124
lr,targeted_ablation,kaggle_malicious,aligned_matched,42,cross,url_dedup,10060,5030,0.5579308641194582,0.5556255563075987,0.015506958250497018,0.040159045725646124
lr,targeted_ablation,kaggle_malicious,aligned_matched,42,cross,domain_dedup,9668,5010,0.5569288216182491,0.5714031617005287,0.013572854291417165,0.03812375249500998
lr,targeted_ablation,hannousse,aligned_matched,42,cross,raw,10060,5030,0.7520578912212609,0.7350922716508366,0.0019880715705765406,0.07634194831013917
lr,targeted_ablation,hannousse,aligned_matched,42,cross,url_dedup,10058,5028,0.7520239541272651,0.7349544976731186,0.001988862370723946,0.07617342879872713
lr,targeted_ablation,hannousse,aligned_matched,42,cross,domain_dedup,9845,5010,0.7528897737100773,0.7428757164015283,0.001996007984031936,0.07884231536926148
lr,targeted_ablation,ebbu2017,aligned_matched,42,cross,raw,10060,5030,0.8323148386025794,0.8086857181380974,0.0,0.08767395626242545
lr,targeted_ablation,ebbu2017,aligned_matched,42,cross,url_dedup,10058,5030,0.8323498349600092,0.8087458637735694,0.0,0.08767395626242545
lr,targeted_ablation,ebbu2017,aligned_matched,42,cross,domain_dedup,9657,5023,0.8274929497810288,0.8151880747265822,0.0,0.0794346008361537
lr,targeted_ablation,aligned_matched,aligned_matched,42,within,raw,1978,1036,0.8661272737705858,0.8728227039957888,0.0859073359073359,0.20752895752895753
lr,targeted_ablation,aligned_matched,phiusiil,42,cross,raw,60000,25603,0.4921910781763897,0.4750519518055124,0.01988048275592704,0.05296254345193922
lr,targeted_ablation,aligned_matched,phiusiil,42,cross,url_dedup,59976,25579,0.4919795439189553,0.47457105016221524,0.01989913601000821,0.052855858321279175
lr,targeted_ablation,aligned_matched,phiusiil,42,cross,domain_dedup,59010,24698,0.494991720784465,0.4695571009037176,0.02012308688962669,0.053931492428536724
lr,targeted_ablation,aligned_matched,mendeley_phishurl,42,cross,raw,60000,18933,0.7935286371774736,0.684743342052216,0.0732055141815877,0.18322505677916864
lr,targeted_ablation,aligned_matched,mendeley_phishurl,42,cross,url_dedup,59999,18932,0.7935178740006996,0.6847107381705138,0.07320938094231988,0.1831819142193112
lr,targeted_ablation,aligned_matched,mendeley_phishurl,42,cross,domain_dedup,58493,18574,0.7941844651970256,0.6871211812170224,0.07381285668138257,0.1844513836545709
lr,targeted_ablation,aligned_matched,kaggle_malicious,42,cross,raw,60000,10831,0.5445691183987896,0.20203184182702533,0.0010156033607238483,0.0122795679069338
lr,targeted_ablation,aligned_matched,kaggle_malicious,42,cross,url_dedup,60000,10831,0.5445691183987896,0.20203184182702533,0.0010156033607238483,0.0122795679069338
lr,targeted_ablation,aligned_matched,kaggle_malicious,42,cross,domain_dedup,58128,10551,0.5408339392230397,0.20182655583142106,0.001042555208037153,0.011657662780779073
lr,targeted_ablation,aligned_matched,hannousse,42,cross,raw,11430,5715,0.7230308875432565,0.758144823861249,0.09763779527559055,0.20489938757655293
lr,targeted_ablation,aligned_matched,hannousse,42,cross,url_dedup,11427,5712,0.7229358431911697,0.7579671483037425,0.0976890756302521,0.20465686274509803
lr,targeted_ablation,aligned_matched,hannousse,42,cross,domain_dedup,11201,5593,0.7251113993112951,0.7590499569401752,0.09833720722331486,0.206329340246737
lr,targeted_ablation,aligned_matched,ebbu2017,42,cross,raw,60000,30360,0.8714990964254408,0.8739994861585031,0.10744400527009222,0.25003293807641636
lr,targeted_ablation,aligned_matched,ebbu2017,42,cross,url_dedup,59998,30360,0.8715219083884495,0.8740358036419928,0.10744400527009222,0.25003293807641636
lr,targeted_ablation,aligned_matched,ebbu2017,42,cross,domain_dedup,59107,30101,0.8712121024356247,0.8749243315122999,0.10830204976578851,0.24896182851068072
lr,targeted_ablation,aligned_matched,aligned_natural,42,cross,raw,16336,8168,0.8877829401735926,0.883884000579875,0.08827130264446621,0.22710577864838394
lr,targeted_ablation,aligned_matched,aligned_natural,42,cross,url_dedup,6276,3138,0.9251481967583368,0.9208099709099926,0.08221797323135756,0.33492670490758447
lr,targeted_ablation,aligned_matched,aligned_natural,42,cross,domain_dedup,3944,3106,0.9447988879787677,0.9826585479338936,0.18383773341918866,0.4613650998068255
lr,targeted_ablation,aligned_matched,aligned_matched,43,within,raw,1989,1014,0.8605163606938754,0.8552636043075887,0.008875739644970414,0.1341222879684418
lr,targeted_ablation,aligned_matched,aligned_matched,44,within,raw,1933,1040,0.8432197002325781,0.86040717829105,0.05576923076923077,0.1375
lr,targeted_ablation,aligned_matched,aligned_matched,45,within,raw,2034,990,0.8532929873447115,0.8380348476880919,0.010101010101010102,0.13434343434343435
lr,targeted_ablation,aligned_matched,aligned_matched,46,within,raw,2037,998,0.8620764146194216,0.8565040447102477,0.10120240480961924,0.23446893787575152
lr,targeted_ablation,aligned_natural,aligned_matched,42,cross,raw,10060,5030,0.862906102154469,0.8595718176821531,0.04950298210735587,0.20894632206759442
lr,targeted_ablation,aligned_natural,aligned_matched,42,cross,url_dedup,0,0,,,,
lr,targeted_ablation,aligned_natural,aligned_matched,42,cross,domain_dedup,0,0,,,,
lr,host_only,phiusiil,aligned_matched,42,cross,raw,10060,5030,0.5530135884494227,0.5320571024890494,0.0,0.027037773359840953
lr,host_only,phiusiil,aligned_matched,42,cross,url_dedup,10036,5006,0.5529365953698504,0.5305512073244595,0.0,0.026767878545745107
lr,host_only,phiusiil,aligned_matched,42,cross,domain_dedup,9721,4916,0.5529283640498566,0.5391667764879424,0.013018714401952807,0.027461350691619202
lr,host_only,mendeley_phishurl,aligned_matched,42,cross,raw,10060,5030,0.6506497199704359,0.6250481282778338,0.002982107355864811,0.026640159045725646
lr,host_only,mendeley_phishurl,aligned_matched,42,cross,url_dedup,10059,5029,0.6506207139742575,0.6249978105594353,0.0029827003380393717,0.02664545635315172
lr,host_only,mendeley_phishurl,aligned_matched,42,cross,domain_dedup,9650,4985,0.6432747115945908,0.6331915826631307,0.0028084252758274826,0.026479438314944835
lr,host_only,kaggle_malicious,aligned_matched,42,cross,raw,10060,5030,0.4091369476975128,0.4817173377804441,0.022067594433399604,0.04194831013916501
lr,host_only,kaggle_malicious,aligned_matched,42,cross,url_dedup,10060,5030,0.4091369476975128,0.4817173377804441,0.022067594433399604,0.04194831013916501
lr,host_only,kaggle_malicious,aligned_matched,42,cross,domain_dedup,9668,5010,0.41725038544636783,0.5009759796945306,0.02155688622754491,0.040518962075848305
lr,host_only,hannousse,aligned_matched,42,cross,raw,10060,5030,0.7127979241845153,0.6768411775030441,0.011530815109343936,0.02644135188866799
lr,host_only,hannousse,aligned_matched,42,cross,url_dedup,10058,5028,0.7127369039541589,0.6767227547578277,0.011535401750198886,0.02645186953062848
lr,host_only,hannousse,aligned_matched,42,cross,domain_dedup,9845,5010,0.7123434413489464,0.6859397105003162,0.011976047904191617,0.02654690618762475
lr,host_only,ebbu2017,aligned_matched,42,cross,raw,10060,5030,0.7590281768632736,0.7496770749567547,0.01868787276341948,0.06143141153081511
lr,host_only,ebbu2017,aligned_matched,42,cross,url_dedup,10058,5030,0.7590723360710834,0.749761554334082,0.01868787276341948,0.06143141153081511
lr,host_only,ebbu2017,aligned_matched,42,cross,domain_dedup,9657,5023,0.7492451211264609,0.7543749971755433,0.01692215807286482,0.05912801114871591
lr,host_only,aligned_matched,aligned_matched,42,within,raw,1978,1036,0.7796722450384871,0.7849288399873835,0.02895752895752896,0.06660231660231661
lr,host_only,aligned_matched,phiusiil,42,cross,raw,60000,25603,0.5209064387924394,0.46326165150215526,0.01390462055227903,0.032652423544115926
lr,host_only,aligned_matched,phiusiil,42,cross,url_dedup,59976,25579,0.5207195468710573,0.46282299996859744,0.013917666836076469,0.03252668204386411
lr,host_only,aligned_matched,phiusiil,42,cross,domain_dedup,59010,24698,0.5211654861371202,0.4553547985465798,0.01396874240829217,0.031986395659567575
lr,host_only,aligned_matched,mendeley_phishurl,42,cross,raw,60000,18933,0.7106474273481548,0.5739937859948763,0.03728938889769186,0.0949664606771246
lr,host_only,aligned_matched,mendeley_phishurl,42,cross,url_dedup,59999,18932,0.7106339313918485,0.5739658297256351,0.0372913585463765,0.09497147686456793
lr,host_only,aligned_matched,mendeley_phishurl,42,cross,domain_dedup,58493,18574,0.7112960437035314,0.576464592243139,0.03736405728437601,0.09464843329385161
lr,host_only,aligned_matched,kaggle_malicious,42,cross,raw,60000,10831,0.3881060374189973,0.15952546560608608,0.0033237928169144123,0.014587757363124365
lr,host_only,aligned_matched,kaggle_malicious,42,cross,url_dedup,60000,10831,0.3881060374189973,0.15952546560608608,0.0033237928169144123,0.014587757363124365
lr,host_only,aligned_matched,kaggle_malicious,42,cross,domain_dedup,58128,10551,0.3858189411332663,0.16029002499798486,0.0034119988626670457,0.014785328404890531
lr,host_only,aligned_matched,hannousse,42,cross,raw,11430,5715,0.6472952560719937,0.6605284437153308,0.02484689413823272,0.06859142607174103
lr,host_only,aligned_matched,hannousse,42,cross,url_dedup,11427,5712,0.647156482890619,0.6601944772689066,0.024859943977591035,0.06827731092436974
lr,host_only,aligned_matched,hannousse,42,cross,domain_dedup,11201,5593,0.649812306778419,0.660917406039803,0.023958519578043985,0.06651171106740568
lr,host_only,aligned_matched,ebbu2017,42,cross,raw,60000,30360,0.7472806750838787,0.7442051538298653,0.016040843214756257,0.07430830039525692
lr,host_only,aligned_matched,ebbu2017,42,cross,url_dedup,59998,30360,0.7472987615558881,0.7442410890150217,0.016040843214756257,0.07430830039525692
lr,host_only,aligned_matched,ebbu2017,42,cross,domain_dedup,59107,30101,0.7498592576474299,0.747261032885999,0.016112421514235406,0.07341948772466031
lr,host_only,aligned_matched,aligned_natural,42,cross,raw,16336,8168,0.7965477257825623,0.7984467194936963,0.035871694417238004,0.14116062683643488
lr,host_only,aligned_matched,aligned_natural,42,cross,url_dedup,6276,3138,0.8230291750498931,0.8250053365996172,0.04206500956022945,0.165710643722116
lr,host_only,aligned_matched,aligned_natural,42,cross,domain_dedup,3944,3106,0.8436239351966399,0.9492851668111529,0.06342562781712814,0.2775273663876368
lr,host_only,aligned_matched,aligned_matched,43,within,raw,1989,1014,0.7604723613007637,0.7601607258651287,0.029585798816568046,0.10256410256410256
lr,host_only,aligned_matched,aligned_matched,44,within,raw,1933,1040,0.7525443621328279,0.7762009071570486,0.032692307692307694,0.04903846153846154
lr,host_only,aligned_matched,aligned_matched,45,within,raw,2034,990,0.7777168234064786,0.7777228986417397,0.1101010101010101,0.13636363636363635
lr,host_only,aligned_matched,aligned_matched,46,within,raw,2037,998,0.7592789042955979,0.7459397761680435,0.05410821643286573,0.10821643286573146
lr,host_only,aligned_natural,aligned_matched,42,cross,raw,10060,5030,0.7808075009189398,0.7794519934699369,0.035387673956262425,0.10795228628230616
lr,host_only,aligned_natural,aligned_matched,42,cross,url_dedup,0,0,,,,
lr,host_only,aligned_natural,aligned_matched,42,cross,domain_dedup,0,0,,,,
tfidf_lr,raw_string,phiusiil,aligned_matched,42,cross,raw,10060,5030,0.6803334663984285,0.6379752799931898,0.002385685884691849,0.013916500994035786
tfidf_lr,raw_string,phiusiil,aligned_matched,42,cross,url_dedup,10036,5006,0.6801300467272275,0.6367053295169705,0.0023971234518577705,0.013783459848182182
tfidf_lr,raw_string,phiusiil,aligned_matched,42,cross,domain_dedup,9721,4916,0.6773064909840153,0.6403280294048065,0.0016273393002441008,0.013628966639544346
tfidf_lr,raw_string,mendeley_phishurl,aligned_matched,42,cross,raw,10060,5030,0.7104652403669436,0.6680800258553818,0.002186878727634195,0.01610337972166998
tfidf_lr,raw_string,mendeley_phishurl,aligned_matched,42,cross,url_dedup,10059,5029,0.7104249428859335,0.6680073977571823,0.0021873135812288725,0.016106581825412608
tfidf_lr,raw_string,mendeley_phishurl,aligned_matched,42,cross,domain_dedup,9650,4985,0.7102389268555936,0.685287478474462,0.0036108324974924774,0.01624874623871615
tfidf_lr,raw_string,kaggle_malicious,aligned_matched,42,cross,raw,10060,5030,0.6322692473390275,0.6053038998281726,0.0005964214711729623,0.016699801192842943
tfidf_lr,raw_string,kaggle_malicious,aligned_matched,42,cross,url_dedup,10060,5030,0.6322692473390275,0.6053038998281726,0.0005964214711729623,0.016699801192842943
tfidf_lr,raw_string,kaggle_malicious,aligned_matched,42,cross,domain_dedup,9668,5010,0.6239424971439689,0.6151754866707144,0.0005988023952095808,0.015768463073852296
tfidf_lr,raw_string,hannousse,aligned_matched,42,cross,raw,10060,5030,0.8085301708634871,0.8211129853332054,0.044532803180914515,0.1970178926441352
tfidf_lr,raw_string,hannousse,aligned_matched,42,cross,url_dedup,10058,5028,0.8084562632162475,0.8209698892749736,0.04455051710421639,0.19669848846459825
tfidf_lr,raw_string,hannousse,aligned_matched,42,cross,domain_dedup,9845,5010,0.8082241308489536,0.8261195565013116,0.04411177644710579,0.20399201596806388
tfidf_lr,raw_string,ebbu2017,aligned_matched,42,cross,raw,10060,5030,0.7945453719037662,0.8083371986955421,0.05149105367793241,0.18290258449304175
tfidf_lr,raw_string,ebbu2017,aligned_matched,42,cross,url_dedup,10058,5030,0.794465031608282,0.8083375479030608,0.05149105367793241,0.18290258449304175
tfidf_lr,raw_string,ebbu2017,aligned_matched,42,cross,domain_dedup,9657,5023,0.7899594107072938,0.8161013495548985,0.04917380051761895,0.18275930718694008
tfidf_lr,raw_string,aligned_matched,aligned_matched,42,within,raw,1978,1036,0.9631431932387347,0.9618748977755192,0.0637065637065637,0.5057915057915058
tfidf_lr,raw_string,aligned_matched,phiusiil,42,cross,raw,60000,25603,0.6546752900895021,0.6281140466050885,0.044369800414013984,0.11514275670819826
tfidf_lr,raw_string,aligned_matched,phiusiil,42,cross,url_dedup,59976,25579,0.6543828994675824,0.6275194499261866,0.04429414754290629,0.11489894053715939
tfidf_lr,raw_string,aligned_matched,phiusiil,42,cross,domain_dedup,59010,24698,0.6563240119236791,0.6225919903341662,0.04494291035711394,0.11612276297675925
tfidf_lr,raw_string,aligned_matched,mendeley_phishurl,42,cross,raw,60000,18933,0.8059399709649963,0.68952169492573,0.07373369249458617,0.1574499551048434
tfidf_lr,raw_string,aligned_matched,mendeley_phishurl,42,cross,url_dedup,59999,18932,0.8059308550273967,0.6894986771766021,0.07373758715402493,0.1574582717092753
tfidf_lr,raw_string,aligned_matched,mendeley_phishurl,42,cross,domain_dedup,58493,18574,0.8070226320498859,0.6919017235729754,0.07429740497469581,0.15710132443200173
tfidf_lr,raw_string,aligned_matched,kaggle_malicious,42,cross,raw,60000,10831,0.6395240912083657,0.2896001112033887,0.008217154464038407,0.04385559966762072
tfidf_lr,raw_string,aligned_matched,kaggle_malicious,42,cross,url_dedup,60000,10831,0.6395240912083657,0.2896001112033887,0.008217154464038407,0.04385559966762072
tfidf_lr,raw_string,aligned_matched,kaggle_malicious,42,cross,domain_dedup,58128,10551,0.6404968390614644,0.2917003828789995,0.008340441664297224,0.043882096483745615
tfidf_lr,raw_string,aligned_matched,hannousse,42,cross,raw,11430,5715,0.8356643696003442,0.8463232663075433,0.0778652668416448,0.28468941382327206
tfidf_lr,raw_string,aligned_matched,hannousse,42,cross,url_dedup,11427,5712,0.8355972966614467,0.8462046568002184,0.077906162464986,0.2848389355742297
tfidf_lr,raw_string,aligned_matched,hannousse,42,cross,domain_dedup,11201,5593,0.8369539198810008,0.847445552055506,0.07956374038977293,0.28911138923654567
tfidf_lr,raw_string,aligned_matched,ebbu2017,42,cross,raw,60000,30360,0.9164580332901271,0.9184000296580056,0.11805006587615283,0.35266798418972334
tfidf_lr,raw_string,aligned_matched,ebbu2017,42,cross,url_dedup,59998,30360,0.9164549696775878,0.9184011386315869,0.11805006587615283,0.35266798418972334
tfidf_lr,raw_string,aligned_matched,ebbu2017,42,cross,domain_dedup,59107,30101,0.91591610778819,0.9188981320494534,0.11896614730407627,0.3524799840536859
tfidf_lr,raw_string,aligned_matched,aligned_natural,42,cross,raw,16336,8168,0.9957067414366855,0.9957289338859963,0.714128305582762,0.9384182174338883
tfidf_lr,raw_string,aligned_matched,aligned_natural,42,cross,url_dedup,6276,3138,0.9830497355348468,0.9832643297294293,0.3973868706182282,0.7775653282345443
tfidf_lr,raw_string,aligned_matched,aligned_natural,42,cross,domain_dedup,3944,3106,0.9747912655004479,0.9926964593620029,0.22247263361236316,0.7527366387636832
tfidf_lr,raw_string,aligned_matched,aligned_matched,43,within,raw,1989,1014,0.9564011530875436,0.9525706597828507,0.07001972386587771,0.40039447731755423
tfidf_lr,raw_string,aligned_matched,aligned_matched,44,within,raw,1933,1040,0.9651251184425876,0.9696053696488142,0.13173076923076923,0.6057692307692307
tfidf_lr,raw_string,aligned_matched,aligned_matched,45,within,raw,2034,990,0.9628178335074887,0.9627318851086043,0.32727272727272727,0.597979797979798
tfidf_lr,raw_string,aligned_matched,aligned_matched,46,within,raw,2037,998,0.9615130164081773,0.9598766412145073,0.3286573146292585,0.5601202404809619
tfidf_lr,raw_string,aligned_natural,aligned_matched,42,cross,raw,10060,5030,0.9993232651802899,0.9992127638044925,0.8922465208747515,0.9946322067594433
tfidf_lr,raw_string,aligned_natural,aligned_matched,42,cross,url_dedup,0,0,,,,
tfidf_lr,raw_string,aligned_natural,aligned_matched,42,cross,domain_dedup,0,0,,,,
