train,test,roc_auc,feature,sep
phiusiil,mendeley_phishurl,0.9362071032141513,url_length,-0.3135252296924591
phiusiil,mendeley_phishurl,0.9362071032141513,host_length,-0.04555115848779678
phiusiil,mendeley_phishurl,0.9362071032141513,path_length,-3.649158000946045
phiusiil,mendeley_phishurl,0.9362071032141513,query_length,0.0
phiusiil,mendeley_phishurl,0.9362071032141513,n_dots,0.21586541831493378
phiusiil,mendeley_phishurl,0.9362071032141513,n_hyphens,-0.04499810189008713
phiusiil,mendeley_phishurl,0.9362071032141513,n_underscores,0.0
phiusiil,mendeley_phishurl,0.9362071032141513,n_slashes,-0.6566325426101685
phiusiil,mendeley_phishurl,0.9362071032141513,n_question,0.0
phiusiil,mendeley_phishurl,0.9362071032141513,n_equals,0.0
phiusiil,mendeley_phishurl,0.9362071032141513,n_at,0.0
phiusiil,mendeley_phishurl,0.9362071032141513,n_ampersand,0.0
phiusiil,mendeley_phishurl,0.9362071032141513,n_percent,0.0
phiusiil,mendeley_phishurl,0.9362071032141513,n_digits,0.06080442667007446
phiusiil,mendeley_phishurl,0.9362071032141513,n_letters,-0.02679903246462345
phiusiil,mendeley_phishurl,0.9362071032141513,digit_ratio,0.08843374997377396
phiusiil,mendeley_phishurl,0.9362071032141513,n_subdomains,0.23645877838134766
phiusiil,mendeley_phishurl,0.9362071032141513,subdomain_length,2.6186599731445312
phiusiil,mendeley_phishurl,0.9362071032141513,domain_length,0.027582446113228798
phiusiil,mendeley_phishurl,0.9362071032141513,tld_length,0.08147094398736954
phiusiil,mendeley_phishurl,0.9362071032141513,is_ip_host,0.0
phiusiil,mendeley_phishurl,0.9362071032141513,is_hex_host,0.0
phiusiil,mendeley_phishurl,0.9362071032141513,is_https,4.9008283615112305
phiusiil,mendeley_phishurl,0.9362071032141513,has_port,0.0
phiusiil,mendeley_phishurl,0.9362071032141513,is_shortener,0.0
phiusiil,mendeley_phishurl,0.9362071032141513,has_punycode,0.0
phiusiil,mendeley_phishurl,0.9362071032141513,has_double_slash_path,0.0
phiusiil,mendeley_phishurl,0.9362071032141513,n_suspicious_words,0.07104504108428955
phiusiil,mendeley_phishurl,0.9362071032141513,url_entropy,-0.22562089562416077
phiusiil,mendeley_phishurl,0.9362071032141513,host_entropy,0.2683127522468567
phiusiil,mendeley_phishurl,0.9362071032141513,longest_token_path,0.0
phiusiil,mendeley_phishurl,0.9362071032141513,has_https_token_in_host,0.0
phiusiil,kaggle_malicious,0.23464682590718117,url_length,-0.15883579850196838
phiusiil,kaggle_malicious,0.23464682590718117,host_length,-0.05268960818648338
phiusiil,kaggle_malicious,0.23464682590718117,path_length,-0.38576364517211914
phiusiil,kaggle_malicious,0.23464682590718117,query_length,0.0
phiusiil,kaggle_malicious,0.23464682590718117,n_dots,-0.13441386818885803
phiusiil,kaggle_malicious,0.23464682590718117,n_hyphens,-0.05672803148627281
phiusiil,kaggle_malicious,0.23464682590718117,n_underscores,0.0
phiusiil,kaggle_malicious,0.23464682590718117,n_slashes,-0.04935172200202942
phiusiil,kaggle_malicious,0.23464682590718117,n_question,0.0
phiusiil,kaggle_malicious,0.23464682590718117,n_equals,0.0
phiusiil,kaggle_malicious,0.23464682590718117,n_at,0.0
phiusiil,kaggle_malicious,0.23464682590718117,n_ampersand,0.0
phiusiil,kaggle_malicious,0.23464682590718117,n_percent,0.0
phiusiil,kaggle_malicious,0.23464682590718117,n_digits,-0.17784202098846436
phiusiil,kaggle_malicious,0.23464682590718117,n_letters,-0.00239388644695282
phiusiil,kaggle_malicious,0.23464682590718117,digit_ratio,0.0863775908946991
phiusiil,kaggle_malicious,0.23464682590718117,n_subdomains,0.031162559986114502
phiusiil,kaggle_malicious,0.23464682590718117,subdomain_length,-0.894626259803772
phiusiil,kaggle_malicious,0.23464682590718117,domain_length,-0.041136275976896286
phiusiil,kaggle_malicious,0.23464682590718117,tld_length,0.012379541993141174
phiusiil,kaggle_malicious,0.23464682590718117,is_ip_host,0.0
phiusiil,kaggle_malicious,0.23464682590718117,is_hex_host,0.0
phiusiil,kaggle_malicious,0.23464682590718117,is_https,0.7213196754455566
phiusiil,kaggle_malicious,0.23464682590718117,has_port,0.0
phiusiil,kaggle_malicious,0.23464682590718117,is_shortener,0.0
phiusiil,kaggle_malicious,0.23464682590718117,has_punycode,0.0
phiusiil,kaggle_malicious,0.23464682590718117,has_double_slash_path,0.0
phiusiil,kaggle_malicious,0.23464682590718117,n_suspicious_words,0.02916828542947769
phiusiil,kaggle_malicious,0.23464682590718117,url_entropy,-0.22482582926750183
phiusiil,kaggle_malicious,0.23464682590718117,host_entropy,0.06824561953544617
phiusiil,kaggle_malicious,0.23464682590718117,longest_token_path,0.0
phiusiil,kaggle_malicious,0.23464682590718117,has_https_token_in_host,0.0
phiusiil,hannousse,0.6948243674265127,url_length,0.1332368552684784
phiusiil,hannousse,0.6948243674265127,host_length,-0.06657649576663971
phiusiil,hannousse,0.6948243674265127,path_length,-1.211151123046875
phiusiil,hannousse,0.6948243674265127,query_length,0.0
phiusiil,hannousse,0.6948243674265127,n_dots,-0.1142987459897995
phiusiil,hannousse,0.6948243674265127,n_hyphens,0.00793255865573883
phiusiil,hannousse,0.6948243674265127,n_underscores,0.0
phiusiil,hannousse,0.6948243674265127,n_slashes,-0.2083284854888916
phiusiil,hannousse,0.6948243674265127,n_question,0.0
phiusiil,hannousse,0.6948243674265127,n_equals,0.0
phiusiil,hannousse,0.6948243674265127,n_at,0.0
phiusiil,hannousse,0.6948243674265127,n_ampersand,0.0
phiusiil,hannousse,0.6948243674265127,n_percent,0.0
phiusiil,hannousse,0.6948243674265127,n_digits,0.4382225275039673
phiusiil,hannousse,0.6948243674265127,n_letters,0.006930140778422356
phiusiil,hannousse,0.6948243674265127,digit_ratio,0.09706208109855652
phiusiil,hannousse,0.6948243674265127,n_subdomains,0.09999307990074158
phiusiil,hannousse,0.6948243674265127,subdomain_length,1.3648536205291748
phiusiil,hannousse,0.6948243674265127,domain_length,0.011232582852244377
phiusiil,hannousse,0.6948243674265127,tld_length,0.04676508158445358
phiusiil,hannousse,0.6948243674265127,is_ip_host,0.0
phiusiil,hannousse,0.6948243674265127,is_hex_host,0.0
phiusiil,hannousse,0.6948243674265127,is_https,0.5358679294586182
phiusiil,hannousse,0.6948243674265127,has_port,0.0
phiusiil,hannousse,0.6948243674265127,is_shortener,0.0
phiusiil,hannousse,0.6948243674265127,has_punycode,0.0
phiusiil,hannousse,0.6948243674265127,has_double_slash_path,0.0
phiusiil,hannousse,0.6948243674265127,n_suspicious_words,0.12791980803012848
phiusiil,hannousse,0.6948243674265127,url_entropy,0.16266857087612152
phiusiil,hannousse,0.6948243674265127,host_entropy,0.23345059156417847
phiusiil,hannousse,0.6948243674265127,longest_token_path,0.0
phiusiil,hannousse,0.6948243674265127,has_https_token_in_host,0.0
phiusiil,ebbu2017,0.7326092179496071,url_length,-0.09171384572982788
phiusiil,ebbu2017,0.7326092179496071,host_length,-0.029189884662628174
phiusiil,ebbu2017,0.7326092179496071,path_length,-1.4776136875152588
phiusiil,ebbu2017,0.7326092179496071,query_length,0.0
phiusiil,ebbu2017,0.7326092179496071,n_dots,-0.055964283645153046
phiusiil,ebbu2017,0.7326092179496071,n_hyphens,-0.1041904091835022
phiusiil,ebbu2017,0.7326092179496071,n_underscores,0.0
phiusiil,ebbu2017,0.7326092179496071,n_slashes,-0.24711373448371887
phiusiil,ebbu2017,0.7326092179496071,n_question,0.0
phiusiil,ebbu2017,0.7326092179496071,n_equals,0.0
phiusiil,ebbu2017,0.7326092179496071,n_at,0.0
phiusiil,ebbu2017,0.7326092179496071,n_ampersand,0.0
phiusiil,ebbu2017,0.7326092179496071,n_percent,0.0
phiusiil,ebbu2017,0.7326092179496071,n_digits,0.03821283578872681
phiusiil,ebbu2017,0.7326092179496071,n_letters,-0.0034983064979314804
phiusiil,ebbu2017,0.7326092179496071,digit_ratio,0.1495288908481598
phiusiil,ebbu2017,0.7326092179496071,n_subdomains,-0.048399269580841064
phiusiil,ebbu2017,0.7326092179496071,subdomain_length,0.9617693424224854
phiusiil,ebbu2017,0.7326092179496071,domain_length,-0.13403527438640594
phiusiil,ebbu2017,0.7326092179496071,tld_length,0.047842539846897125
phiusiil,ebbu2017,0.7326092179496071,is_ip_host,0.0
phiusiil,ebbu2017,0.7326092179496071,is_hex_host,0.0
phiusiil,ebbu2017,0.7326092179496071,is_https,2.305561065673828
phiusiil,ebbu2017,0.7326092179496071,has_port,0.0
phiusiil,ebbu2017,0.7326092179496071,is_shortener,0.0
phiusiil,ebbu2017,0.7326092179496071,has_punycode,0.0
phiusiil,ebbu2017,0.7326092179496071,has_double_slash_path,0.0
phiusiil,ebbu2017,0.7326092179496071,n_suspicious_words,0.08476415276527405
phiusiil,ebbu2017,0.7326092179496071,url_entropy,-0.10094766318798065
phiusiil,ebbu2017,0.7326092179496071,host_entropy,0.04005357623100281
phiusiil,ebbu2017,0.7326092179496071,longest_token_path,0.0
phiusiil,ebbu2017,0.7326092179496071,has_https_token_in_host,0.0
phiusiil,aligned_matched,0.4364293760301017,url_length,-0.11791276931762695
phiusiil,aligned_matched,0.4364293760301017,host_length,-0.06429000198841095
phiusiil,aligned_matched,0.4364293760301017,path_length,-0.24245643615722656
phiusiil,aligned_matched,0.4364293760301017,query_length,0.0
phiusiil,aligned_matched,0.4364293760301017,n_dots,-0.0034618377685546875
phiusiil,aligned_matched,0.4364293760301017,n_hyphens,-0.09333445131778717
phiusiil,aligned_matched,0.4364293760301017,n_underscores,0.0
phiusiil,aligned_matched,0.4364293760301017,n_slashes,-0.032029807567596436
phiusiil,aligned_matched,0.4364293760301017,n_question,0.0
phiusiil,aligned_matched,0.4364293760301017,n_equals,0.0
phiusiil,aligned_matched,0.4364293760301017,n_at,0.0
phiusiil,aligned_matched,0.4364293760301017,n_ampersand,0.0
phiusiil,aligned_matched,0.4364293760301017,n_percent,0.0
phiusiil,aligned_matched,0.4364293760301017,n_digits,-0.0850304365158081
phiusiil,aligned_matched,0.4364293760301017,n_letters,-0.01989762857556343
phiusiil,aligned_matched,0.4364293760301017,digit_ratio,0.0738028809428215
phiusiil,aligned_matched,0.4364293760301017,n_subdomains,-0.19683894515037537
phiusiil,aligned_matched,0.4364293760301017,subdomain_length,0.6638116836547852
phiusiil,aligned_matched,0.4364293760301017,domain_length,-0.23587392270565033
phiusiil,aligned_matched,0.4364293760301017,tld_length,0.008668668568134308
phiusiil,aligned_matched,0.4364293760301017,is_ip_host,0.0
phiusiil,aligned_matched,0.4364293760301017,is_hex_host,0.0
phiusiil,aligned_matched,0.4364293760301017,is_https,0.0035228580236434937
phiusiil,aligned_matched,0.4364293760301017,has_port,0.0
phiusiil,aligned_matched,0.4364293760301017,is_shortener,0.0
phiusiil,aligned_matched,0.4364293760301017,has_punycode,0.0
phiusiil,aligned_matched,0.4364293760301017,has_double_slash_path,0.0
phiusiil,aligned_matched,0.4364293760301017,n_suspicious_words,0.12350516766309738
phiusiil,aligned_matched,0.4364293760301017,url_entropy,-0.15859831869602203
phiusiil,aligned_matched,0.4364293760301017,host_entropy,0.0706491768360138
phiusiil,aligned_matched,0.4364293760301017,longest_token_path,0.0
phiusiil,aligned_matched,0.4364293760301017,has_https_token_in_host,0.0
phiusiil,aligned_natural,0.5756097722197228,url_length,-0.32812681794166565
phiusiil,aligned_natural,0.5756097722197228,host_length,-0.10068073868751526
phiusiil,aligned_natural,0.5756097722197228,path_length,-1.121812343597412
phiusiil,aligned_natural,0.5756097722197228,query_length,0.0
phiusiil,aligned_natural,0.5756097722197228,n_dots,0.05829824134707451
phiusiil,aligned_natural,0.5756097722197228,n_hyphens,-0.12276003509759903
phiusiil,aligned_natural,0.5756097722197228,n_underscores,0.0
phiusiil,aligned_natural,0.5756097722197228,n_slashes,-0.2009250521659851
phiusiil,aligned_natural,0.5756097722197228,n_question,0.0
phiusiil,aligned_natural,0.5756097722197228,n_equals,0.0
phiusiil,aligned_natural,0.5756097722197228,n_at,0.0
phiusiil,aligned_natural,0.5756097722197228,n_ampersand,0.0
phiusiil,aligned_natural,0.5756097722197228,n_percent,0.0
phiusiil,aligned_natural,0.5756097722197228,n_digits,-0.18208089470863342
phiusiil,aligned_natural,0.5756097722197228,n_letters,-0.05712107568979263
phiusiil,aligned_natural,0.5756097722197228,digit_ratio,0.06263252347707748
phiusiil,aligned_natural,0.5756097722197228,n_subdomains,-0.11272856593132019
phiusiil,aligned_natural,0.5756097722197228,subdomain_length,1.3197956085205078
phiusiil,aligned_natural,0.5756097722197228,domain_length,-0.20915725827217102
phiusiil,aligned_natural,0.5756097722197228,tld_length,0.014004126191139221
phiusiil,aligned_natural,0.5756097722197228,is_ip_host,0.0
phiusiil,aligned_natural,0.5756097722197228,is_hex_host,0.0
phiusiil,aligned_natural,0.5756097722197228,is_https,1.5597248077392578
phiusiil,aligned_natural,0.5756097722197228,has_port,0.0
phiusiil,aligned_natural,0.5756097722197228,is_shortener,0.0
phiusiil,aligned_natural,0.5756097722197228,has_punycode,0.0
phiusiil,aligned_natural,0.5756097722197228,has_double_slash_path,0.0
phiusiil,aligned_natural,0.5756097722197228,n_suspicious_words,0.10392742604017258
phiusiil,aligned_natural,0.5756097722197228,url_entropy,-0.3184109926223755
phiusiil,aligned_natural,0.5756097722197228,host_entropy,0.12706810235977173
phiusiil,aligned_natural,0.5756097722197228,longest_token_path,0.0
phiusiil,aligned_natural,0.5756097722197228,has_https_token_in_host,0.0
mendeley_phishurl,phiusiil,0.9784869438715755,url_length,-0.32457634806632996
mendeley_phishurl,phiusiil,0.9784869438715755,host_length,0.30279219150543213
mendeley_phishurl,phiusiil,0.9784869438715755,path_length,-1.3087397813796997
mendeley_phishurl,phiusiil,0.9784869438715755,query_length,0.03773840144276619
mendeley_phishurl,phiusiil,0.9784869438715755,n_dots,0.08808975666761398
mendeley_phishurl,phiusiil,0.9784869438715755,n_hyphens,0.038281068205833435
mendeley_phishurl,phiusiil,0.9784869438715755,n_underscores,-0.03582578897476196
mendeley_phishurl,phiusiil,0.9784869438715755,n_slashes,-0.09709024429321289
mendeley_phishurl,phiusiil,0.9784869438715755,n_question,0.0016352521488443017
mendeley_phishurl,phiusiil,0.9784869438715755,n_equals,-0.004089413210749626
mendeley_phishurl,phiusiil,0.9784869438715755,n_at,0.03647749871015549
mendeley_phishurl,phiusiil,0.9784869438715755,n_ampersand,-0.004116670228540897
mendeley_phishurl,phiusiil,0.9784869438715755,n_percent,-0.0032078688964247704
mendeley_phishurl,phiusiil,0.9784869438715755,n_digits,0.05116330087184906
mendeley_phishurl,phiusiil,0.9784869438715755,n_letters,0.050845250487327576
mendeley_phishurl,phiusiil,0.9784869438715755,digit_ratio,0.385191947221756
mendeley_phishurl,phiusiil,0.9784869438715755,n_subdomains,0.46671122312545776
mendeley_phishurl,phiusiil,0.9784869438715755,subdomain_length,4.115708351135254
mendeley_phishurl,phiusiil,0.9784869438715755,domain_length,0.2725335359573364
mendeley_phishurl,phiusiil,0.9784869438715755,tld_length,0.14372900128364563
mendeley_phishurl,phiusiil,0.9784869438715755,is_ip_host,0.0
mendeley_phishurl,phiusiil,0.9784869438715755,is_hex_host,0.0
mendeley_phishurl,phiusiil,0.9784869438715755,is_https,4.971589088439941
mendeley_phishurl,phiusiil,0.9784869438715755,has_port,0.0
mendeley_phishurl,phiusiil,0.9784869438715755,is_shortener,0.0
mendeley_phishurl,phiusiil,0.9784869438715755,has_punycode,0.0
mendeley_phishurl,phiusiil,0.9784869438715755,has_double_slash_path,0.0
mendeley_phishurl,phiusiil,0.9784869438715755,n_suspicious_words,0.16993138194084167
mendeley_phishurl,phiusiil,0.9784869438715755,url_entropy,-0.10115164518356323
mendeley_phishurl,phiusiil,0.9784869438715755,host_entropy,0.6817502975463867
mendeley_phishurl,phiusiil,0.9784869438715755,longest_token_path,0.13305723667144775
mendeley_phishurl,phiusiil,0.9784869438715755,has_https_token_in_host,0.0
mendeley_phishurl,kaggle_malicious,0.23665595392731226,url_length,-0.14617499709129333
mendeley_phishurl,kaggle_malicious,0.23665595392731226,host_length,-0.1004021167755127
mendeley_phishurl,kaggle_malicious,0.23665595392731226,path_length,0.22443562746047974
mendeley_phishurl,kaggle_malicious,0.23665595392731226,query_length,-0.00036055780947208405
mendeley_phishurl,kaggle_malicious,0.23665595392731226,n_dots,-0.04958818852901459
mendeley_phishurl,kaggle_malicious,0.23665595392731226,n_hyphens,0.13816498219966888
mendeley_phishurl,kaggle_malicious,0.23665595392731226,n_underscores,0.10669398307800293
mendeley_phishurl,kaggle_malicious,0.23665595392731226,n_slashes,0.030927155166864395
mendeley_phishurl,kaggle_malicious,0.23665595392731226,n_question,-0.0002656738506630063
mendeley_phishurl,kaggle_malicious,0.23665595392731226,n_equals,0.021279091015458107
mendeley_phishurl,kaggle_malicious,0.23665595392731226,n_at,0.010241877287626266
mendeley_phishurl,kaggle_malicious,0.23665595392731226,n_ampersand,0.006149161607027054
mendeley_phishurl,kaggle_malicious,0.23665595392731226,n_percent,0.021260816603899002
mendeley_phishurl,kaggle_malicious,0.23665595392731226,n_digits,0.021504893898963928
mendeley_phishurl,kaggle_malicious,0.23665595392731226,n_letters,-0.059186674654483795
mendeley_phishurl,kaggle_malicious,0.23665595392731226,digit_ratio,-0.07345259934663773
mendeley_phishurl,kaggle_malicious,0.23665595392731226,n_subdomains,-0.2953159213066101
mendeley_phishurl,kaggle_malicious,0.23665595392731226,subdomain_length,-2.1941676139831543
mendeley_phishurl,kaggle_malicious,0.23665595392731226,domain_length,-0.05868823081254959
mendeley_phishurl,kaggle_malicious,0.23665595392731226,tld_length,0.07167618721723557
mendeley_phishurl,kaggle_malicious,0.23665595392731226,is_ip_host,0.0
mendeley_phishurl,kaggle_malicious,0.23665595392731226,is_hex_host,0.0
mendeley_phishurl,kaggle_malicious,0.23665595392731226,is_https,-0.06208181381225586
mendeley_phishurl,kaggle_malicious,0.23665595392731226,has_port,0.0
mendeley_phishurl,kaggle_malicious,0.23665595392731226,is_shortener,0.0
mendeley_phishurl,kaggle_malicious,0.23665595392731226,has_punycode,0.0
mendeley_phishurl,kaggle_malicious,0.23665595392731226,has_double_slash_path,0.0
mendeley_phishurl,kaggle_malicious,0.23665595392731226,n_suspicious_words,0.09072348475456238
mendeley_phishurl,kaggle_malicious,0.23665595392731226,url_entropy,-0.10144352167844772
mendeley_phishurl,kaggle_malicious,0.23665595392731226,host_entropy,0.03263324499130249
mendeley_phishurl,kaggle_malicious,0.23665595392731226,longest_token_path,0.04222218692302704
mendeley_phishurl,kaggle_malicious,0.23665595392731226,has_https_token_in_host,0.0
mendeley_phishurl,hannousse,0.7868239173515384,url_length,0.08003044128417969
mendeley_phishurl,hannousse,0.7868239173515384,host_length,0.2143709361553192
mendeley_phishurl,hannousse,0.7868239173515384,path_length,0.10694418847560883
mendeley_phishurl,hannousse,0.7868239173515384,query_length,0.10681718587875366
mendeley_phishurl,hannousse,0.7868239173515384,n_dots,0.033275093883275986
mendeley_phishurl,hannousse,0.7868239173515384,n_hyphens,0.1722460687160492
mendeley_phishurl,hannousse,0.7868239173515384,n_underscores,0.04113905504345894
mendeley_phishurl,hannousse,0.7868239173515384,n_slashes,0.1460912674665451
mendeley_phishurl,hannousse,0.7868239173515384,n_question,0.002283812267705798
mendeley_phishurl,hannousse,0.7868239173515384,n_equals,-0.04027770459651947
mendeley_phishurl,hannousse,0.7868239173515384,n_at,0.08012531697750092
mendeley_phishurl,hannousse,0.7868239173515384,n_ampersand,-0.012794370763003826
mendeley_phishurl,hannousse,0.7868239173515384,n_percent,-0.0004178598173893988
mendeley_phishurl,hannousse,0.7868239173515384,n_digits,0.1157660037279129
mendeley_phishurl,hannousse,0.7868239173515384,n_letters,0.08203747868537903
mendeley_phishurl,hannousse,0.7868239173515384,digit_ratio,0.343493789434433
mendeley_phishurl,hannousse,0.7868239173515384,n_subdomains,0.03791797161102295
mendeley_phishurl,hannousse,0.7868239173515384,subdomain_length,2.3469674587249756
mendeley_phishurl,hannousse,0.7868239173515384,domain_length,0.1543489247560501
mendeley_phishurl,hannousse,0.7868239173515384,tld_length,0.15003465116024017
mendeley_phishurl,hannousse,0.7868239173515384,is_ip_host,0.0
mendeley_phishurl,hannousse,0.7868239173515384,is_hex_host,0.0
mendeley_phishurl,hannousse,0.7868239173515384,is_https,0.42722177505493164
mendeley_phishurl,hannousse,0.7868239173515384,has_port,0.0
mendeley_phishurl,hannousse,0.7868239173515384,is_shortener,0.0
mendeley_phishurl,hannousse,0.7868239173515384,has_punycode,0.0
mendeley_phishurl,hannousse,0.7868239173515384,has_double_slash_path,0.0
mendeley_phishurl,hannousse,0.7868239173515384,n_suspicious_words,0.540718138217926
mendeley_phishurl,hannousse,0.7868239173515384,url_entropy,0.18602801859378815
mendeley_phishurl,hannousse,0.7868239173515384,host_entropy,0.4772378206253052
mendeley_phishurl,hannousse,0.7868239173515384,longest_token_path,0.21520517766475677
mendeley_phishurl,hannousse,0.7868239173515384,has_https_token_in_host,0.0
mendeley_phishurl,ebbu2017,0.8744634782964302,url_length,0.20390576124191284
mendeley_phishurl,ebbu2017,0.8744634782964302,host_length,0.08149464428424835
mendeley_phishurl,ebbu2017,0.8744634782964302,path_length,0.25176358222961426
mendeley_phishurl,ebbu2017,0.8744634782964302,query_length,0.12915892899036407
mendeley_phishurl,ebbu2017,0.8744634782964302,n_dots,0.03619937598705292
mendeley_phishurl,ebbu2017,0.8744634782964302,n_hyphens,0.2566513419151306
mendeley_phishurl,ebbu2017,0.8744634782964302,n_underscores,0.13784942030906677
mendeley_phishurl,ebbu2017,0.8744634782964302,n_slashes,0.23521201312541962
mendeley_phishurl,ebbu2017,0.8744634782964302,n_question,0.0028500740882009268
mendeley_phishurl,ebbu2017,0.8744634782964302,n_equals,-0.022292466834187508
mendeley_phishurl,ebbu2017,0.8744634782964302,n_at,0.09088224172592163
mendeley_phishurl,ebbu2017,0.8744634782964302,n_ampersand,-0.00781720969825983
mendeley_phishurl,ebbu2017,0.8744634782964302,n_percent,0.007763261906802654
mendeley_phishurl,ebbu2017,0.8744634782964302,n_digits,0.13539406657218933
mendeley_phishurl,ebbu2017,0.8744634782964302,n_letters,0.07302342355251312
mendeley_phishurl,ebbu2017,0.8744634782964302,digit_ratio,0.17645251750946045
mendeley_phishurl,ebbu2017,0.8744634782964302,n_subdomains,-0.008353114128112793
mendeley_phishurl,ebbu2017,0.8744634782964302,subdomain_length,1.6813663244247437
mendeley_phishurl,ebbu2017,0.8744634782964302,domain_length,0.11653540283441544
mendeley_phishurl,ebbu2017,0.8744634782964302,tld_length,0.2658838629722595
mendeley_phishurl,ebbu2017,0.8744634782964302,is_ip_host,0.0
mendeley_phishurl,ebbu2017,0.8744634782964302,is_hex_host,0.0
mendeley_phishurl,ebbu2017,0.8744634782964302,is_https,2.2776732444763184
mendeley_phishurl,ebbu2017,0.8744634782964302,has_port,0.0
mendeley_phishurl,ebbu2017,0.8744634782964302,is_shortener,0.0
mendeley_phishurl,ebbu2017,0.8744634782964302,has_punycode,0.0
mendeley_phishurl,ebbu2017,0.8744634782964302,has_double_slash_path,0.0
mendeley_phishurl,ebbu2017,0.8744634782964302,n_suspicious_words,0.339480996131897
mendeley_phishurl,ebbu2017,0.8744634782964302,url_entropy,0.21700096130371094
mendeley_phishurl,ebbu2017,0.8744634782964302,host_entropy,0.29276448488235474
mendeley_phishurl,ebbu2017,0.8744634782964302,longest_token_path,0.16535024344921112
mendeley_phishurl,ebbu2017,0.8744634782964302,has_https_token_in_host,0.0
mendeley_phishurl,aligned_matched,0.6884014205028279,url_length,0.12692514061927795
mendeley_phishurl,aligned_matched,0.6884014205028279,host_length,0.026447031646966934
mendeley_phishurl,aligned_matched,0.6884014205028279,path_length,0.330559641122818
mendeley_phishurl,aligned_matched,0.6884014205028279,query_length,0.015372201800346375
mendeley_phishurl,aligned_matched,0.6884014205028279,n_dots,0.009623594582080841
mendeley_phishurl,aligned_matched,0.6884014205028279,n_hyphens,0.3522987365722656
mendeley_phishurl,aligned_matched,0.6884014205028279,n_underscores,0.03194340690970421
mendeley_phishurl,aligned_matched,0.6884014205028279,n_slashes,0.04235287755727768
mendeley_phishurl,aligned_matched,0.6884014205028279,n_question,0.0007181071559898555
mendeley_phishurl,aligned_matched,0.6884014205028279,n_equals,0.013658958487212658
mendeley_phishurl,aligned_matched,0.6884014205028279,n_at,0.0598142072558403
mendeley_phishurl,aligned_matched,0.6884014205028279,n_ampersand,0.0024659056216478348
mendeley_phishurl,aligned_matched,0.6884014205028279,n_percent,0.04350998252630234
mendeley_phishurl,aligned_matched,0.6884014205028279,n_digits,0.07986299693584442
mendeley_phishurl,aligned_matched,0.6884014205028279,n_letters,0.02307112142443657
mendeley_phishurl,aligned_matched,0.6884014205028279,digit_ratio,0.06410317122936249
mendeley_phishurl,aligned_matched,0.6884014205028279,n_subdomains,-0.3851050138473511
mendeley_phishurl,aligned_matched,0.6884014205028279,subdomain_length,0.8911166191101074
mendeley_phishurl,aligned_matched,0.6884014205028279,domain_length,-0.04800395667552948
mendeley_phishurl,aligned_matched,0.6884014205028279,tld_length,-0.04758371412754059
mendeley_phishurl,aligned_matched,0.6884014205028279,is_ip_host,0.0
mendeley_phishurl,aligned_matched,0.6884014205028279,is_hex_host,0.0
mendeley_phishurl,aligned_matched,0.6884014205028279,is_https,0.09794080257415771
mendeley_phishurl,aligned_matched,0.6884014205028279,has_port,0.0
mendeley_phishurl,aligned_matched,0.6884014205028279,is_shortener,0.0
mendeley_phishurl,aligned_matched,0.6884014205028279,has_punycode,0.0
mendeley_phishurl,aligned_matched,0.6884014205028279,has_double_slash_path,0.0
mendeley_phishurl,aligned_matched,0.6884014205028279,n_suspicious_words,0.4875826835632324
mendeley_phishurl,aligned_matched,0.6884014205028279,url_entropy,0.10004682838916779
mendeley_phishurl,aligned_matched,0.6884014205028279,host_entropy,0.34001871943473816
mendeley_phishurl,aligned_matched,0.6884014205028279,longest_token_path,0.169045090675354
mendeley_phishurl,aligned_matched,0.6884014205028279,has_https_token_in_host,0.0
mendeley_phishurl,aligned_natural,0.7901933868439557,url_length,0.22734880447387695
mendeley_phishurl,aligned_natural,0.7901933868439557,host_length,0.053403858095407486
mendeley_phishurl,aligned_natural,0.7901933868439557,path_length,0.4099290072917938
mendeley_phishurl,aligned_natural,0.7901933868439557,query_length,0.005783148109912872
mendeley_phishurl,aligned_natural,0.7901933868439557,n_dots,0.046392135322093964
mendeley_phishurl,aligned_natural,0.7901933868439557,n_hyphens,0.41543978452682495
mendeley_phishurl,aligned_natural,0.7901933868439557,n_underscores,0.03979676589369774
mendeley_phishurl,aligned_natural,0.7901933868439557,n_slashes,0.0038188910111784935
mendeley_phishurl,aligned_natural,0.7901933868439557,n_question,0.00038883049273863435
mendeley_phishurl,aligned_natural,0.7901933868439557,n_equals,0.018940415233373642
mendeley_phishurl,aligned_natural,0.7901933868439557,n_at,0.045626476407051086
mendeley_phishurl,aligned_natural,0.7901933868439557,n_ampersand,0.004821370355784893
mendeley_phishurl,aligned_natural,0.7901933868439557,n_percent,0.03604927659034729
mendeley_phishurl,aligned_natural,0.7901933868439557,n_digits,0.0635833740234375
mendeley_phishurl,aligned_natural,0.7901933868439557,n_letters,-0.007319116964936256
mendeley_phishurl,aligned_natural,0.7901933868439557,digit_ratio,0.04092932865023613
mendeley_phishurl,aligned_natural,0.7901933868439557,n_subdomains,-0.2076505422592163
mendeley_phishurl,aligned_natural,0.7901933868439557,subdomain_length,2.0021753311157227
mendeley_phishurl,aligned_natural,0.7901933868439557,domain_length,-0.009785071015357971
mendeley_phishurl,aligned_natural,0.7901933868439557,tld_length,-0.07112999260425568
mendeley_phishurl,aligned_natural,0.7901933868439557,is_ip_host,0.0
mendeley_phishurl,aligned_natural,0.7901933868439557,is_hex_host,0.0
mendeley_phishurl,aligned_natural,0.7901933868439557,is_https,2.0412497520446777
mendeley_phishurl,aligned_natural,0.7901933868439557,has_port,0.0
mendeley_phishurl,aligned_natural,0.7901933868439557,is_shortener,0.0
mendeley_phishurl,aligned_natural,0.7901933868439557,has_punycode,0.0
mendeley_phishurl,aligned_natural,0.7901933868439557,has_double_slash_path,0.0
mendeley_phishurl,aligned_natural,0.7901933868439557,n_suspicious_words,0.396140456199646
mendeley_phishurl,aligned_natural,0.7901933868439557,url_entropy,0.20272578299045563
mendeley_phishurl,aligned_natural,0.7901933868439557,host_entropy,0.4635452926158905
mendeley_phishurl,aligned_natural,0.7901933868439557,longest_token_path,0.12669728696346283
mendeley_phishurl,aligned_natural,0.7901933868439557,has_https_token_in_host,0.0
kaggle_malicious,phiusiil,0.4071463026911401,url_length,-0.1689511388540268
kaggle_malicious,phiusiil,0.4071463026911401,host_length,-0.07991733402013779
kaggle_malicious,phiusiil,0.4071463026911401,path_length,-0.8825173377990723
kaggle_malicious,phiusiil,0.4071463026911401,query_length,0.007970371283590794
kaggle_malicious,phiusiil,0.4071463026911401,n_dots,-0.04478020220994949
kaggle_malicious,phiusiil,0.4071463026911401,n_hyphens,0.0046881623566150665
kaggle_malicious,phiusiil,0.4071463026911401,n_underscores,0.005981864407658577
kaggle_malicious,phiusiil,0.4071463026911401,n_slashes,-0.03558799996972084
kaggle_malicious,phiusiil,0.4071463026911401,n_question,-0.0006844541057944298
kaggle_malicious,phiusiil,0.4071463026911401,n_equals,-0.014211442321538925
kaggle_malicious,phiusiil,0.4071463026911401,n_at,0.015412049368023872
kaggle_malicious,phiusiil,0.4071463026911401,n_ampersand,-0.00579026248306036
kaggle_malicious,phiusiil,0.4071463026911401,n_percent,-0.007375530898571014
kaggle_malicious,phiusiil,0.4071463026911401,n_digits,-0.011799199506640434
kaggle_malicious,phiusiil,0.4071463026911401,n_letters,-0.2242838442325592
kaggle_malicious,phiusiil,0.4071463026911401,digit_ratio,-0.027347508817911148
kaggle_malicious,phiusiil,0.4071463026911401,n_subdomains,0.05344820022583008
kaggle_malicious,phiusiil,0.4071463026911401,subdomain_length,0.6242084503173828
kaggle_malicious,phiusiil,0.4071463026911401,domain_length,-0.05734176188707352
kaggle_malicious,phiusiil,0.4071463026911401,tld_length,0.048556264489889145
kaggle_malicious,phiusiil,0.4071463026911401,is_ip_host,0.008446238934993744
kaggle_malicious,phiusiil,0.4071463026911401,is_hex_host,0.0
kaggle_malicious,phiusiil,0.4071463026911401,is_https,-1.1369006633758545
kaggle_malicious,phiusiil,0.4071463026911401,has_port,-8.30139106255956e-06
kaggle_malicious,phiusiil,0.4071463026911401,is_shortener,0.0024528554640710354
kaggle_malicious,phiusiil,0.4071463026911401,has_punycode,0.0008183331228792667
kaggle_malicious,phiusiil,0.4071463026911401,has_double_slash_path,-0.0034329425543546677
kaggle_malicious,phiusiil,0.4071463026911401,n_suspicious_words,0.015710830688476562
kaggle_malicious,phiusiil,0.4071463026911401,url_entropy,-0.0620197132229805
kaggle_malicious,phiusiil,0.4071463026911401,host_entropy,0.16414758563041687
kaggle_malicious,phiusiil,0.4071463026911401,longest_token_path,0.3207182288169861
kaggle_malicious,phiusiil,0.4071463026911401,has_https_token_in_host,0.0
kaggle_malicious,mendeley_phishurl,0.1695252641055226,url_length,-0.15895578265190125
kaggle_malicious,mendeley_phishurl,0.1695252641055226,host_length,-0.19981175661087036
kaggle_malicious,mendeley_phishurl,0.1695252641055226,path_length,0.17066295444965363
kaggle_malicious,mendeley_phishurl,0.1695252641055226,query_length,0.022809935733675957
kaggle_malicious,mendeley_phishurl,0.1695252641055226,n_dots,-0.2654595971107483
kaggle_malicious,mendeley_phishurl,0.1695252641055226,n_hyphens,0.17397671937942505
kaggle_malicious,mendeley_phishurl,0.1695252641055226,n_underscores,0.0699806660413742
kaggle_malicious,mendeley_phishurl,0.1695252641055226,n_slashes,0.014463327825069427
kaggle_malicious,mendeley_phishurl,0.1695252641055226,n_question,0.0032518869265913963
kaggle_malicious,mendeley_phishurl,0.1695252641055226,n_equals,-0.005666588433086872
kaggle_malicious,mendeley_phishurl,0.1695252641055226,n_at,0.033835358917713165
kaggle_malicious,mendeley_phishurl,0.1695252641055226,n_ampersand,-0.0017386313993483782
kaggle_malicious,mendeley_phishurl,0.1695252641055226,n_percent,-0.02010284923017025
kaggle_malicious,mendeley_phishurl,0.1695252641055226,n_digits,0.06826343387365341
kaggle_malicious,mendeley_phishurl,0.1695252641055226,n_letters,-0.19052717089653015
kaggle_malicious,mendeley_phishurl,0.1695252641055226,digit_ratio,0.040389228612184525
kaggle_malicious,mendeley_phishurl,0.1695252641055226,n_subdomains,-0.317569375038147
kaggle_malicious,mendeley_phishurl,0.1695252641055226,subdomain_length,-1.266687273979187
kaggle_malicious,mendeley_phishurl,0.1695252641055226,domain_length,-0.07625482976436615
kaggle_malicious,mendeley_phishurl,0.1695252641055226,tld_length,0.13424824178218842
kaggle_malicious,mendeley_phishurl,0.1695252641055226,is_ip_host,0.046753428876399994
kaggle_malicious,mendeley_phishurl,0.1695252641055226,is_hex_host,0.0
kaggle_malicious,mendeley_phishurl,0.1695252641055226,is_https,-3.8850114345550537
kaggle_malicious,mendeley_phishurl,0.1695252641055226,has_port,0.00013168998702894896
kaggle_malicious,mendeley_phishurl,0.1695252641055226,is_shortener,0.005412534344941378
kaggle_malicious,mendeley_phishurl,0.1695252641055226,has_punycode,0.00040667387656867504
kaggle_malicious,mendeley_phishurl,0.1695252641055226,has_double_slash_path,-0.0031322394497692585
kaggle_malicious,mendeley_phishurl,0.1695252641055226,n_suspicious_words,0.048306312412023544
kaggle_malicious,mendeley_phishurl,0.1695252641055226,url_entropy,0.1028563380241394
kaggle_malicious,mendeley_phishurl,0.1695252641055226,host_entropy,0.017213154584169388
kaggle_malicious,mendeley_phishurl,0.1695252641055226,longest_token_path,0.0413883775472641
kaggle_malicious,mendeley_phishurl,0.1695252641055226,has_https_token_in_host,0.0
kaggle_malicious,hannousse,0.4482114495093188,url_length,-0.08730671554803848
kaggle_malicious,hannousse,0.4482114495093188,host_length,0.02467871457338333
kaggle_malicious,hannousse,0.4482114495093188,path_length,0.05497009679675102
kaggle_malicious,hannousse,0.4482114495093188,query_length,0.03420708328485489
kaggle_malicious,hannousse,0.4482114495093188,n_dots,-0.022172585129737854
kaggle_malicious,hannousse,0.4482114495093188,n_hyphens,0.13956251740455627
kaggle_malicious,hannousse,0.4482114495093188,n_underscores,0.02331489697098732
kaggle_malicious,hannousse,0.4482114495093188,n_slashes,0.0933382511138916
kaggle_malicious,hannousse,0.4482114495093188,n_question,0.0008418811485171318
kaggle_malicious,hannousse,0.4482114495093188,n_equals,-0.05723145604133606
kaggle_malicious,hannousse,0.4482114495093188,n_at,0.06258895993232727
kaggle_malicious,hannousse,0.4482114495093188,n_ampersand,0.005699168425053358
kaggle_malicious,hannousse,0.4482114495093188,n_percent,-0.013759550638496876
kaggle_malicious,hannousse,0.4482114495093188,n_digits,-0.0015978985466063023
kaggle_malicious,hannousse,0.4482114495093188,n_letters,-0.06475745886564255
kaggle_malicious,hannousse,0.4482114495093188,digit_ratio,0.03398563712835312
kaggle_malicious,hannousse,0.4482114495093188,n_subdomains,-0.0255347341299057
kaggle_malicious,hannousse,0.4482114495093188,subdomain_length,-0.9514812231063843
kaggle_malicious,hannousse,0.4482114495093188,domain_length,-0.010197250172495842
kaggle_malicious,hannousse,0.4482114495093188,tld_length,0.08712521940469742
kaggle_malicious,hannousse,0.4482114495093188,is_ip_host,0.029898684471845627
kaggle_malicious,hannousse,0.4482114495093188,is_hex_host,0.0
kaggle_malicious,hannousse,0.4482114495093188,is_https,-0.6703944206237793
kaggle_malicious,hannousse,0.4482114495093188,has_port,1.850172338890843e-05
kaggle_malicious,hannousse,0.4482114495093188,is_shortener,0.003750903531908989
kaggle_malicious,hannousse,0.4482114495093188,has_punycode,0.0009847754845395684
kaggle_malicious,hannousse,0.4482114495093188,has_double_slash_path,-0.004383941646665335
kaggle_malicious,hannousse,0.4482114495093188,n_suspicious_words,0.07762550562620163
kaggle_malicious,hannousse,0.4482114495093188,url_entropy,0.06514550000429153
kaggle_malicious,hannousse,0.4482114495093188,host_entropy,0.06598678976297379
kaggle_malicious,hannousse,0.4482114495093188,longest_token_path,0.37850913405418396
kaggle_malicious,hannousse,0.4482114495093188,has_https_token_in_host,0.0
kaggle_malicious,ebbu2017,0.29456748716259584,url_length,-0.1304105818271637
kaggle_malicious,ebbu2017,0.29456748716259584,host_length,-0.10335788130760193
kaggle_malicious,ebbu2017,0.29456748716259584,path_length,0.05003225803375244
kaggle_malicious,ebbu2017,0.29456748716259584,query_length,0.10473242402076721
kaggle_malicious,ebbu2017,0.29456748716259584,n_dots,-0.06536564975976944
kaggle_malicious,ebbu2017,0.29456748716259584,n_hyphens,0.2618180811405182
kaggle_malicious,ebbu2017,0.29456748716259584,n_underscores,0.08433374017477036
kaggle_malicious,ebbu2017,0.29456748716259584,n_slashes,0.2953786551952362
kaggle_malicious,ebbu2017,0.29456748716259584,n_question,-0.004348429385572672
kaggle_malicious,ebbu2017,0.29456748716259584,n_equals,-0.03475712239742279
kaggle_malicious,ebbu2017,0.29456748716259584,n_at,0.10230790823698044
kaggle_malicious,ebbu2017,0.29456748716259584,n_ampersand,0.0005736130988225341
kaggle_malicious,ebbu2017,0.29456748716259584,n_percent,-0.009593885391950607
kaggle_malicious,ebbu2017,0.29456748716259584,n_digits,0.048298854380846024
kaggle_malicious,ebbu2017,0.29456748716259584,n_letters,-0.06394368410110474
kaggle_malicious,ebbu2017,0.29456748716259584,digit_ratio,0.027310296893119812
kaggle_malicious,ebbu2017,0.29456748716259584,n_subdomains,-0.18333560228347778
kaggle_malicious,ebbu2017,0.29456748716259584,subdomain_length,-1.0086861848831177
kaggle_malicious,ebbu2017,0.29456748716259584,domain_length,-0.04833923652768135
kaggle_malicious,ebbu2017,0.29456748716259584,tld_length,0.07435916364192963
kaggle_malicious,ebbu2017,0.29456748716259584,is_ip_host,0.009086080826818943
kaggle_malicious,ebbu2017,0.29456748716259584,is_hex_host,0.0
kaggle_malicious,ebbu2017,0.29456748716259584,is_https,-2.316030979156494
kaggle_malicious,ebbu2017,0.29456748716259584,has_port,1.969595359696541e-05
kaggle_malicious,ebbu2017,0.29456748716259584,is_shortener,1.1624837497947738e-05
kaggle_malicious,ebbu2017,0.29456748716259584,has_punycode,0.0004853685386478901
kaggle_malicious,ebbu2017,0.29456748716259584,has_double_slash_path,-0.0019851813558489084
kaggle_malicious,ebbu2017,0.29456748716259584,n_suspicious_words,0.09300218522548676
kaggle_malicious,ebbu2017,0.29456748716259584,url_entropy,0.05766504257917404
kaggle_malicious,ebbu2017,0.29456748716259584,host_entropy,-0.03590013086795807
kaggle_malicious,ebbu2017,0.29456748716259584,longest_token_path,0.07173147797584534
kaggle_malicious,ebbu2017,0.29456748716259584,has_https_token_in_host,0.0
kaggle_malicious,aligned_matched,0.6406190886490204,url_length,0.0702253133058548
kaggle_malicious,aligned_matched,0.6406190886490204,host_length,0.0992589145898819
kaggle_malicious,aligned_matched,0.6406190886490204,path_length,0.16901516914367676
kaggle_malicious,aligned_matched,0.6406190886490204,query_length,0.028047237545251846
kaggle_malicious,aligned_matched,0.6406190886490204,n_dots,0.0076036714017391205
kaggle_malicious,aligned_matched,0.6406190886490204,n_hyphens,0.4763660430908203
kaggle_malicious,aligned_matched,0.6406190886490204,n_underscores,0.03269331902265549
kaggle_malicious,aligned_matched,0.6406190886490204,n_slashes,-0.07604286074638367
kaggle_malicious,aligned_matched,0.6406190886490204,n_question,0.003208230249583721
kaggle_malicious,aligned_matched,0.6406190886490204,n_equals,0.01795896328985691
kaggle_malicious,aligned_matched,0.6406190886490204,n_at,0.031557902693748474
kaggle_malicious,aligned_matched,0.6406190886490204,n_ampersand,0.013620282523334026
kaggle_malicious,aligned_matched,0.6406190886490204,n_percent,0.09541407972574234
kaggle_malicious,aligned_matched,0.6406190886490204,n_digits,0.058013126254081726
kaggle_malicious,aligned_matched,0.6406190886490204,n_letters,0.10404610633850098
kaggle_malicious,aligned_matched,0.6406190886490204,digit_ratio,0.020891763269901276
kaggle_malicious,aligned_matched,0.6406190886490204,n_subdomains,-0.057466816157102585
kaggle_malicious,aligned_matched,0.6406190886490204,subdomain_length,-0.32372403144836426
kaggle_malicious,aligned_matched,0.6406190886490204,domain_length,0.05149129778146744
kaggle_malicious,aligned_matched,0.6406190886490204,tld_length,0.007416851818561554
kaggle_malicious,aligned_matched,0.6406190886490204,is_ip_host,0.014938000589609146
kaggle_malicious,aligned_matched,0.6406190886490204,is_hex_host,0.0
kaggle_malicious,aligned_matched,0.6406190886490204,is_https,0.40662145614624023
kaggle_malicious,aligned_matched,0.6406190886490204,has_port,6.627521361224353e-05
kaggle_malicious,aligned_matched,0.6406190886490204,is_shortener,-0.00042098111589439213
kaggle_malicious,aligned_matched,0.6406190886490204,has_punycode,0.0007927309488877654
kaggle_malicious,aligned_matched,0.6406190886490204,has_double_slash_path,-0.001139296917244792
kaggle_malicious,aligned_matched,0.6406190886490204,n_suspicious_words,0.07541262358427048
kaggle_malicious,aligned_matched,0.6406190886490204,url_entropy,0.05881837010383606
kaggle_malicious,aligned_matched,0.6406190886490204,host_entropy,0.06301533430814743
kaggle_malicious,aligned_matched,0.6406190886490204,longest_token_path,-0.00488073006272316
kaggle_malicious,aligned_matched,0.6406190886490204,has_https_token_in_host,0.0
kaggle_malicious,aligned_natural,0.4899044121561796,url_length,0.07441572844982147
kaggle_malicious,aligned_natural,0.4899044121561796,host_length,0.005295619368553162
kaggle_malicious,aligned_natural,0.4899044121561796,path_length,0.07640501856803894
kaggle_malicious,aligned_natural,0.4899044121561796,query_length,0.021428342908620834
kaggle_malicious,aligned_natural,0.4899044121561796,n_dots,-0.08104497939348221
kaggle_malicious,aligned_natural,0.4899044121561796,n_hyphens,0.4956433176994324
kaggle_malicious,aligned_natural,0.4899044121561796,n_underscores,0.02655034326016903
kaggle_malicious,aligned_natural,0.4899044121561796,n_slashes,-0.15803495049476624
kaggle_malicious,aligned_natural,0.4899044121561796,n_question,0.004319692961871624
kaggle_malicious,aligned_natural,0.4899044121561796,n_equals,0.022053182125091553
kaggle_malicious,aligned_natural,0.4899044121561796,n_at,0.026887405663728714
kaggle_malicious,aligned_natural,0.4899044121561796,n_ampersand,0.011692846193909645
kaggle_malicious,aligned_natural,0.4899044121561796,n_percent,0.06808215379714966
kaggle_malicious,aligned_natural,0.4899044121561796,n_digits,0.06692419946193695
kaggle_malicious,aligned_natural,0.4899044121561796,n_letters,0.10174589604139328
kaggle_malicious,aligned_natural,0.4899044121561796,digit_ratio,0.01961745321750641
kaggle_malicious,aligned_natural,0.4899044121561796,n_subdomains,-0.1042228415608406
kaggle_malicious,aligned_natural,0.4899044121561796,subdomain_length,-0.7069634199142456
kaggle_malicious,aligned_natural,0.4899044121561796,domain_length,0.021437669172883034
kaggle_malicious,aligned_natural,0.4899044121561796,tld_length,0.05068725347518921
kaggle_malicious,aligned_natural,0.4899044121561796,is_ip_host,0.02905682474374771
kaggle_malicious,aligned_natural,0.4899044121561796,is_hex_host,0.0
kaggle_malicious,aligned_natural,0.4899044121561796,is_https,-0.7280764579772949
kaggle_malicious,aligned_natural,0.4899044121561796,has_port,8.59396968735382e-05
kaggle_malicious,aligned_natural,0.4899044121561796,is_shortener,1.802359474822879e-05
kaggle_malicious,aligned_natural,0.4899044121561796,has_punycode,0.0005298728356137872
kaggle_malicious,aligned_natural,0.4899044121561796,has_double_slash_path,-0.000931653194129467
kaggle_malicious,aligned_natural,0.4899044121561796,n_suspicious_words,0.08183320611715317
kaggle_malicious,aligned_natural,0.4899044121561796,url_entropy,0.08425964415073395
kaggle_malicious,aligned_natural,0.4899044121561796,host_entropy,0.03101702407002449
kaggle_malicious,aligned_natural,0.4899044121561796,longest_token_path,-0.16886496543884277
kaggle_malicious,aligned_natural,0.4899044121561796,has_https_token_in_host,0.0
hannousse,phiusiil,0.8668037730305527,url_length,0.23972585797309875
hannousse,phiusiil,0.8668037730305527,host_length,0.26945409178733826
hannousse,phiusiil,0.8668037730305527,path_length,-0.43969985842704773
hannousse,phiusiil,0.8668037730305527,query_length,0.03126690909266472
hannousse,phiusiil,0.8668037730305527,n_dots,0.2686886191368103
hannousse,phiusiil,0.8668037730305527,n_hyphens,0.016387075185775757
hannousse,phiusiil,0.8668037730305527,n_underscores,-0.015854567289352417
hannousse,phiusiil,0.8668037730305527,n_slashes,0.20066818594932556
hannousse,phiusiil,0.8668037730305527,n_question,0.03383501619100571
hannousse,phiusiil,0.8668037730305527,n_equals,-0.0013581805396825075
hannousse,phiusiil,0.8668037730305527,n_at,0.03416763246059418
hannousse,phiusiil,0.8668037730305527,n_ampersand,-0.00871969573199749
hannousse,phiusiil,0.8668037730305527,n_percent,0.010114027187228203
hannousse,phiusiil,0.8668037730305527,n_digits,0.28362324833869934
hannousse,phiusiil,0.8668037730305527,n_letters,-0.08926424384117126
hannousse,phiusiil,0.8668037730305527,digit_ratio,0.45696038007736206
hannousse,phiusiil,0.8668037730305527,n_subdomains,0.031621068716049194
hannousse,phiusiil,0.8668037730305527,subdomain_length,1.755824327468872
hannousse,phiusiil,0.8668037730305527,domain_length,0.1598168909549713
hannousse,phiusiil,0.8668037730305527,tld_length,0.1847381442785263
hannousse,phiusiil,0.8668037730305527,is_ip_host,0.0
hannousse,phiusiil,0.8668037730305527,is_hex_host,0.0
hannousse,phiusiil,0.8668037730305527,is_https,0.21845826506614685
hannousse,phiusiil,0.8668037730305527,has_port,0.0006743702106177807
hannousse,phiusiil,0.8668037730305527,is_shortener,0.006951174698770046
hannousse,phiusiil,0.8668037730305527,has_punycode,0.0
hannousse,phiusiil,0.8668037730305527,has_double_slash_path,0.0007677290122956038
hannousse,phiusiil,0.8668037730305527,n_suspicious_words,0.262906551361084
hannousse,phiusiil,0.8668037730305527,url_entropy,-0.031750455498695374
hannousse,phiusiil,0.8668037730305527,host_entropy,0.4908512830734253
hannousse,phiusiil,0.8668037730305527,longest_token_path,0.2331276535987854
hannousse,phiusiil,0.8668037730305527,has_https_token_in_host,0.0
hannousse,mendeley_phishurl,0.9374970340852732,url_length,0.10320676863193512
hannousse,mendeley_phishurl,0.9374970340852732,host_length,0.16389742493629456
hannousse,mendeley_phishurl,0.9374970340852732,path_length,0.3500784635543823
hannousse,mendeley_phishurl,0.9374970340852732,query_length,0.05847980082035065
hannousse,mendeley_phishurl,0.9374970340852732,n_dots,-0.09431794285774231
hannousse,mendeley_phishurl,0.9374970340852732,n_hyphens,0.39942866563796997
hannousse,mendeley_phishurl,0.9374970340852732,n_underscores,0.1633118987083435
hannousse,mendeley_phishurl,0.9374970340852732,n_slashes,0.3783172369003296
hannousse,mendeley_phishurl,0.9374970340852732,n_question,0.041863203048706055
hannousse,mendeley_phishurl,0.9374970340852732,n_equals,-0.00019984901882708073
hannousse,mendeley_phishurl,0.9374970340852732,n_at,0.04648478329181671
hannousse,mendeley_phishurl,0.9374970340852732,n_ampersand,-0.009949793107807636
hannousse,mendeley_phishurl,0.9374970340852732,n_percent,0.03133935108780861
hannousse,mendeley_phishurl,0.9374970340852732,n_digits,0.3456708490848541
hannousse,mendeley_phishurl,0.9374970340852732,n_letters,0.14259877800941467
hannousse,mendeley_phishurl,0.9374970340852732,digit_ratio,0.30110469460487366
hannousse,mendeley_phishurl,0.9374970340852732,n_subdomains,0.3129943013191223
hannousse,mendeley_phishurl,0.9374970340852732,subdomain_length,1.8117824792861938
hannousse,mendeley_phishurl,0.9374970340852732,domain_length,0.2622711956501007
hannousse,mendeley_phishurl,0.9374970340852732,tld_length,0.3810425102710724
hannousse,mendeley_phishurl,0.9374970340852732,is_ip_host,0.0
hannousse,mendeley_phishurl,0.9374970340852732,is_hex_host,0.0
hannousse,mendeley_phishurl,0.9374970340852732,is_https,0.3034355342388153
hannousse,mendeley_phishurl,0.9374970340852732,has_port,-0.0003671359736472368
hannousse,mendeley_phishurl,0.9374970340852732,is_shortener,0.01189214177429676
hannousse,mendeley_phishurl,0.9374970340852732,has_punycode,0.0
hannousse,mendeley_phishurl,0.9374970340852732,has_double_slash_path,0.0006813619984313846
hannousse,mendeley_phishurl,0.9374970340852732,n_suspicious_words,0.4318932890892029
hannousse,mendeley_phishurl,0.9374970340852732,url_entropy,0.3703172206878662
hannousse,mendeley_phishurl,0.9374970340852732,host_entropy,0.3508765995502472
hannousse,mendeley_phishurl,0.9374970340852732,longest_token_path,0.37714189291000366
hannousse,mendeley_phishurl,0.9374970340852732,has_https_token_in_host,0.0
hannousse,kaggle_malicious,0.5436123743621106,url_length,-0.008836834691464901
hannousse,kaggle_malicious,0.5436123743621106,host_length,0.060186341404914856
hannousse,kaggle_malicious,0.5436123743621106,path_length,0.3297552764415741
hannousse,kaggle_malicious,0.5436123743621106,query_length,-0.01746467314660549
hannousse,kaggle_malicious,0.5436123743621106,n_dots,0.3224293291568756
hannousse,kaggle_malicious,0.5436123743621106,n_hyphens,0.49882036447525024
hannousse,kaggle_malicious,0.5436123743621106,n_underscores,0.1399923861026764
hannousse,kaggle_malicious,0.5436123743621106,n_slashes,-0.021423563361167908
hannousse,kaggle_malicious,0.5436123743621106,n_question,-0.02336318977177143
hannousse,kaggle_malicious,0.5436123743621106,n_equals,0.004643370863050222
hannousse,kaggle_malicious,0.5436123743621106,n_at,0.011841255240142345
hannousse,kaggle_malicious,0.5436123743621106,n_ampersand,0.013102404773235321
hannousse,kaggle_malicious,0.5436123743621106,n_percent,0.03551073372364044
hannousse,kaggle_malicious,0.5436123743621106,n_digits,0.006237028166651726
hannousse,kaggle_malicious,0.5436123743621106,n_letters,0.164790540933609
hannousse,kaggle_malicious,0.5436123743621106,digit_ratio,-0.022418618202209473
hannousse,kaggle_malicious,0.5436123743621106,n_subdomains,-0.20623600482940674
hannousse,kaggle_malicious,0.5436123743621106,subdomain_length,-0.9519396424293518
hannousse,kaggle_malicious,0.5436123743621106,domain_length,0.03800322115421295
hannousse,kaggle_malicious,0.5436123743621106,tld_length,0.1359938234090805
hannousse,kaggle_malicious,0.5436123743621106,is_ip_host,0.0
hannousse,kaggle_malicious,0.5436123743621106,is_hex_host,0.0
hannousse,kaggle_malicious,0.5436123743621106,is_https,-0.030446447432041168
hannousse,kaggle_malicious,0.5436123743621106,has_port,-0.00015693309251219034
hannousse,kaggle_malicious,0.5436123743621106,is_shortener,0.0037931534461677074
hannousse,kaggle_malicious,0.5436123743621106,has_punycode,0.0
hannousse,kaggle_malicious,0.5436123743621106,has_double_slash_path,7.112127786967903e-05
hannousse,kaggle_malicious,0.5436123743621106,n_suspicious_words,0.13645991683006287
hannousse,kaggle_malicious,0.5436123743621106,url_entropy,0.07588409632444382
hannousse,kaggle_malicious,0.5436123743621106,host_entropy,-0.02234266698360443
hannousse,kaggle_malicious,0.5436123743621106,longest_token_path,0.10479159653186798
hannousse,kaggle_malicious,0.5436123743621106,has_https_token_in_host,0.0
hannousse,ebbu2017,0.9699353079065607,url_length,0.1799989938735962
hannousse,ebbu2017,0.9699353079065607,host_length,0.13548950850963593
hannousse,ebbu2017,0.9699353079065607,path_length,0.4230988025665283
hannousse,ebbu2017,0.9699353079065607,query_length,0.14340078830718994
hannousse,ebbu2017,0.9699353079065607,n_dots,0.38953155279159546
hannousse,ebbu2017,0.9699353079065607,n_hyphens,0.7015585899353027
hannousse,ebbu2017,0.9699353079065607,n_underscores,0.1886531263589859
hannousse,ebbu2017,0.9699353079065607,n_slashes,1.228355884552002
hannousse,ebbu2017,0.9699353079065607,n_question,0.12177561968564987
hannousse,ebbu2017,0.9699353079065607,n_equals,-0.008202839642763138
hannousse,ebbu2017,0.9699353079065607,n_at,0.11669301241636276
hannousse,ebbu2017,0.9699353079065607,n_ampersand,-0.029451996088027954
hannousse,ebbu2017,0.9699353079065607,n_percent,0.04813428223133087
hannousse,ebbu2017,0.9699353079065607,n_digits,0.43135297298431396
hannousse,ebbu2017,0.9699353079065607,n_letters,0.13073614239692688
hannousse,ebbu2017,0.9699353079065607,digit_ratio,0.2514197528362274
hannousse,ebbu2017,0.9699353079065607,n_subdomains,0.2295801341533661
hannousse,ebbu2017,0.9699353079065607,subdomain_length,1.2198823690414429
hannousse,ebbu2017,0.9699353079065607,domain_length,0.39802461862564087
hannousse,ebbu2017,0.9699353079065607,tld_length,0.32588303089141846
hannousse,ebbu2017,0.9699353079065607,is_ip_host,0.0
hannousse,ebbu2017,0.9699353079065607,is_hex_host,0.0
hannousse,ebbu2017,0.9699353079065607,is_https,0.194177508354187
hannousse,ebbu2017,0.9699353079065607,has_port,7.421971531584859e-05
hannousse,ebbu2017,0.9699353079065607,is_shortener,-0.00027980655431747437
hannousse,ebbu2017,0.9699353079065607,has_punycode,0.0
hannousse,ebbu2017,0.9699353079065607,has_double_slash_path,0.00037061815964989364
hannousse,ebbu2017,0.9699353079065607,n_suspicious_words,0.5553979873657227
hannousse,ebbu2017,0.9699353079065607,url_entropy,0.3169732987880707
hannousse,ebbu2017,0.9699353079065607,host_entropy,0.23614034056663513
hannousse,ebbu2017,0.9699353079065607,longest_token_path,0.3858410120010376
hannousse,ebbu2017,0.9699353079065607,has_https_token_in_host,0.0
hannousse,aligned_matched,0.796061859459545,url_length,0.035766616463661194
hannousse,aligned_matched,0.796061859459545,host_length,0.13117390871047974
hannousse,aligned_matched,0.796061859459545,path_length,0.448025107383728
hannousse,aligned_matched,0.796061859459545,query_length,-0.008983224630355835
hannousse,aligned_matched,0.796061859459545,n_dots,0.19438545405864716
hannousse,aligned_matched,0.796061859459545,n_hyphens,0.6266376376152039
hannousse,aligned_matched,0.796061859459545,n_underscores,0.04816105216741562
hannousse,aligned_matched,0.796061859459545,n_slashes,-0.04095558077096939
hannousse,aligned_matched,0.796061859459545,n_question,0.006316825747489929
hannousse,aligned_matched,0.796061859459545,n_equals,0.003628535196185112
hannousse,aligned_matched,0.796061859459545,n_at,0.052272308617830276
hannousse,aligned_matched,0.796061859459545,n_ampersand,0.010136593133211136
hannousse,aligned_matched,0.796061859459545,n_percent,0.0751594677567482
hannousse,aligned_matched,0.796061859459545,n_digits,0.18509963154792786
hannousse,aligned_matched,0.796061859459545,n_letters,0.12737277150154114
hannousse,aligned_matched,0.796061859459545,digit_ratio,0.06312795728445053
hannousse,aligned_matched,0.796061859459545,n_subdomains,0.17247435450553894
hannousse,aligned_matched,0.796061859459545,subdomain_length,0.5253632068634033
hannousse,aligned_matched,0.796061859459545,domain_length,0.3484290838241577
hannousse,aligned_matched,0.796061859459545,tld_length,-0.06968890130519867
hannousse,aligned_matched,0.796061859459545,is_ip_host,0.0
hannousse,aligned_matched,0.796061859459545,is_hex_host,0.0
hannousse,aligned_matched,0.796061859459545,is_https,-0.020981118083000183
hannousse,aligned_matched,0.796061859459545,has_port,0.00010653072968125343
hannousse,aligned_matched,0.796061859459545,is_shortener,-0.0018897950649261475
hannousse,aligned_matched,0.796061859459545,has_punycode,0.0
hannousse,aligned_matched,0.796061859459545,has_double_slash_path,0.00030450840131379664
hannousse,aligned_matched,0.796061859459545,n_suspicious_words,0.580487847328186
hannousse,aligned_matched,0.796061859459545,url_entropy,0.16616758704185486
hannousse,aligned_matched,0.796061859459545,host_entropy,0.14926740527153015
hannousse,aligned_matched,0.796061859459545,longest_token_path,0.2663853168487549
hannousse,aligned_matched,0.796061859459545,has_https_token_in_host,0.0
hannousse,aligned_natural,0.8065394933022588,url_length,-0.002186708152294159
hannousse,aligned_natural,0.8065394933022588,host_length,0.16425615549087524
hannousse,aligned_natural,0.8065394933022588,path_length,0.4802006483078003
hannousse,aligned_natural,0.8065394933022588,query_length,-0.01716410368680954
hannousse,aligned_natural,0.8065394933022588,n_dots,0.12921831011772156
hannousse,aligned_natural,0.8065394933022588,n_hyphens,0.7414889931678772
hannousse,aligned_natural,0.8065394933022588,n_underscores,0.04800469055771828
hannousse,aligned_natural,0.8065394933022588,n_slashes,-0.18312649428844452
hannousse,aligned_natural,0.8065394933022588,n_question,-0.005756493657827377
hannousse,aligned_natural,0.8065394933022588,n_equals,0.004322385415434837
hannousse,aligned_natural,0.8065394933022588,n_at,0.043241456151008606
hannousse,aligned_natural,0.8065394933022588,n_ampersand,0.012423554435372353
hannousse,aligned_natural,0.8065394933022588,n_percent,0.0650138333439827
hannousse,aligned_natural,0.8065394933022588,n_digits,0.13604845106601715
hannousse,aligned_natural,0.8065394933022588,n_letters,0.2046162188053131
hannousse,aligned_natural,0.8065394933022588,digit_ratio,0.0346401184797287
hannousse,aligned_natural,0.8065394933022588,n_subdomains,0.1898128092288971
hannousse,aligned_natural,0.8065394933022588,subdomain_length,0.9329325556755066
hannousse,aligned_natural,0.8065394933022588,domain_length,0.35527098178863525
hannousse,aligned_natural,0.8065394933022588,tld_length,-0.06206232309341431
hannousse,aligned_natural,0.8065394933022588,is_ip_host,0.0
hannousse,aligned_natural,0.8065394933022588,is_hex_host,0.0
hannousse,aligned_natural,0.8065394933022588,is_https,0.06769776344299316
hannousse,aligned_natural,0.8065394933022588,has_port,0.00020523346029222012
hannousse,aligned_natural,0.8065394933022588,is_shortener,-0.0016643626149743795
hannousse,aligned_natural,0.8065394933022588,has_punycode,0.0
hannousse,aligned_natural,0.8065394933022588,has_double_slash_path,0.00026362051721662283
hannousse,aligned_natural,0.8065394933022588,n_suspicious_words,0.5285370945930481
hannousse,aligned_natural,0.8065394933022588,url_entropy,0.16980186104774475
hannousse,aligned_natural,0.8065394933022588,host_entropy,0.2146119922399521
hannousse,aligned_natural,0.8065394933022588,longest_token_path,0.19204451143741608
hannousse,aligned_natural,0.8065394933022588,has_https_token_in_host,0.0
ebbu2017,phiusiil,0.7560450958551453,url_length,-0.24080145359039307
ebbu2017,phiusiil,0.7560450958551453,host_length,0.24455487728118896
ebbu2017,phiusiil,0.7560450958551453,path_length,-1.8836641311645508
ebbu2017,phiusiil,0.7560450958551453,query_length,0.038346923887729645
ebbu2017,phiusiil,0.7560450958551453,n_dots,0.20294255018234253
ebbu2017,phiusiil,0.7560450958551453,n_hyphens,-0.07896257936954498
ebbu2017,phiusiil,0.7560450958551453,n_underscores,0.012306705117225647
ebbu2017,phiusiil,0.7560450958551453,n_slashes,0.3088124990463257
ebbu2017,phiusiil,0.7560450958551453,n_question,0.021312396973371506
ebbu2017,phiusiil,0.7560450958551453,n_equals,9.763287380337715e-05
ebbu2017,phiusiil,0.7560450958551453,n_at,0.04840841144323349
ebbu2017,phiusiil,0.7560450958551453,n_ampersand,-0.002291819080710411
ebbu2017,phiusiil,0.7560450958551453,n_percent,0.007559360004961491
ebbu2017,phiusiil,0.7560450958551453,n_digits,0.01716647669672966
ebbu2017,phiusiil,0.7560450958551453,n_letters,-0.1956695318222046
ebbu2017,phiusiil,0.7560450958551453,digit_ratio,0.037863023579120636
ebbu2017,phiusiil,0.7560450958551453,n_subdomains,0.025307148694992065
ebbu2017,phiusiil,0.7560450958551453,subdomain_length,0.9303094148635864
ebbu2017,phiusiil,0.7560450958551453,domain_length,-0.14838829636573792
ebbu2017,phiusiil,0.7560450958551453,tld_length,0.08525195717811584
ebbu2017,phiusiil,0.7560450958551453,is_ip_host,0.0
ebbu2017,phiusiil,0.7560450958551453,is_hex_host,0.0
ebbu2017,phiusiil,0.7560450958551453,is_https,2.27579402923584
ebbu2017,phiusiil,0.7560450958551453,has_port,0.0
ebbu2017,phiusiil,0.7560450958551453,is_shortener,0.0
ebbu2017,phiusiil,0.7560450958551453,has_punycode,9.480918379267678e-05
ebbu2017,phiusiil,0.7560450958551453,has_double_slash_path,0.0018057517008855939
ebbu2017,phiusiil,0.7560450958551453,n_suspicious_words,0.1378985494375229
ebbu2017,phiusiil,0.7560450958551453,url_entropy,-0.016586357727646828
ebbu2017,phiusiil,0.7560450958551453,host_entropy,0.577173113822937
ebbu2017,phiusiil,0.7560450958551453,longest_token_path,0.006528489291667938
ebbu2017,phiusiil,0.7560450958551453,has_https_token_in_host,0.0
ebbu2017,mendeley_phishurl,0.9601007495469794,url_length,0.12531568109989166
ebbu2017,mendeley_phishurl,0.9601007495469794,host_length,0.10241641104221344
ebbu2017,mendeley_phishurl,0.9601007495469794,path_length,0.4944496154785156
ebbu2017,mendeley_phishurl,0.9601007495469794,query_length,0.12700384855270386
ebbu2017,mendeley_phishurl,0.9601007495469794,n_dots,-0.1328955590724945
ebbu2017,mendeley_phishurl,0.9601007495469794,n_hyphens,0.30469727516174316
ebbu2017,mendeley_phishurl,0.9601007495469794,n_underscores,0.07455353438854218
ebbu2017,mendeley_phishurl,0.9601007495469794,n_slashes,0.42066675424575806
ebbu2017,mendeley_phishurl,0.9601007495469794,n_question,0.03842227905988693
ebbu2017,mendeley_phishurl,0.9601007495469794,n_equals,0.03930205479264259
ebbu2017,mendeley_phishurl,0.9601007495469794,n_at,0.06969967484474182
ebbu2017,mendeley_phishurl,0.9601007495469794,n_ampersand,-0.00223207613453269
ebbu2017,mendeley_phishurl,0.9601007495469794,n_percent,0.028589783236384392
ebbu2017,mendeley_phishurl,0.9601007495469794,n_digits,0.29549306631088257
ebbu2017,mendeley_phishurl,0.9601007495469794,n_letters,0.18595543503761292
ebbu2017,mendeley_phishurl,0.9601007495469794,digit_ratio,0.1197780966758728
ebbu2017,mendeley_phishurl,0.9601007495469794,n_subdomains,0.9912601709365845
ebbu2017,mendeley_phishurl,0.9601007495469794,subdomain_length,1.0839157104492188
ebbu2017,mendeley_phishurl,0.9601007495469794,domain_length,0.19231942296028137
ebbu2017,mendeley_phishurl,0.9601007495469794,tld_length,0.4032354950904846
ebbu2017,mendeley_phishurl,0.9601007495469794,is_ip_host,0.0
ebbu2017,mendeley_phishurl,0.9601007495469794,is_hex_host,0.0
ebbu2017,mendeley_phishurl,0.9601007495469794,is_https,2.576247453689575
ebbu2017,mendeley_phishurl,0.9601007495469794,has_port,0.0
ebbu2017,mendeley_phishurl,0.9601007495469794,is_shortener,0.0
ebbu2017,mendeley_phishurl,0.9601007495469794,has_punycode,0.00015801457630004734
ebbu2017,mendeley_phishurl,0.9601007495469794,has_double_slash_path,0.0016028257086873055
ebbu2017,mendeley_phishurl,0.9601007495469794,n_suspicious_words,0.37560391426086426
ebbu2017,mendeley_phishurl,0.9601007495469794,url_entropy,0.10533778369426727
ebbu2017,mendeley_phishurl,0.9601007495469794,host_entropy,0.4142133891582489
ebbu2017,mendeley_phishurl,0.9601007495469794,longest_token_path,0.2757083475589752
ebbu2017,mendeley_phishurl,0.9601007495469794,has_https_token_in_host,0.0
ebbu2017,kaggle_malicious,0.661906567138455,url_length,0.061277203261852264
ebbu2017,kaggle_malicious,0.661906567138455,host_length,0.08933848887681961
ebbu2017,kaggle_malicious,0.661906567138455,path_length,1.577401876449585
ebbu2017,kaggle_malicious,0.661906567138455,query_length,-0.006007533520460129
ebbu2017,kaggle_malicious,0.661906567138455,n_dots,0.43114304542541504
ebbu2017,kaggle_malicious,0.661906567138455,n_hyphens,0.49359291791915894
ebbu2017,kaggle_malicious,0.661906567138455,n_underscores,0.09193170070648193
ebbu2017,kaggle_malicious,0.661906567138455,n_slashes,0.2913039028644562
ebbu2017,kaggle_malicious,0.661906567138455,n_question,-0.023667525500059128
ebbu2017,kaggle_malicious,0.661906567138455,n_equals,0.0229770727455616
ebbu2017,kaggle_malicious,0.661906567138455,n_at,0.020229244604706764
ebbu2017,kaggle_malicious,0.661906567138455,n_ampersand,0.003594181267544627
ebbu2017,kaggle_malicious,0.661906567138455,n_percent,0.03178619593381882
ebbu2017,kaggle_malicious,0.661906567138455,n_digits,0.14053265750408173
ebbu2017,kaggle_malicious,0.661906567138455,n_letters,0.2666848301887512
ebbu2017,kaggle_malicious,0.661906567138455,digit_ratio,0.11925643682479858
ebbu2017,kaggle_malicious,0.661906567138455,n_subdomains,-0.7578306794166565
ebbu2017,kaggle_malicious,0.661906567138455,subdomain_length,-0.4670965075492859
ebbu2017,kaggle_malicious,0.661906567138455,domain_length,-0.05510410666465759
ebbu2017,kaggle_malicious,0.661906567138455,tld_length,0.14176489412784576
ebbu2017,kaggle_malicious,0.661906567138455,is_ip_host,0.0
ebbu2017,kaggle_malicious,0.661906567138455,is_hex_host,0.0
ebbu2017,kaggle_malicious,0.661906567138455,is_https,-0.19595150649547577
ebbu2017,kaggle_malicious,0.661906567138455,has_port,0.0
ebbu2017,kaggle_malicious,0.661906567138455,is_shortener,0.0
ebbu2017,kaggle_malicious,0.661906567138455,has_punycode,0.0003110621764790267
ebbu2017,kaggle_malicious,0.661906567138455,has_double_slash_path,5.105504533275962e-05
ebbu2017,kaggle_malicious,0.661906567138455,n_suspicious_words,0.13711649179458618
ebbu2017,kaggle_malicious,0.661906567138455,url_entropy,-0.028511133044958115
ebbu2017,kaggle_malicious,0.661906567138455,host_entropy,-0.014291835948824883
ebbu2017,kaggle_malicious,0.661906567138455,longest_token_path,0.04763057082891464
ebbu2017,kaggle_malicious,0.661906567138455,has_https_token_in_host,0.0
ebbu2017,hannousse,0.8903901338666876,url_length,0.06285223364830017
ebbu2017,hannousse,0.8903901338666876,host_length,0.285651296377182
ebbu2017,hannousse,0.8903901338666876,path_length,0.07173465192317963
ebbu2017,hannousse,0.8903901338666876,query_length,0.18181106448173523
ebbu2017,hannousse,0.8903901338666876,n_dots,0.5593369007110596
ebbu2017,hannousse,0.8903901338666876,n_hyphens,0.27246031165122986
ebbu2017,hannousse,0.8903901338666876,n_underscores,0.054812874644994736
ebbu2017,hannousse,0.8903901338666876,n_slashes,1.3447706699371338
ebbu2017,hannousse,0.8903901338666876,n_question,0.07519344985485077
ebbu2017,hannousse,0.8903901338666876,n_equals,0.02764083445072174
ebbu2017,hannousse,0.8903901338666876,n_at,0.14271214604377747
ebbu2017,hannousse,0.8903901338666876,n_ampersand,-0.014316118322312832
ebbu2017,hannousse,0.8903901338666876,n_percent,0.024623824283480644
ebbu2017,hannousse,0.8903901338666876,n_digits,0.3214038610458374
ebbu2017,hannousse,0.8903901338666876,n_letters,-0.03695084899663925
ebbu2017,hannousse,0.8903901338666876,digit_ratio,0.0862341970205307
ebbu2017,hannousse,0.8903901338666876,n_subdomains,0.3629835546016693
ebbu2017,hannousse,0.8903901338666876,subdomain_length,0.744242250919342
ebbu2017,hannousse,0.8903901338666876,domain_length,0.23995615541934967
ebbu2017,hannousse,0.8903901338666876,tld_length,0.2015870064496994
ebbu2017,hannousse,0.8903901338666876,is_ip_host,0.0
ebbu2017,hannousse,0.8903901338666876,is_hex_host,0.0
ebbu2017,hannousse,0.8903901338666876,is_https,0.45927339792251587
ebbu2017,hannousse,0.8903901338666876,has_port,0.0
ebbu2017,hannousse,0.8903901338666876,is_shortener,0.0
ebbu2017,hannousse,0.8903901338666876,has_punycode,0.0002274493162985891
ebbu2017,hannousse,0.8903901338666876,has_double_slash_path,0.0021335880737751722
ebbu2017,hannousse,0.8903901338666876,n_suspicious_words,0.7147477865219116
ebbu2017,hannousse,0.8903901338666876,url_entropy,0.09355609118938446
ebbu2017,hannousse,0.8903901338666876,host_entropy,0.4032353162765503
ebbu2017,hannousse,0.8903901338666876,longest_token_path,0.3117274045944214
ebbu2017,hannousse,0.8903901338666876,has_https_token_in_host,0.0
ebbu2017,aligned_matched,0.8022553743147478,url_length,0.08277103304862976
ebbu2017,aligned_matched,0.8022553743147478,host_length,0.18551598489284515
ebbu2017,aligned_matched,0.8022553743147478,path_length,0.498647540807724
ebbu2017,aligned_matched,0.8022553743147478,query_length,0.04496418684720993
ebbu2017,aligned_matched,0.8022553743147478,n_dots,0.32246071100234985
ebbu2017,aligned_matched,0.8022553743147478,n_hyphens,0.49634894728660583
ebbu2017,aligned_matched,0.8022553743147478,n_underscores,0.01755952462553978
ebbu2017,aligned_matched,0.8022553743147478,n_slashes,-0.4410402178764343
ebbu2017,aligned_matched,0.8022553743147478,n_question,0.010697487741708755
ebbu2017,aligned_matched,0.8022553743147478,n_equals,0.013635589741170406
ebbu2017,aligned_matched,0.8022553743147478,n_at,0.07360900938510895
ebbu2017,aligned_matched,0.8022553743147478,n_ampersand,0.001636425033211708
ebbu2017,aligned_matched,0.8022553743147478,n_percent,0.07063095271587372
ebbu2017,aligned_matched,0.8022553743147478,n_digits,0.22768229246139526
ebbu2017,aligned_matched,0.8022553743147478,n_letters,0.2287522852420807
ebbu2017,aligned_matched,0.8022553743147478,digit_ratio,0.0710035040974617
ebbu2017,aligned_matched,0.8022553743147478,n_subdomains,0.5455467104911804
ebbu2017,aligned_matched,0.8022553743147478,subdomain_length,0.725652813911438
ebbu2017,aligned_matched,0.8022553743147478,domain_length,0.5708951950073242
ebbu2017,aligned_matched,0.8022553743147478,tld_length,-0.11723533272743225
ebbu2017,aligned_matched,0.8022553743147478,is_ip_host,0.0
ebbu2017,aligned_matched,0.8022553743147478,is_hex_host,0.0
ebbu2017,aligned_matched,0.8022553743147478,is_https,0.03708791732788086
ebbu2017,aligned_matched,0.8022553743147478,has_port,0.0
ebbu2017,aligned_matched,0.8022553743147478,is_shortener,0.0
ebbu2017,aligned_matched,0.8022553743147478,has_punycode,0.0003784971486311406
ebbu2017,aligned_matched,0.8022553743147478,has_double_slash_path,0.0007021406781859696
ebbu2017,aligned_matched,0.8022553743147478,n_suspicious_words,0.5039830207824707
ebbu2017,aligned_matched,0.8022553743147478,url_entropy,0.04537959396839142
ebbu2017,aligned_matched,0.8022553743147478,host_entropy,0.15725909173488617
ebbu2017,aligned_matched,0.8022553743147478,longest_token_path,0.18095676600933075
ebbu2017,aligned_matched,0.8022553743147478,has_https_token_in_host,0.0
ebbu2017,aligned_natural,0.8412113896014259,url_length,0.12346971035003662
ebbu2017,aligned_natural,0.8412113896014259,host_length,0.21069610118865967
ebbu2017,aligned_natural,0.8412113896014259,path_length,0.76884925365448
ebbu2017,aligned_natural,0.8412113896014259,query_length,0.03415688872337341
ebbu2017,aligned_natural,0.8412113896014259,n_dots,0.16336557269096375
ebbu2017,aligned_natural,0.8412113896014259,n_hyphens,0.5955666899681091
ebbu2017,aligned_natural,0.8412113896014259,n_underscores,0.018410978838801384
ebbu2017,aligned_natural,0.8412113896014259,n_slashes,-0.8869488835334778
ebbu2017,aligned_natural,0.8412113896014259,n_question,0.007519681006669998
ebbu2017,aligned_natural,0.8412113896014259,n_equals,0.01591234840452671
ebbu2017,aligned_natural,0.8412113896014259,n_at,0.06184028089046478
ebbu2017,aligned_natural,0.8412113896014259,n_ampersand,0.002114909701049328
ebbu2017,aligned_natural,0.8412113896014259,n_percent,0.06151100993156433
ebbu2017,aligned_natural,0.8412113896014259,n_digits,0.21327805519104004
ebbu2017,aligned_natural,0.8412113896014259,n_letters,0.3734322786331177
ebbu2017,aligned_natural,0.8412113896014259,digit_ratio,0.07839103788137436
ebbu2017,aligned_natural,0.8412113896014259,n_subdomains,0.6249123215675354
ebbu2017,aligned_natural,0.8412113896014259,subdomain_length,0.7839435338973999
ebbu2017,aligned_natural,0.8412113896014259,domain_length,0.5563869476318359
ebbu2017,aligned_natural,0.8412113896014259,tld_length,-0.11947797238826752
ebbu2017,aligned_natural,0.8412113896014259,is_ip_host,0.0
ebbu2017,aligned_natural,0.8412113896014259,is_hex_host,0.0
ebbu2017,aligned_natural,0.8412113896014259,is_https,0.9082763195037842
ebbu2017,aligned_natural,0.8412113896014259,has_port,0.0
ebbu2017,aligned_natural,0.8412113896014259,is_shortener,0.0
ebbu2017,aligned_natural,0.8412113896014259,has_punycode,0.00033391412580385804
ebbu2017,aligned_natural,0.8412113896014259,has_double_slash_path,0.0005433588521555066
ebbu2017,aligned_natural,0.8412113896014259,n_suspicious_words,0.4639982283115387
ebbu2017,aligned_natural,0.8412113896014259,url_entropy,0.026748569682240486
ebbu2017,aligned_natural,0.8412113896014259,host_entropy,0.20811642706394196
ebbu2017,aligned_natural,0.8412113896014259,longest_token_path,0.15447533130645752
ebbu2017,aligned_natural,0.8412113896014259,has_https_token_in_host,0.0
aligned_matched,phiusiil,0.617911248301515,url_length,-0.06245432794094086
aligned_matched,phiusiil,0.617911248301515,host_length,0.18557775020599365
aligned_matched,phiusiil,0.617911248301515,path_length,0.3241724967956543
aligned_matched,phiusiil,0.617911248301515,query_length,-0.029281070455908775
aligned_matched,phiusiil,0.617911248301515,n_dots,0.12591776251792908
aligned_matched,phiusiil,0.617911248301515,n_hyphens,-0.0441649854183197
aligned_matched,phiusiil,0.617911248301515,n_underscores,0.000633586198091507
aligned_matched,phiusiil,0.617911248301515,n_slashes,-0.055826932191848755
aligned_matched,phiusiil,0.617911248301515,n_question,-0.002506858203560114
aligned_matched,phiusiil,0.617911248301515,n_equals,0.006883807480335236
aligned_matched,phiusiil,0.617911248301515,n_at,0.03051653690636158
aligned_matched,phiusiil,0.617911248301515,n_ampersand,-0.00503036193549633
aligned_matched,phiusiil,0.617911248301515,n_percent,-0.010025199502706528
aligned_matched,phiusiil,0.617911248301515,n_digits,-0.008220035582780838
aligned_matched,phiusiil,0.617911248301515,n_letters,0.0703607127070427
aligned_matched,phiusiil,0.617911248301515,digit_ratio,0.0621175616979599
aligned_matched,phiusiil,0.617911248301515,n_subdomains,0.2487030029296875
aligned_matched,phiusiil,0.617911248301515,subdomain_length,-0.04736680909991264
aligned_matched,phiusiil,0.617911248301515,domain_length,-0.2706984579563141
aligned_matched,phiusiil,0.617911248301515,tld_length,0.08134010434150696
aligned_matched,phiusiil,0.617911248301515,is_ip_host,0.0
aligned_matched,phiusiil,0.617911248301515,is_hex_host,0.0
aligned_matched,phiusiil,0.617911248301515,is_https,-0.22411470115184784
aligned_matched,phiusiil,0.617911248301515,has_port,0.0001966514391824603
aligned_matched,phiusiil,0.617911248301515,is_shortener,-0.004858566913753748
aligned_matched,phiusiil,0.617911248301515,has_punycode,0.00014093051140662283
aligned_matched,phiusiil,0.617911248301515,has_double_slash_path,0.0
aligned_matched,phiusiil,0.617911248301515,n_suspicious_words,0.13150924444198608
aligned_matched,phiusiil,0.617911248301515,url_entropy,0.16204020380973816
aligned_matched,phiusiil,0.617911248301515,host_entropy,0.3179844915866852
aligned_matched,phiusiil,0.617911248301515,longest_token_path,0.08274412155151367
aligned_matched,phiusiil,0.617911248301515,has_https_token_in_host,0.0
aligned_matched,mendeley_phishurl,0.8005038975699799,url_length,0.1537117063999176
aligned_matched,mendeley_phishurl,0.8005038975699799,host_length,0.0971912294626236
aligned_matched,mendeley_phishurl,0.8005038975699799,path_length,0.07506031543016434
aligned_matched,mendeley_phishurl,0.8005038975699799,query_length,0.05697163939476013
aligned_matched,mendeley_phishurl,0.8005038975699799,n_dots,-0.13000190258026123
aligned_matched,mendeley_phishurl,0.8005038975699799,n_hyphens,0.54270339012146
aligned_matched,mendeley_phishurl,0.8005038975699799,n_underscores,0.04642575606703758
aligned_matched,mendeley_phishurl,0.8005038975699799,n_slashes,0.14972926676273346
aligned_matched,mendeley_phishurl,0.8005038975699799,n_question,0.0023502616677433252
aligned_matched,mendeley_phishurl,0.8005038975699799,n_equals,-0.003025367856025696
aligned_matched,mendeley_phishurl,0.8005038975699799,n_at,0.04458649456501007
aligned_matched,mendeley_phishurl,0.8005038975699799,n_ampersand,-0.006442551035434008
aligned_matched,mendeley_phishurl,0.8005038975699799,n_percent,0.01831124909222126
aligned_matched,mendeley_phishurl,0.8005038975699799,n_digits,0.13723808526992798
aligned_matched,mendeley_phishurl,0.8005038975699799,n_letters,0.05913038179278374
aligned_matched,mendeley_phishurl,0.8005038975699799,digit_ratio,0.10514496266841888
aligned_matched,mendeley_phishurl,0.8005038975699799,n_subdomains,0.7561479210853577
aligned_matched,mendeley_phishurl,0.8005038975699799,subdomain_length,0.2693219780921936
aligned_matched,mendeley_phishurl,0.8005038975699799,domain_length,0.28393009305000305
aligned_matched,mendeley_phishurl,0.8005038975699799,tld_length,0.022056369110941887
aligned_matched,mendeley_phishurl,0.8005038975699799,is_ip_host,0.0
aligned_matched,mendeley_phishurl,0.8005038975699799,is_hex_host,0.0
aligned_matched,mendeley_phishurl,0.8005038975699799,is_https,-0.23151418566703796
aligned_matched,mendeley_phishurl,0.8005038975699799,has_port,0.00627739354968071
aligned_matched,mendeley_phishurl,0.8005038975699799,is_shortener,-0.009463127702474594
aligned_matched,mendeley_phishurl,0.8005038975699799,has_punycode,0.0002883834531530738
aligned_matched,mendeley_phishurl,0.8005038975699799,has_double_slash_path,0.0
aligned_matched,mendeley_phishurl,0.8005038975699799,n_suspicious_words,0.2703326940536499
aligned_matched,mendeley_phishurl,0.8005038975699799,url_entropy,-0.051940809935331345
aligned_matched,mendeley_phishurl,0.8005038975699799,host_entropy,0.2738601565361023
aligned_matched,mendeley_phishurl,0.8005038975699799,longest_token_path,0.37965333461761475
aligned_matched,mendeley_phishurl,0.8005038975699799,has_https_token_in_host,0.0
aligned_matched,kaggle_malicious,0.5648531365742364,url_length,0.09596779197454453
aligned_matched,kaggle_malicious,0.5648531365742364,host_length,0.039129674434661865
aligned_matched,kaggle_malicious,0.5648531365742364,path_length,0.0264666099101305
aligned_matched,kaggle_malicious,0.5648531365742364,query_length,0.0825977772474289
aligned_matched,kaggle_malicious,0.5648531365742364,n_dots,0.24868325889110565
aligned_matched,kaggle_malicious,0.5648531365742364,n_hyphens,0.6556507349014282
aligned_matched,kaggle_malicious,0.5648531365742364,n_underscores,0.038628071546554565
aligned_matched,kaggle_malicious,0.5648531365742364,n_slashes,0.05765461549162865
aligned_matched,kaggle_malicious,0.5648531365742364,n_question,0.004939594771713018
aligned_matched,kaggle_malicious,0.5648531365742364,n_equals,0.0018377378582954407
aligned_matched,kaggle_malicious,0.5648531365742364,n_at,0.011424381285905838
aligned_matched,kaggle_malicious,0.5648531365742364,n_ampersand,0.008325488306581974
aligned_matched,kaggle_malicious,0.5648531365742364,n_percent,0.08256358653306961
aligned_matched,kaggle_malicious,0.5648531365742364,n_digits,0.10038118064403534
aligned_matched,kaggle_malicious,0.5648531365742364,n_letters,-0.014427650719881058
aligned_matched,kaggle_malicious,0.5648531365742364,digit_ratio,-0.004819311201572418
aligned_matched,kaggle_malicious,0.5648531365742364,n_subdomains,-0.49043190479278564
aligned_matched,kaggle_malicious,0.5648531365742364,subdomain_length,-0.2317422777414322
aligned_matched,kaggle_malicious,0.5648531365742364,domain_length,-0.002274751663208008
aligned_matched,kaggle_malicious,0.5648531365742364,tld_length,0.006744572892785072
aligned_matched,kaggle_malicious,0.5648531365742364,is_ip_host,0.0
aligned_matched,kaggle_malicious,0.5648531365742364,is_hex_host,0.0
aligned_matched,kaggle_malicious,0.5648531365742364,is_https,-0.026520520448684692
aligned_matched,kaggle_malicious,0.5648531365742364,has_port,0.0007627510349266231
aligned_matched,kaggle_malicious,0.5648531365742364,is_shortener,-0.0012144080828875303
aligned_matched,kaggle_malicious,0.5648531365742364,has_punycode,0.00027764798142015934
aligned_matched,kaggle_malicious,0.5648531365742364,has_double_slash_path,0.0
aligned_matched,kaggle_malicious,0.5648531365742364,n_suspicious_words,0.10791609436273575
aligned_matched,kaggle_malicious,0.5648531365742364,url_entropy,-0.1309334933757782
aligned_matched,kaggle_malicious,0.5648531365742364,host_entropy,0.017378201708197594
aligned_matched,kaggle_malicious,0.5648531365742364,longest_token_path,0.0729333758354187
aligned_matched,kaggle_malicious,0.5648531365742364,has_https_token_in_host,0.0
aligned_matched,hannousse,0.7848406941258327,url_length,0.0654991939663887
aligned_matched,hannousse,0.7848406941258327,host_length,0.16411474347114563
aligned_matched,hannousse,0.7848406941258327,path_length,0.1939895749092102
aligned_matched,hannousse,0.7848406941258327,query_length,-0.032200783491134644
aligned_matched,hannousse,0.7848406941258327,n_dots,0.27133408188819885
aligned_matched,hannousse,0.7848406941258327,n_hyphens,0.44906115531921387
aligned_matched,hannousse,0.7848406941258327,n_underscores,-0.00046199653297662735
aligned_matched,hannousse,0.7848406941258327,n_slashes,-0.0506233274936676
aligned_matched,hannousse,0.7848406941258327,n_question,-0.0048998561687767506
aligned_matched,hannousse,0.7848406941258327,n_equals,0.01454852893948555
aligned_matched,hannousse,0.7848406941258327,n_at,0.08635737001895905
aligned_matched,hannousse,0.7848406941258327,n_ampersand,-0.010801407508552074
aligned_matched,hannousse,0.7848406941258327,n_percent,0.002426113933324814
aligned_matched,hannousse,0.7848406941258327,n_digits,0.12970401346683502
aligned_matched,hannousse,0.7848406941258327,n_letters,0.09651430696249008
aligned_matched,hannousse,0.7848406941258327,digit_ratio,0.13789430260658264
aligned_matched,hannousse,0.7848406941258327,n_subdomains,0.32330113649368286
aligned_matched,hannousse,0.7848406941258327,subdomain_length,0.07857568562030792
aligned_matched,hannousse,0.7848406941258327,domain_length,0.20270110666751862
aligned_matched,hannousse,0.7848406941258327,tld_length,0.029095865786075592
aligned_matched,hannousse,0.7848406941258327,is_ip_host,0.0
aligned_matched,hannousse,0.7848406941258327,is_hex_host,0.0
aligned_matched,hannousse,0.7848406941258327,is_https,-0.06923964619636536
aligned_matched,hannousse,0.7848406941258327,has_port,0.0007386301876977086
aligned_matched,hannousse,0.7848406941258327,is_shortener,-0.007145805284380913
aligned_matched,hannousse,0.7848406941258327,has_punycode,0.0003265400882810354
aligned_matched,hannousse,0.7848406941258327,has_double_slash_path,0.0
aligned_matched,hannousse,0.7848406941258327,n_suspicious_words,0.47404640913009644
aligned_matched,hannousse,0.7848406941258327,url_entropy,0.04527271166443825
aligned_matched,hannousse,0.7848406941258327,host_entropy,0.25986266136169434
aligned_matched,hannousse,0.7848406941258327,longest_token_path,0.3704306483268738
aligned_matched,hannousse,0.7848406941258327,has_https_token_in_host,0.0
aligned_matched,ebbu2017,0.8654461942519723,url_length,0.13245537877082825
aligned_matched,ebbu2017,0.8654461942519723,host_length,0.06429098546504974
aligned_matched,ebbu2017,0.8654461942519723,path_length,0.11373691260814667
aligned_matched,ebbu2017,0.8654461942519723,query_length,-0.004537935368716717
aligned_matched,ebbu2017,0.8654461942519723,n_dots,0.2672714591026306
aligned_matched,ebbu2017,0.8654461942519723,n_hyphens,0.9090628623962402
aligned_matched,ebbu2017,0.8654461942519723,n_underscores,0.04666341841220856
aligned_matched,ebbu2017,0.8654461942519723,n_slashes,-0.06287920475006104
aligned_matched,ebbu2017,0.8654461942519723,n_question,-0.0019006377551704645
aligned_matched,ebbu2017,0.8654461942519723,n_equals,-0.003167150542140007
aligned_matched,ebbu2017,0.8654461942519723,n_at,0.11684149503707886
aligned_matched,ebbu2017,0.8654461942519723,n_ampersand,-0.020953360944986343
aligned_matched,ebbu2017,0.8654461942519723,n_percent,0.046864744275808334
aligned_matched,ebbu2017,0.8654461942519723,n_digits,0.17929702997207642
aligned_matched,ebbu2017,0.8654461942519723,n_letters,0.11204852163791656
aligned_matched,ebbu2017,0.8654461942519723,digit_ratio,0.10326798260211945
aligned_matched,ebbu2017,0.8654461942519723,n_subdomains,0.632625162601471
aligned_matched,ebbu2017,0.8654461942519723,subdomain_length,0.40731102228164673
aligned_matched,ebbu2017,0.8654461942519723,domain_length,0.658375084400177
aligned_matched,ebbu2017,0.8654461942519723,tld_length,0.02587442845106125
aligned_matched,ebbu2017,0.8654461942519723,is_ip_host,0.0
aligned_matched,ebbu2017,0.8654461942519723,is_hex_host,0.0
aligned_matched,ebbu2017,0.8654461942519723,is_https,-0.19045664370059967
aligned_matched,ebbu2017,0.8654461942519723,has_port,0.0002221764880232513
aligned_matched,ebbu2017,0.8654461942519723,is_shortener,-8.425675332546234e-05
aligned_matched,ebbu2017,0.8654461942519723,has_punycode,0.00044475626782514155
aligned_matched,ebbu2017,0.8654461942519723,has_double_slash_path,0.0
aligned_matched,ebbu2017,0.8654461942519723,n_suspicious_words,0.3270971179008484
aligned_matched,ebbu2017,0.8654461942519723,url_entropy,0.04741693288087845
aligned_matched,ebbu2017,0.8654461942519723,host_entropy,0.13288478553295135
aligned_matched,ebbu2017,0.8654461942519723,longest_token_path,0.35538363456726074
aligned_matched,ebbu2017,0.8654461942519723,has_https_token_in_host,0.0
aligned_matched,aligned_natural,0.9849854736982716,url_length,0.27831020951271057
aligned_matched,aligned_natural,0.9849854736982716,host_length,0.24096626043319702
aligned_matched,aligned_natural,0.9849854736982716,path_length,0.22097040712833405
aligned_matched,aligned_natural,0.9849854736982716,query_length,0.13394951820373535
aligned_matched,aligned_natural,0.9849854736982716,n_dots,0.2142469882965088
aligned_matched,aligned_natural,0.9849854736982716,n_hyphens,1.2840263843536377
aligned_matched,aligned_natural,0.9849854736982716,n_underscores,0.034434832632541656
aligned_matched,aligned_natural,0.9849854736982716,n_slashes,0.41749221086502075
aligned_matched,aligned_natural,0.9849854736982716,n_question,0.004706845618784428
aligned_matched,aligned_natural,0.9849854736982716,n_equals,0.0350235179066658
aligned_matched,aligned_natural,0.9849854736982716,n_at,0.045736391097307205
aligned_matched,aligned_natural,0.9849854736982716,n_ampersand,0.026306331157684326
aligned_matched,aligned_natural,0.9849854736982716,n_percent,0.18911942839622498
aligned_matched,aligned_natural,0.9849854736982716,n_digits,0.23243898153305054
aligned_matched,aligned_natural,0.9849854736982716,n_letters,0.16185857355594635
aligned_matched,aligned_natural,0.9849854736982716,digit_ratio,0.16312338411808014
aligned_matched,aligned_natural,0.9849854736982716,n_subdomains,0.6676372289657593
aligned_matched,aligned_natural,0.9849854736982716,subdomain_length,0.48258477449417114
aligned_matched,aligned_natural,0.9849854736982716,domain_length,1.1663919687271118
aligned_matched,aligned_natural,0.9849854736982716,tld_length,0.1301276981830597
aligned_matched,aligned_natural,0.9849854736982716,is_ip_host,0.0
aligned_matched,aligned_natural,0.9849854736982716,is_hex_host,0.0
aligned_matched,aligned_natural,0.9849854736982716,is_https,-0.051225461065769196
aligned_matched,aligned_natural,0.9849854736982716,has_port,0.0015836379025131464
aligned_matched,aligned_natural,0.9849854736982716,is_shortener,0.0009347978048026562
aligned_matched,aligned_natural,0.9849854736982716,has_punycode,0.00041744482587091625
aligned_matched,aligned_natural,0.9849854736982716,has_double_slash_path,0.0
aligned_matched,aligned_natural,0.9849854736982716,n_suspicious_words,0.4214181900024414
aligned_matched,aligned_natural,0.9849854736982716,url_entropy,0.20020045340061188
aligned_matched,aligned_natural,0.9849854736982716,host_entropy,0.3668447434902191
aligned_matched,aligned_natural,0.9849854736982716,longest_token_path,0.3929610252380371
aligned_matched,aligned_natural,0.9849854736982716,has_https_token_in_host,0.0
aligned_natural,phiusiil,0.6559214566415763,url_length,-0.2805247902870178
aligned_natural,phiusiil,0.6559214566415763,host_length,0.28154367208480835
aligned_natural,phiusiil,0.6559214566415763,path_length,-0.19442406296730042
aligned_natural,phiusiil,0.6559214566415763,query_length,-0.02984635904431343
aligned_natural,phiusiil,0.6559214566415763,n_dots,0.1301286667585373
aligned_natural,phiusiil,0.6559214566415763,n_hyphens,-0.04202532768249512
aligned_natural,phiusiil,0.6559214566415763,n_underscores,0.0001344531774520874
aligned_natural,phiusiil,0.6559214566415763,n_slashes,-0.28196534514427185
aligned_natural,phiusiil,0.6559214566415763,n_question,-0.00790522713214159
aligned_natural,phiusiil,0.6559214566415763,n_equals,-0.00021883100271224976
aligned_natural,phiusiil,0.6559214566415763,n_at,0.029638119041919708
aligned_natural,phiusiil,0.6559214566415763,n_ampersand,-0.003268968313932419
aligned_natural,phiusiil,0.6559214566415763,n_percent,-0.0076621584594249725
aligned_natural,phiusiil,0.6559214566415763,n_digits,0.0004311230732128024
aligned_natural,phiusiil,0.6559214566415763,n_letters,0.034329723566770554
aligned_natural,phiusiil,0.6559214566415763,digit_ratio,0.11331561207771301
aligned_natural,phiusiil,0.6559214566415763,n_subdomains,0.31129133701324463
aligned_natural,phiusiil,0.6559214566415763,subdomain_length,0.10738866031169891
aligned_natural,phiusiil,0.6559214566415763,domain_length,-0.1776965707540512
aligned_natural,phiusiil,0.6559214566415763,tld_length,0.07579897344112396
aligned_natural,phiusiil,0.6559214566415763,is_ip_host,0.0001889954146463424
aligned_natural,phiusiil,0.6559214566415763,is_hex_host,0.0
aligned_natural,phiusiil,0.6559214566415763,is_https,0.46187624335289
aligned_natural,phiusiil,0.6559214566415763,has_port,0.000568832503631711
aligned_natural,phiusiil,0.6559214566415763,is_shortener,-0.004101794213056564
aligned_natural,phiusiil,0.6559214566415763,has_punycode,0.00019899755716323853
aligned_natural,phiusiil,0.6559214566415763,has_double_slash_path,0.0
aligned_natural,phiusiil,0.6559214566415763,n_suspicious_words,0.12834422290325165
aligned_natural,phiusiil,0.6559214566415763,url_entropy,0.10069455951452255
aligned_natural,phiusiil,0.6559214566415763,host_entropy,0.3535330295562744
aligned_natural,phiusiil,0.6559214566415763,longest_token_path,-0.01958305388689041
aligned_natural,phiusiil,0.6559214566415763,has_https_token_in_host,0.0
aligned_natural,mendeley_phishurl,0.9020969761954276,url_length,0.1567964404821396
aligned_natural,mendeley_phishurl,0.9020969761954276,host_length,0.1553841531276703
aligned_natural,mendeley_phishurl,0.9020969761954276,path_length,0.1777670979499817
aligned_natural,mendeley_phishurl,0.9020969761954276,query_length,0.07367345690727234
aligned_natural,mendeley_phishurl,0.9020969761954276,n_dots,-0.12122473120689392
aligned_natural,mendeley_phishurl,0.9020969761954276,n_hyphens,0.4928748607635498
aligned_natural,mendeley_phishurl,0.9020969761954276,n_underscores,0.06887846440076828
aligned_natural,mendeley_phishurl,0.9020969761954276,n_slashes,0.14713086187839508
aligned_natural,mendeley_phishurl,0.9020969761954276,n_question,0.007113657891750336
aligned_natural,mendeley_phishurl,0.9020969761954276,n_equals,0.0031287726014852524
aligned_natural,mendeley_phishurl,0.9020969761954276,n_at,0.043918609619140625
aligned_natural,mendeley_phishurl,0.9020969761954276,n_ampersand,-0.0066403476521372795
aligned_natural,mendeley_phishurl,0.9020969761954276,n_percent,0.019001280888915062
aligned_natural,mendeley_phishurl,0.9020969761954276,n_digits,0.1401769369840622
aligned_natural,mendeley_phishurl,0.9020969761954276,n_letters,0.0858369767665863
aligned_natural,mendeley_phishurl,0.9020969761954276,digit_ratio,0.10335946083068848
aligned_natural,mendeley_phishurl,0.9020969761954276,n_subdomains,0.9608467817306519
aligned_natural,mendeley_phishurl,0.9020969761954276,subdomain_length,0.5941850543022156
aligned_natural,mendeley_phishurl,0.9020969761954276,domain_length,0.20596203207969666
aligned_natural,mendeley_phishurl,0.9020969761954276,tld_length,0.009719779714941978
aligned_natural,mendeley_phishurl,0.9020969761954276,is_ip_host,0.0013906699605286121
aligned_natural,mendeley_phishurl,0.9020969761954276,is_hex_host,0.0
aligned_natural,mendeley_phishurl,0.9020969761954276,is_https,1.0301425457000732
aligned_natural,mendeley_phishurl,0.9020969761954276,has_port,0.015257079154253006
aligned_natural,mendeley_phishurl,0.9020969761954276,is_shortener,-0.007784001063555479
aligned_natural,mendeley_phishurl,0.9020969761954276,has_punycode,0.00024994934210553765
aligned_natural,mendeley_phishurl,0.9020969761954276,has_double_slash_path,0.0
aligned_natural,mendeley_phishurl,0.9020969761954276,n_suspicious_words,0.28283968567848206
aligned_natural,mendeley_phishurl,0.9020969761954276,url_entropy,-0.030286939814686775
aligned_natural,mendeley_phishurl,0.9020969761954276,host_entropy,0.39833375811576843
aligned_natural,mendeley_phishurl,0.9020969761954276,longest_token_path,0.41810208559036255
aligned_natural,mendeley_phishurl,0.9020969761954276,has_https_token_in_host,0.0
aligned_natural,kaggle_malicious,0.5040568271070885,url_length,0.11123225092887878
aligned_natural,kaggle_malicious,0.5040568271070885,host_length,0.012504844926297665
aligned_natural,kaggle_malicious,0.5040568271070885,path_length,0.11584914475679398
aligned_natural,kaggle_malicious,0.5040568271070885,query_length,0.07554196566343307
aligned_natural,kaggle_malicious,0.5040568271070885,n_dots,0.19445842504501343
aligned_natural,kaggle_malicious,0.5040568271070885,n_hyphens,0.5826074481010437
aligned_natural,kaggle_malicious,0.5040568271070885,n_underscores,0.06694734841585159
aligned_natural,kaggle_malicious,0.5040568271070885,n_slashes,0.08767479658126831
aligned_natural,kaggle_malicious,0.5040568271070885,n_question,0.015655111521482468
aligned_natural,kaggle_malicious,0.5040568271070885,n_equals,0.010596977546811104
aligned_natural,kaggle_malicious,0.5040568271070885,n_at,0.010340940207242966
aligned_natural,kaggle_malicious,0.5040568271070885,n_ampersand,0.00708103459328413
aligned_natural,kaggle_malicious,0.5040568271070885,n_percent,0.06000073254108429
aligned_natural,kaggle_malicious,0.5040568271070885,n_digits,0.08632968366146088
aligned_natural,kaggle_malicious,0.5040568271070885,n_letters,-0.01761629432439804
aligned_natural,kaggle_malicious,0.5040568271070885,digit_ratio,-0.020561182871460915
aligned_natural,kaggle_malicious,0.5040568271070885,n_subdomains,-0.644755482673645
aligned_natural,kaggle_malicious,0.5040568271070885,subdomain_length,-0.35297757387161255
aligned_natural,kaggle_malicious,0.5040568271070885,domain_length,0.02205917239189148
aligned_natural,kaggle_malicious,0.5040568271070885,tld_length,0.005837598815560341
aligned_natural,kaggle_malicious,0.5040568271070885,is_ip_host,0.00013573741307482123
aligned_natural,kaggle_malicious,0.5040568271070885,is_hex_host,0.0
aligned_natural,kaggle_malicious,0.5040568271070885,is_https,-0.3677934408187866
aligned_natural,kaggle_malicious,0.5040568271070885,has_port,0.0018534392584115267
aligned_natural,kaggle_malicious,0.5040568271070885,is_shortener,-0.0009345663711428642
aligned_natural,kaggle_malicious,0.5040568271070885,has_punycode,8.527821773895994e-05
aligned_natural,kaggle_malicious,0.5040568271070885,has_double_slash_path,0.0
aligned_natural,kaggle_malicious,0.5040568271070885,n_suspicious_words,0.09883620589971542
aligned_natural,kaggle_malicious,0.5040568271070885,url_entropy,-0.09112392365932465
aligned_natural,kaggle_malicious,0.5040568271070885,host_entropy,0.0028287507593631744
aligned_natural,kaggle_malicious,0.5040568271070885,longest_token_path,0.05790784955024719
aligned_natural,kaggle_malicious,0.5040568271070885,has_https_token_in_host,0.0
aligned_natural,hannousse,0.7695087676595106,url_length,-0.019401781260967255
aligned_natural,hannousse,0.7695087676595106,host_length,0.2354297786951065
aligned_natural,hannousse,0.7695087676595106,path_length,0.025685526430606842
aligned_natural,hannousse,0.7695087676595106,query_length,-0.01755177415907383
aligned_natural,hannousse,0.7695087676595106,n_dots,0.25600582361221313
aligned_natural,hannousse,0.7695087676595106,n_hyphens,0.4156174659729004
aligned_natural,hannousse,0.7695087676595106,n_underscores,0.012623831629753113
aligned_natural,hannousse,0.7695087676595106,n_slashes,-0.13696607947349548
aligned_natural,hannousse,0.7695087676595106,n_question,-0.015349360182881355
aligned_natural,hannousse,0.7695087676595106,n_equals,0.0030821803957223892
aligned_natural,hannousse,0.7695087676595106,n_at,0.0813487321138382
aligned_natural,hannousse,0.7695087676595106,n_ampersand,-0.012020793743431568
aligned_natural,hannousse,0.7695087676595106,n_percent,0.011258840560913086
aligned_natural,hannousse,0.7695087676595106,n_digits,0.12910333275794983
aligned_natural,hannousse,0.7695087676595106,n_letters,0.12123297899961472
aligned_natural,hannousse,0.7695087676595106,digit_ratio,0.15021143853664398
aligned_natural,hannousse,0.7695087676595106,n_subdomains,0.4297178387641907
aligned_natural,hannousse,0.7695087676595106,subdomain_length,0.19479471445083618
aligned_natural,hannousse,0.7695087676595106,domain_length,0.17972497642040253
aligned_natural,hannousse,0.7695087676595106,tld_length,0.025304991751909256
aligned_natural,hannousse,0.7695087676595106,is_ip_host,0.0009593694703653455
aligned_natural,hannousse,0.7695087676595106,is_hex_host,0.0
aligned_natural,hannousse,0.7695087676595106,is_https,0.04038715362548828
aligned_natural,hannousse,0.7695087676595106,has_port,0.0017723793862387538
aligned_natural,hannousse,0.7695087676595106,is_shortener,-0.006250645965337753
aligned_natural,hannousse,0.7695087676595106,has_punycode,0.00016287027392536402
aligned_natural,hannousse,0.7695087676595106,has_double_slash_path,0.0
aligned_natural,hannousse,0.7695087676595106,n_suspicious_words,0.48683610558509827
aligned_natural,hannousse,0.7695087676595106,url_entropy,0.014922156929969788
aligned_natural,hannousse,0.7695087676595106,host_entropy,0.3228627145290375
aligned_natural,hannousse,0.7695087676595106,longest_token_path,0.3010246157646179
aligned_natural,hannousse,0.7695087676595106,has_https_token_in_host,0.0
aligned_natural,ebbu2017,0.8930823955316232,url_length,0.1116146445274353
aligned_natural,ebbu2017,0.8930823955316232,host_length,0.11243392527103424
aligned_natural,ebbu2017,0.8930823955316232,path_length,0.1463434398174286
aligned_natural,ebbu2017,0.8930823955316232,query_length,0.023596443235874176
aligned_natural,ebbu2017,0.8930823955316232,n_dots,0.25221580266952515
aligned_natural,ebbu2017,0.8930823955316232,n_hyphens,0.8084717988967896
aligned_natural,ebbu2017,0.8930823955316232,n_underscores,0.06796618551015854
aligned_natural,ebbu2017,0.8930823955316232,n_slashes,-0.11747556924819946
aligned_natural,ebbu2017,0.8930823955316232,n_question,-0.008451679721474648
aligned_natural,ebbu2017,0.8930823955316232,n_equals,-0.008495022542774677
aligned_natural,ebbu2017,0.8930823955316232,n_at,0.10744177550077438
aligned_natural,ebbu2017,0.8930823955316232,n_ampersand,-0.02102927304804325
aligned_natural,ebbu2017,0.8930823955316232,n_percent,0.044277459383010864
aligned_natural,ebbu2017,0.8930823955316232,n_digits,0.18109601736068726
aligned_natural,ebbu2017,0.8930823955316232,n_letters,0.17705023288726807
aligned_natural,ebbu2017,0.8930823955316232,digit_ratio,0.0797179788351059
aligned_natural,ebbu2017,0.8930823955316232,n_subdomains,0.769375205039978
aligned_natural,ebbu2017,0.8930823955316232,subdomain_length,0.5366533398628235
aligned_natural,ebbu2017,0.8930823955316232,domain_length,0.49324512481689453
aligned_natural,ebbu2017,0.8930823955316232,tld_length,0.008588863536715508
aligned_natural,ebbu2017,0.8930823955316232,is_ip_host,0.00031178630888462067
aligned_natural,ebbu2017,0.8930823955316232,is_hex_host,0.0
aligned_natural,ebbu2017,0.8930823955316232,is_https,0.3908838629722595
aligned_natural,ebbu2017,0.8930823955316232,has_port,0.0006810291670262814
aligned_natural,ebbu2017,0.8930823955316232,is_shortener,6.441841833293438e-06
aligned_natural,ebbu2017,0.8930823955316232,has_punycode,0.0001994030608329922
aligned_natural,ebbu2017,0.8930823955316232,has_double_slash_path,0.0
aligned_natural,ebbu2017,0.8930823955316232,n_suspicious_words,0.33224913477897644
aligned_natural,ebbu2017,0.8930823955316232,url_entropy,0.04866907745599747
aligned_natural,ebbu2017,0.8930823955316232,host_entropy,0.18406805396080017
aligned_natural,ebbu2017,0.8930823955316232,longest_token_path,0.32710665464401245
aligned_natural,ebbu2017,0.8930823955316232,has_https_token_in_host,0.0
aligned_natural,aligned_matched,0.998137477322941,url_length,0.2604849934577942
aligned_natural,aligned_matched,0.998137477322941,host_length,0.29453158378601074
aligned_natural,aligned_matched,0.998137477322941,path_length,0.34971654415130615
aligned_natural,aligned_matched,0.998137477322941,query_length,0.15437346696853638
aligned_natural,aligned_matched,0.998137477322941,n_dots,0.31199151277542114
aligned_natural,aligned_matched,0.998137477322941,n_hyphens,1.1140848398208618
aligned_natural,aligned_matched,0.998137477322941,n_underscores,0.04762992262840271
aligned_natural,aligned_matched,0.998137477322941,n_slashes,0.39249831438064575
aligned_natural,aligned_matched,0.998137477322941,n_question,0.009904940612614155
aligned_natural,aligned_matched,0.998137477322941,n_equals,0.04708443209528923
aligned_natural,aligned_matched,0.998137477322941,n_at,0.056928522884845734
aligned_natural,aligned_matched,0.998137477322941,n_ampersand,0.035109467804431915
aligned_natural,aligned_matched,0.998137477322941,n_percent,0.2064010500907898
aligned_natural,aligned_matched,0.998137477322941,n_digits,0.26018452644348145
aligned_natural,aligned_matched,0.998137477322941,n_letters,0.2371126115322113
aligned_natural,aligned_matched,0.998137477322941,digit_ratio,0.17070995271205902
aligned_natural,aligned_matched,0.998137477322941,n_subdomains,0.7271968722343445
aligned_natural,aligned_matched,0.998137477322941,subdomain_length,0.5566654205322266
aligned_natural,aligned_matched,0.998137477322941,domain_length,1.04339599609375
aligned_natural,aligned_matched,0.998137477322941,tld_length,0.15637241303920746
aligned_natural,aligned_matched,0.998137477322941,is_ip_host,0.0006235501496121287
aligned_natural,aligned_matched,0.998137477322941,is_hex_host,0.0
aligned_natural,aligned_matched,0.998137477322941,is_https,0.05985388159751892
aligned_natural,aligned_matched,0.998137477322941,has_port,0.002684525214135647
aligned_natural,aligned_matched,0.998137477322941,is_shortener,0.0012666486436501145
aligned_natural,aligned_matched,0.998137477322941,has_punycode,0.00045840529492124915
aligned_natural,aligned_matched,0.998137477322941,has_double_slash_path,0.0
aligned_natural,aligned_matched,0.998137477322941,n_suspicious_words,0.4896846413612366
aligned_natural,aligned_matched,0.998137477322941,url_entropy,0.2982397973537445
aligned_natural,aligned_matched,0.998137477322941,host_entropy,0.47715795040130615
aligned_natural,aligned_matched,0.998137477322941,longest_token_path,0.41012465953826904
aligned_natural,aligned_matched,0.998137477322941,has_https_token_in_host,0.0
