model,featset,train,test,seed,kind,variant,n_test,n_pos,roc_auc,pr_auc,tpr_at_fpr_0.001,tpr_at_fpr_0.01
distilbert-base-uncased,raw_string,phiusiil,phiusiil,42,within,raw,14924,8036,0.9994624852362972,0.9996760777658455,0.9980089596814335,0.9982578397212544
distilbert-base-uncased,raw_string,phiusiil,mendeley_phishurl,42,cross,raw,60000,18933,0.8959457348055289,0.7978643064074161,0.0602123276818253,0.1913061849680452
distilbert-base-uncased,raw_string,phiusiil,mendeley_phishurl,42,cross,url_dedup,59776,18757,0.8954954808858813,0.7960016378575022,0.0602974889374633,0.1912352721650583
distilbert-base-uncased,raw_string,phiusiil,mendeley_phishurl,42,cross,domain_dedup,51556,13187,0.8799107418202347,0.7258581619767164,0.0558125426556457,0.1782816410100857
distilbert-base-uncased,raw_string,phiusiil,kaggle_malicious,42,cross,raw,60000,10831,0.3777014231349139,0.1438022621324013,0.001200258517219,0.0045240513341335
distilbert-base-uncased,raw_string,phiusiil,kaggle_malicious,42,cross,url_dedup,59966,10829,0.3773828015945279,0.1437784708541351,0.0012004801920768,0.004524886877828
distilbert-base-uncased,raw_string,phiusiil,kaggle_malicious,42,cross,domain_dedup,55591,9508,0.3626328360113268,0.1306876308349107,0.0005258729490954,0.0035759360538493
distilbert-base-uncased,raw_string,phiusiil,hannousse,42,cross,raw,11430,5715,0.7789797994410803,0.7320467915342048,0.011023622047244,0.0391951006124234
distilbert-base-uncased,raw_string,phiusiil,hannousse,42,cross,url_dedup,11367,5698,0.7773407231424518,0.7316187857191003,0.011056511056511,0.0391365391365391
distilbert-base-uncased,raw_string,phiusiil,hannousse,42,cross,domain_dedup,9512,4332,0.7649640415049003,0.6633872596210659,0.0025392428439519,0.0198522622345337
distilbert-base-uncased,raw_string,phiusiil,ebbu2017,42,cross,raw,60000,30360,0.6523747041796241,0.6163240607400396,0.0013504611330698,0.0147233201581027
distilbert-base-uncased,raw_string,phiusiil,ebbu2017,42,cross,url_dedup,59963,30360,0.6519583396031728,0.6163291288923282,0.0013504611330698,0.0147233201581027
distilbert-base-uncased,raw_string,phiusiil,ebbu2017,42,cross,domain_dedup,57229,29934,0.6559478645656457,0.6357803089760335,0.00116923899245,0.0141644952228235
distilbert-base-uncased,raw_string,mendeley_phishurl,mendeley_phishurl,42,within,raw,11979,3514,0.9991169235806752,0.998650284222958,0.987478656801366,0.9934547524188958
distilbert-base-uncased,raw_string,mendeley_phishurl,phiusiil,42,cross,raw,60000,25603,0.9942808047956946,0.9955605842832916,0.9789477795570832,0.9838690778424404
distilbert-base-uncased,raw_string,mendeley_phishurl,phiusiil,42,cross,url_dedup,59773,25423,0.994241985145544,0.9955175415335002,0.9788380600243872,0.9837942021004602
distilbert-base-uncased,raw_string,mendeley_phishurl,phiusiil,42,cross,domain_dedup,50234,16741,0.991425274000794,0.9917045522204616,0.9689385341377456,0.976226031897736
distilbert-base-uncased,raw_string,mendeley_phishurl,kaggle_malicious,42,cross,raw,60000,10831,0.5997468180602101,0.2928174882681722,0.0127412057981719,0.0489336164712399
distilbert-base-uncased,raw_string,mendeley_phishurl,kaggle_malicious,42,cross,url_dedup,55381,10809,0.5909134435294767,0.2996825313020633,0.0126746229993523,0.0445924692385974
distilbert-base-uncased,raw_string,mendeley_phishurl,kaggle_malicious,42,cross,domain_dedup,27817,8445,0.4994610674528935,0.3492552997134789,0.011367673179396,0.0357608052101835
distilbert-base-uncased,raw_string,mendeley_phishurl,hannousse,42,cross,raw,11430,5715,0.80222144147992,0.796856863208375,0.0103237095363079,0.1097112860892388
distilbert-base-uncased,raw_string,mendeley_phishurl,hannousse,42,cross,url_dedup,11261,5550,0.7998160023094361,0.7902231815547949,0.01009009009009,0.1079279279279279
distilbert-base-uncased,raw_string,mendeley_phishurl,hannousse,42,cross,domain_dedup,7961,3946,0.8169956618585019,0.8134803427875639,0.0103902686264571,0.1153066396350735
distilbert-base-uncased,raw_string,mendeley_phishurl,ebbu2017,42,cross,raw,60000,30360,0.9081297945793084,0.8857095331337765,0.0194005270092226,0.1357707509881422
distilbert-base-uncased,raw_string,mendeley_phishurl,ebbu2017,42,cross,url_dedup,56886,27260,0.908030926538868,0.8752004956720597,0.0193690388848129,0.1360234776228907
distilbert-base-uncased,raw_string,mendeley_phishurl,ebbu2017,42,cross,domain_dedup,36481,18306,0.8807864980942202,0.8561084266501645,0.0124003059106303,0.1148803670927564
distilbert-base-uncased,raw_string,kaggle_malicious,kaggle_malicious,42,within,raw,12523,2109,0.9948431748741048,0.9797390082925036,0.7449027975343765,0.8862019914651493
distilbert-base-uncased,raw_string,kaggle_malicious,phiusiil,42,cross,raw,60000,25603,0.318638698339971,0.3413113903319995,0.0003124633831972,0.0049994141311565
distilbert-base-uncased,raw_string,kaggle_malicious,phiusiil,42,cross,url_dedup,59966,25601,0.3186915598907686,0.3415295895018448,0.0003124877934455,0.004999804695129
distilbert-base-uncased,raw_string,kaggle_malicious,phiusiil,42,cross,domain_dedup,52752,19367,0.3390950233571589,0.2997547595338613,0.0003614395621417,0.0058863014405948
distilbert-base-uncased,raw_string,kaggle_malicious,mendeley_phishurl,42,cross,raw,60000,18933,0.4284166415815085,0.2727079786516358,0.0019542597580943,0.01378545396926
distilbert-base-uncased,raw_string,kaggle_malicious,mendeley_phishurl,42,cross,url_dedup,55379,18909,0.4281528383753264,0.2960074684186236,0.0019567401766354,0.0138029509757258
distilbert-base-uncased,raw_string,kaggle_malicious,mendeley_phishurl,42,cross,domain_dedup,28121,15987,0.3296139410040066,0.4629340756898935,0.0018139738537561,0.0086945643335209
distilbert-base-uncased,raw_string,kaggle_malicious,hannousse,42,cross,raw,11430,5715,0.4011228911346711,0.4184335332621021,0.000174978127734,0.0043744531933508
distilbert-base-uncased,raw_string,kaggle_malicious,hannousse,42,cross,url_dedup,11033,5320,0.3984675992887873,0.4004375078408195,0.000187969924812,0.0043233082706766
distilbert-base-uncased,raw_string,kaggle_malicious,hannousse,42,cross,domain_dedup,7697,3663,0.3626913184424339,0.3818458854285702,0.0005460005460005,0.0046410046410046
distilbert-base-uncased,raw_string,kaggle_malicious,ebbu2017,42,cross,raw,60000,30360,0.4999413787807666,0.4562780635233134,0.0,0.0004281949934123
distilbert-base-uncased,raw_string,kaggle_malicious,ebbu2017,42,cross,url_dedup,59950,30325,0.5000827652610086,0.4562008013267417,0.0,0.0004286892003297
distilbert-base-uncased,raw_string,kaggle_malicious,ebbu2017,42,cross,domain_dedup,46489,28616,0.5266818613016847,0.5752451203222133,3.49454850433324e-05,0.0005591277606933
distilbert-base-uncased,raw_string,hannousse,hannousse,42,within,raw,1939,907,0.9818086929394972,0.9784282010252866,0.2282249173098125,0.7618522601984564
distilbert-base-uncased,raw_string,hannousse,phiusiil,42,cross,raw,60000,25603,0.912991063604697,0.9221169444702834,0.6158262703589423,0.69999609420771
distilbert-base-uncased,raw_string,hannousse,phiusiil,42,cross,url_dedup,59936,25585,0.912889248901546,0.9220566272303864,0.615595075239398,0.6997850302911862
distilbert-base-uncased,raw_string,hannousse,phiusiil,42,cross,domain_dedup,53925,19850,0.8882447682638128,0.8812164957410458,0.5222670025188917,0.6205541561712846
distilbert-base-uncased,raw_string,hannousse,mendeley_phishurl,42,cross,raw,60000,18933,0.9863317755847916,0.9770980613931736,0.6109438546453283,0.843764855015053
distilbert-base-uncased,raw_string,hannousse,mendeley_phishurl,42,cross,url_dedup,59839,18776,0.9862347492776152,0.9767966341555304,0.610832978270132,0.842937792927141
distilbert-base-uncased,raw_string,hannousse,mendeley_phishurl,42,cross,domain_dedup,46321,16337,0.983483607245445,0.9761768005243084,0.5922139927771317,0.8156944359429515
distilbert-base-uncased,raw_string,hannousse,kaggle_malicious,42,cross,raw,60000,10831,0.5883333002628512,0.2471791913926085,0.0017542239867048,0.0176345674452959
distilbert-base-uncased,raw_string,hannousse,kaggle_malicious,42,cross,url_dedup,59648,10482,0.5782503105821513,0.2331737439048461,0.001717229536348,0.0167906887998473
distilbert-base-uncased,raw_string,hannousse,kaggle_malicious,42,cross,domain_dedup,45927,8736,0.5630470288855383,0.2327871267884806,0.0014880952380952,0.0115613553113553
distilbert-base-uncased,raw_string,hannousse,ebbu2017,42,cross,raw,60000,30360,0.994079498003268,0.9940622848008316,0.597463768115942,0.883893280632411
distilbert-base-uncased,raw_string,hannousse,ebbu2017,42,cross,url_dedup,54857,29276,0.9932864799194738,0.9939408237172932,0.5835496652548162,0.8677414947397185
distilbert-base-uncased,raw_string,hannousse,ebbu2017,42,cross,domain_dedup,42403,27806,0.9898426307729332,0.9943308303116132,0.5260375458534129,0.817197727109257
distilbert-base-uncased,raw_string,ebbu2017,ebbu2017,42,within,raw,11279,5871,0.998678456262302,0.9988089428734204,0.832055867824902,0.9741100323624596
distilbert-base-uncased,raw_string,ebbu2017,phiusiil,42,cross,raw,60000,25603,0.9436648076876594,0.9428536039468376,0.4754911533804632,0.6656641799789087
distilbert-base-uncased,raw_string,ebbu2017,phiusiil,42,cross,url_dedup,59970,25601,0.9436561995140048,0.9428771564411852,0.4755282996757939,0.6657161829616031
distilbert-base-uncased,raw_string,ebbu2017,phiusiil,42,cross,domain_dedup,57759,24235,0.9436136579967456,0.94101807401848,0.4665153703321642,0.6600371363730142
distilbert-base-uncased,raw_string,ebbu2017,mendeley_phishurl,42,cross,raw,60000,18933,0.9847749929326391,0.9742790546828268,0.604816986214546,0.8129720593672424
distilbert-base-uncased,raw_string,ebbu2017,mendeley_phishurl,42,cross,url_dedup,58479,17422,0.9834792692415288,0.970024130876218,0.5727815405808747,0.7968660314544829
distilbert-base-uncased,raw_string,ebbu2017,mendeley_phishurl,42,cross,domain_dedup,40743,14899,0.9831924734423152,0.9746210107847746,0.5317806564198939,0.7638096516544735
distilbert-base-uncased,raw_string,ebbu2017,kaggle_malicious,42,cross,raw,60000,10831,0.6399446991061425,0.2707722628463269,0.0036007755516572,0.0153263779891053
distilbert-base-uncased,raw_string,ebbu2017,kaggle_malicious,42,cross,url_dedup,59967,10805,0.6396295480038128,0.2700298886721376,0.0036094400740397,0.0153632577510411
distilbert-base-uncased,raw_string,ebbu2017,kaggle_malicious,42,cross,domain_dedup,40491,8094,0.6426477861727474,0.2840523474818472,0.0042006424511984,0.0177909562638991
distilbert-base-uncased,raw_string,ebbu2017,hannousse,42,cross,raw,11430,5715,0.9605868426551666,0.9628236871975132,0.3886264216972878,0.6124234470691163
distilbert-base-uncased,raw_string,ebbu2017,hannousse,42,cross,url_dedup,7982,5177,0.9180463637155568,0.9568040552590844,0.3283755070504153,0.5174811666988604
distilbert-base-uncased,raw_string,ebbu2017,hannousse,42,cross,domain_dedup,6546,4429,0.9217661688491268,0.9634152773030696,0.3614811469857755,0.5445924587943102
distilbert-base-uncased,raw_string,phiusiil,phiusiil,43,within,raw,11624,4673,0.9986388470939755,0.9987368031447508,0.995506098865825,0.995506098865825
distilbert-base-uncased,raw_string,phiusiil,mendeley_phishurl,43,cross,raw,60000,18933,0.9545024169755736,0.9207372076734056,0.2371520625363122,0.5991654782654624
distilbert-base-uncased,raw_string,phiusiil,mendeley_phishurl,43,cross,url_dedup,59776,18757,0.954236039355176,0.9197778378125568,0.2365516873700485,0.5978034866982993
distilbert-base-uncased,raw_string,phiusiil,mendeley_phishurl,43,cross,domain_dedup,51556,13187,0.9463552946821844,0.8830834556793089,0.2154394479411541,0.5287025100477744
distilbert-base-uncased,raw_string,phiusiil,kaggle_malicious,43,cross,raw,60000,10831,0.3046895999077374,0.1323029332224491,0.0014772412519619,0.0048933616471239
distilbert-base-uncased,raw_string,phiusiil,kaggle_malicious,43,cross,url_dedup,59966,10829,0.3043785126424763,0.1322836275461153,0.001477514082556,0.004894265398467
distilbert-base-uncased,raw_string,phiusiil,kaggle_malicious,43,cross,domain_dedup,55591,9508,0.2829174339370153,0.1186132474584289,0.0009465713083718,0.0038914598233066
distilbert-base-uncased,raw_string,phiusiil,hannousse,43,cross,raw,11430,5715,0.8313386592205283,0.8058968905731673,0.0080489938757655,0.0797900262467191
distilbert-base-uncased,raw_string,phiusiil,hannousse,43,cross,url_dedup,11367,5698,0.8302016298576538,0.8057528182578007,0.008073008073008,0.08002808002808
distilbert-base-uncased,raw_string,phiusiil,hannousse,43,cross,domain_dedup,9512,4332,0.8174667420685426,0.7586347562172264,0.0073868882733148,0.0771006463527239
distilbert-base-uncased,raw_string,phiusiil,ebbu2017,43,cross,raw,60000,30360,0.7242226986241576,0.7016039239624562,0.0034584980237154,0.0543478260869565
distilbert-base-uncased,raw_string,phiusiil,ebbu2017,43,cross,url_dedup,59963,30360,0.7239362952923308,0.7016413218810815,0.0034584980237154,0.0543478260869565
distilbert-base-uncased,raw_string,phiusiil,ebbu2017,43,cross,domain_dedup,57229,29934,0.7255788282245609,0.7160046850105413,0.003407496492283,0.0535845526825683
distilbert-base-uncased,raw_string,phiusiil,aligned_natural,43,cross,raw,16336,8168,0.6896106860004547,0.652124848819887,0.0057541625857002,0.0181194906953966
distilbert-base-uncased,raw_string,phiusiil,aligned_natural,43,cross,url_dedup,16305,8137,0.6898019945408435,0.6513989295835066,0.0057760845520462,0.0180656261521445
distilbert-base-uncased,raw_string,phiusiil,aligned_natural,43,cross,domain_dedup,15776,8009,0.6896289649553033,0.6594646038270373,0.0057435385191659,0.0179797727556498
distilbert-base-uncased,raw_string,phiusiil,phiusiil,44,within,raw,13064,6168,0.9991073487402986,0.999320451732135,0.9962710765239948,0.9970817120622568
distilbert-base-uncased,raw_string,phiusiil,mendeley_phishurl,44,cross,raw,60000,18933,0.9679663055650172,0.9524531455118268,0.671737178471452,0.7529710030106164
distilbert-base-uncased,raw_string,phiusiil,mendeley_phishurl,44,cross,url_dedup,59776,18757,0.9680219435939704,0.9523806425051796,0.6750546462653942,0.7552380444634004
distilbert-base-uncased,raw_string,phiusiil,mendeley_phishurl,44,cross,domain_dedup,51556,13187,0.98010387740762,0.9719252741240364,0.8604686433608857,0.9140062182452416
distilbert-base-uncased,raw_string,phiusiil,kaggle_malicious,44,cross,raw,60000,10831,0.3879078257746507,0.192494149103863,0.0077555165728002,0.0357307727818299
distilbert-base-uncased,raw_string,phiusiil,kaggle_malicious,44,cross,url_dedup,59966,10829,0.3876254273424558,0.1923658916560564,0.0077569489334195,0.0356450272416659
distilbert-base-uncased,raw_string,phiusiil,kaggle_malicious,44,cross,domain_dedup,55591,9508,0.3717819629214142,0.173646244148777,0.0068363483382414,0.030605805637358
distilbert-base-uncased,raw_string,phiusiil,hannousse,44,cross,raw,11430,5715,0.6649742469855311,0.6248711557790336,0.0010498687664041,0.032020997375328
distilbert-base-uncased,raw_string,phiusiil,hannousse,44,cross,url_dedup,11367,5698,0.6628292269057836,0.6243626279169284,0.001053001053001,0.0321165321165321
distilbert-base-uncased,raw_string,phiusiil,hannousse,44,cross,domain_dedup,9512,4332,0.6883076289585984,0.5916478603704477,0.0004616805170821,0.0249307479224376
distilbert-base-uncased,raw_string,phiusiil,ebbu2017,44,cross,raw,60000,30360,0.6646801461632698,0.5905884786094137,6.587615283267457e-05,0.00332674571805
distilbert-base-uncased,raw_string,phiusiil,ebbu2017,44,cross,url_dedup,59963,30360,0.6643056592740196,0.5906045753222258,6.587615283267457e-05,0.00332674571805
distilbert-base-uncased,raw_string,phiusiil,ebbu2017,44,cross,domain_dedup,57229,29934,0.6710018975249855,0.6136453960452746,6.681365671143182e-05,0.0031068350370815
distilbert-base-uncased,raw_string,phiusiil,aligned_natural,44,cross,raw,16336,8168,0.6570219411698119,0.6576982999678834,0.0059990205680705,0.0226493633692458
distilbert-base-uncased,raw_string,phiusiil,aligned_natural,44,cross,url_dedup,16305,8137,0.6570837230738972,0.6569297056733081,0.0060218753840481,0.0227356519601818
distilbert-base-uncased,raw_string,phiusiil,aligned_natural,44,cross,domain_dedup,15776,8009,0.656979073191816,0.6638096004615935,0.0061181171182419,0.022724435010613
distilbert-base-uncased,raw_string,phiusiil,phiusiil,45,within,raw,12349,5519,0.9993361015334488,0.9994522511281594,0.9969197318354774,0.9972821163254212
distilbert-base-uncased,raw_string,phiusiil,mendeley_phishurl,45,cross,raw,60000,18933,0.9933126319639536,0.9910193588536236,0.5663127871969577,0.987218084825437
distilbert-base-uncased,raw_string,phiusiil,mendeley_phishurl,45,cross,url_dedup,59776,18757,0.9933271287309732,0.99102636315036,0.6030815162339394,0.987151463453644
distilbert-base-uncased,raw_string,phiusiil,mendeley_phishurl,45,cross,domain_dedup,51556,13187,0.9920398283380908,0.9891480461283948,0.6960643057556685,0.9842268901190566
distilbert-base-uncased,raw_string,phiusiil,kaggle_malicious,45,cross,raw,60000,10831,0.3565589334889901,0.1996324482236154,0.0343458591081155,0.0513341335056781
distilbert-base-uncased,raw_string,phiusiil,kaggle_malicious,45,cross,url_dedup,59966,10829,0.3563744602510679,0.1996435782652548,0.0343522024194293,0.0513436143688244
distilbert-base-uncased,raw_string,phiusiil,kaggle_malicious,45,cross,domain_dedup,55591,9508,0.3424503142438634,0.1913637638089221,0.0382835506941522,0.0566891039124947
distilbert-base-uncased,raw_string,phiusiil,hannousse,45,cross,raw,11430,5715,0.5393502999351678,0.4885118199653261,0.0010498687664041,0.0113735783027121
distilbert-base-uncased,raw_string,phiusiil,hannousse,45,cross,url_dedup,11367,5698,0.5378775753621405,0.4890859090939017,0.001053001053001,0.0085995085995086
distilbert-base-uncased,raw_string,phiusiil,hannousse,45,cross,domain_dedup,9512,4332,0.5489989643382995,0.4571221211797825,0.0013850415512465,0.0113111726685133
distilbert-base-uncased,raw_string,phiusiil,ebbu2017,45,cross,raw,60000,30360,0.5385871937781262,0.5168265482087105,0.0023056653491436,0.0155138339920948
distilbert-base-uncased,raw_string,phiusiil,ebbu2017,45,cross,url_dedup,59963,30360,0.5387539217373591,0.5173308207224916,0.0023056653491436,0.0155138339920948
distilbert-base-uncased,raw_string,phiusiil,ebbu2017,45,cross,domain_dedup,57229,29934,0.5376112640457232,0.5332377449892299,0.0023384779849001,0.0157346161555421
distilbert-base-uncased,raw_string,phiusiil,aligned_natural,45,cross,raw,16336,8168,0.6034514333425105,0.5681166423388767,0.0056317335945151,0.0290156709108716
distilbert-base-uncased,raw_string,phiusiil,aligned_natural,45,cross,url_dedup,16305,8137,0.6032221363532464,0.5666124542907662,0.0054073983040432,0.028634631928229
distilbert-base-uncased,raw_string,phiusiil,aligned_natural,45,cross,domain_dedup,15776,8009,0.6012725834073979,0.5736374223025096,0.0054938194531152,0.0268447996004494
distilbert-base-uncased,raw_string,phiusiil,phiusiil,46,within,raw,12031,5169,0.998696534544238,0.9989050248398988,0.9953569355774812,0.995550396595086
distilbert-base-uncased,raw_string,phiusiil,mendeley_phishurl,46,cross,raw,60000,18933,0.9694300470614248,0.9520551992990984,0.4365921935245339,0.664818042571172
distilbert-base-uncased,raw_string,phiusiil,mendeley_phishurl,46,cross,url_dedup,59776,18757,0.9693629442092564,0.951721161492161,0.4375966305912459,0.6650850349202965
distilbert-base-uncased,raw_string,phiusiil,mendeley_phishurl,46,cross,domain_dedup,51556,13187,0.9705473348097484,0.9456998705226904,0.5227875938424206,0.7168423447334497
distilbert-base-uncased,raw_string,phiusiil,kaggle_malicious,46,cross,raw,60000,10831,0.3592035480484282,0.1874222921241346,0.0080324993075431,0.041085772320192
distilbert-base-uncased,raw_string,phiusiil,kaggle_malicious,46,cross,url_dedup,59966,10829,0.3589072941494904,0.1872677777755405,0.0080339828238987,0.040908671160772
distilbert-base-uncased,raw_string,phiusiil,kaggle_malicious,46,cross,domain_dedup,55591,9508,0.3414106678853709,0.1700529390108789,0.007467395877156,0.0395456457719814
distilbert-base-uncased,raw_string,phiusiil,hannousse,46,cross,raw,11430,5715,0.7932613060287849,0.7366453694524104,0.0036745406824146,0.0383202099737532
distilbert-base-uncased,raw_string,phiusiil,hannousse,46,cross,url_dedup,11367,5698,0.7914098530609379,0.7353948227632857,0.0035100035100035,0.0379080379080379
distilbert-base-uncased,raw_string,phiusiil,hannousse,46,cross,domain_dedup,9512,4332,0.8081083086450123,0.7334099399595128,0.0092336103416435,0.0669436749769159
distilbert-base-uncased,raw_string,phiusiil,ebbu2017,46,cross,raw,60000,30360,0.7770225629157266,0.7529540152592431,0.0056982872200263,0.0613636363636363
distilbert-base-uncased,raw_string,phiusiil,ebbu2017,46,cross,url_dedup,59963,30360,0.7767870361258921,0.752984335142123,0.0056982872200263,0.0613636363636363
distilbert-base-uncased,raw_string,phiusiil,ebbu2017,46,cross,domain_dedup,57229,29934,0.7819627329847837,0.7712271181659319,0.0057125676488274,0.0604663593238457
distilbert-base-uncased,raw_string,phiusiil,aligned_natural,46,cross,raw,16336,8168,0.6798620077778983,0.665080531687362,0.0042850146914789,0.0401567091087169
distilbert-base-uncased,raw_string,phiusiil,aligned_natural,46,cross,url_dedup,16305,8137,0.6800620739209307,0.6643497188006926,0.0041784441440334,0.0400639056163205
distilbert-base-uncased,raw_string,phiusiil,aligned_natural,46,cross,domain_dedup,15776,8009,0.6800540617503775,0.6724178161260779,0.0024971906605069,0.0398301910350855
distilbert-base-uncased,raw_string,mendeley_phishurl,mendeley_phishurl,43,within,raw,12746,3709,0.9992439338911452,0.998939296883696,0.9919115664599624,0.994068482070639
distilbert-base-uncased,raw_string,mendeley_phishurl,phiusiil,43,cross,raw,60000,25603,0.9956711405829044,0.996315046643166,0.9794164746318792,0.9837519040737414
distilbert-base-uncased,raw_string,mendeley_phishurl,phiusiil,43,cross,url_dedup,59773,25423,0.995642287373907,0.9962784929772756,0.979310073555442,0.9836761987176966
distilbert-base-uncased,raw_string,mendeley_phishurl,phiusiil,43,cross,domain_dedup,50234,16741,0.993565333729353,0.992980896661378,0.9701332059016784,0.9761065647213428
distilbert-base-uncased,raw_string,mendeley_phishurl,kaggle_malicious,43,cross,raw,60000,10831,0.587449389839654,0.309284193070803,0.0148647400978672,0.0816175791708983
distilbert-base-uncased,raw_string,mendeley_phishurl,kaggle_malicious,43,cross,url_dedup,55381,10809,0.579018435657523,0.3163743024046847,0.0148949949116477,0.0766953464705338
distilbert-base-uncased,raw_string,mendeley_phishurl,kaggle_malicious,43,cross,domain_dedup,27817,8445,0.4918024519344969,0.3650527141942213,0.0080521018354055,0.04097098875074
distilbert-base-uncased,raw_string,mendeley_phishurl,hannousse,43,cross,raw,11430,5715,0.8234748390484435,0.8173378622125294,0.0120734908136482,0.12668416447944
distilbert-base-uncased,raw_string,mendeley_phishurl,hannousse,43,cross,url_dedup,11261,5550,0.8216738047800909,0.8119499753117309,0.0124324324324324,0.1261261261261261
distilbert-base-uncased,raw_string,mendeley_phishurl,hannousse,43,cross,domain_dedup,7961,3946,0.8310228874361792,0.8316761554738561,0.0136847440446021,0.176887987835783
distilbert-base-uncased,raw_string,mendeley_phishurl,ebbu2017,43,cross,raw,60000,30360,0.9131513449047776,0.8955119340850687,0.0395915678524374,0.1925889328063241
distilbert-base-uncased,raw_string,mendeley_phishurl,ebbu2017,43,cross,url_dedup,56886,27260,0.9138632206674956,0.8871275761471115,0.0410491562729273,0.1961848862802641
distilbert-base-uncased,raw_string,mendeley_phishurl,ebbu2017,43,cross,domain_dedup,36481,18306,0.885494453078049,0.8651031794206252,0.0254015077023926,0.1534469572817655
distilbert-base-uncased,raw_string,mendeley_phishurl,aligned_natural,43,cross,raw,16336,8168,0.8293333342726351,0.8097724830309361,0.0140793339862879,0.0871694417238002
distilbert-base-uncased,raw_string,mendeley_phishurl,aligned_natural,43,cross,url_dedup,16330,8162,0.829285589186745,0.8095190361748515,0.0139671649105611,0.0867434452340112
distilbert-base-uncased,raw_string,mendeley_phishurl,aligned_natural,43,cross,domain_dedup,15668,8088,0.8283289733120374,0.8204419111028936,0.013971315529179,0.096562809099901
distilbert-base-uncased,raw_string,mendeley_phishurl,mendeley_phishurl,44,within,raw,10675,3893,0.999302788701268,0.999099808357904,0.988440791163627,0.9938350886206012
distilbert-base-uncased,raw_string,mendeley_phishurl,phiusiil,44,cross,raw,60000,25603,0.9935743999568616,0.99486991597327,0.9704331523649572,0.9787915478654844
distilbert-base-uncased,raw_string,mendeley_phishurl,phiusiil,44,cross,url_dedup,59773,25423,0.9935316855114232,0.994820307061116,0.9702631475435628,0.9786807221807026
distilbert-base-uncased,raw_string,mendeley_phishurl,phiusiil,44,cross,domain_dedup,50234,16741,0.9905688907412034,0.9904939591744294,0.9572307508512036,0.9689982677259424
distilbert-base-uncased,raw_string,mendeley_phishurl,kaggle_malicious,44,cross,raw,60000,10831,0.5568012493953636,0.2710845705727955,0.0080324993075431,0.0573354260917736
distilbert-base-uncased,raw_string,mendeley_phishurl,kaggle_malicious,44,cross,url_dedup,55381,10809,0.5492676526279653,0.2787602800434531,0.0080488481820704,0.0494957905449162
distilbert-base-uncased,raw_string,mendeley_phishurl,kaggle_malicious,44,cross,domain_dedup,27817,8445,0.4703782977317247,0.334394551693032,0.0036708111308466,0.0363528715216104
distilbert-base-uncased,raw_string,mendeley_phishurl,hannousse,44,cross,raw,11430,5715,0.7651552873476117,0.7915746004094129,0.0668416447944007,0.1954505686789151
distilbert-base-uncased,raw_string,mendeley_phishurl,hannousse,44,cross,url_dedup,11261,5550,0.762973351569044,0.7864399709355581,0.0668468468468468,0.1969369369369369
distilbert-base-uncased,raw_string,mendeley_phishurl,hannousse,44,cross,domain_dedup,7961,3946,0.7835681134922954,0.8083631700669922,0.072478459199189,0.2098327420172326
distilbert-base-uncased,raw_string,mendeley_phishurl,ebbu2017,44,cross,raw,60000,30360,0.8921378961903847,0.8817107707946362,0.0277997364953886,0.2214426877470355
distilbert-base-uncased,raw_string,mendeley_phishurl,ebbu2017,44,cross,url_dedup,56886,27260,0.8945877287796076,0.8744052471132513,0.029090242112986,0.2272560528246515
distilbert-base-uncased,raw_string,mendeley_phishurl,ebbu2017,44,cross,domain_dedup,36481,18306,0.8710567577230188,0.8594186880683427,0.0170982191631159,0.170053534360319
distilbert-base-uncased,raw_string,mendeley_phishurl,aligned_natural,44,cross,raw,16336,8168,0.8152483794646412,0.7907442475566628,0.0127326150832517,0.0838638589618021
distilbert-base-uncased,raw_string,mendeley_phishurl,aligned_natural,44,cross,url_dedup,16330,8162,0.8151991302591668,0.7905313238573773,0.0126194560156824,0.0838029894633668
distilbert-base-uncased,raw_string,mendeley_phishurl,aligned_natural,44,cross,domain_dedup,15668,8088,0.8141492314748845,0.8028466407325807,0.0126112759643916,0.0997774480712166
distilbert-base-uncased,raw_string,mendeley_phishurl,mendeley_phishurl,45,within,raw,13399,3390,0.999163363592236,0.9985933798812132,0.989085545722714,0.993510324483776
distilbert-base-uncased,raw_string,mendeley_phishurl,phiusiil,45,cross,raw,60000,25603,0.9956071907142872,0.9963003983743992,0.9759012615709096,0.9837519040737414
distilbert-base-uncased,raw_string,mendeley_phishurl,phiusiil,45,cross,url_dedup,59773,25423,0.9955749973905852,0.9962608698107548,0.9757699720725328,0.9836761987176966
distilbert-base-uncased,raw_string,mendeley_phishurl,phiusiil,45,cross,domain_dedup,50234,16741,0.9934837098935962,0.9929779221348444,0.9642195806702109,0.976226031897736
distilbert-base-uncased,raw_string,mendeley_phishurl,kaggle_malicious,45,cross,raw,60000,10831,0.5497101781755891,0.2808463764122531,0.0141261194718862,0.0615824946911642
distilbert-base-uncased,raw_string,mendeley_phishurl,kaggle_malicious,45,cross,url_dedup,55381,10809,0.5421275836351337,0.288206930827994,0.0141548709408825,0.0545841428439263
distilbert-base-uncased,raw_string,mendeley_phishurl,kaggle_malicious,45,cross,domain_dedup,27817,8445,0.469489767326375,0.3393464383551607,0.0097098875074008,0.0355239786856127
distilbert-base-uncased,raw_string,mendeley_phishurl,hannousse,45,cross,raw,11430,5715,0.7754715568690396,0.7551830519760749,0.0174978127734033,0.0717410323709536
distilbert-base-uncased,raw_string,mendeley_phishurl,hannousse,45,cross,url_dedup,11261,5550,0.7736142989426127,0.7488969690991674,0.0176576576576576,0.0717117117117117
distilbert-base-uncased,raw_string,mendeley_phishurl,hannousse,45,cross,domain_dedup,7961,3946,0.7903403923073573,0.7780923006685293,0.0187531677648251,0.1008616320324379
distilbert-base-uncased,raw_string,mendeley_phishurl,ebbu2017,45,cross,raw,60000,30360,0.8783836983636755,0.8439946317479581,0.0120223978919631,0.0724308300395256
distilbert-base-uncased,raw_string,mendeley_phishurl,ebbu2017,45,cross,url_dedup,56886,27260,0.8794122511115461,0.8322338359353885,0.0122157006603081,0.0742479823917828
distilbert-base-uncased,raw_string,mendeley_phishurl,ebbu2017,45,cross,domain_dedup,36481,18306,0.8620456353258551,0.8305916460683955,0.0126188135037692,0.0785534797334207
distilbert-base-uncased,raw_string,mendeley_phishurl,aligned_natural,45,cross,raw,16336,8168,0.8004727006132721,0.7756484688001747,0.0105288932419196,0.0608472086190009
distilbert-base-uncased,raw_string,mendeley_phishurl,aligned_natural,45,cross,url_dedup,16330,8162,0.800429284462696,0.775438485358266,0.0105366331781426,0.0607694192599852
distilbert-base-uncased,raw_string,mendeley_phishurl,aligned_natural,45,cross,domain_dedup,15668,8088,0.8001319342770423,0.7882497415919505,0.0106330365974282,0.0609545004945598
distilbert-base-uncased,raw_string,mendeley_phishurl,mendeley_phishurl,46,within,raw,10950,3747,0.9992520648940828,0.9990200269568968,0.9847878302642114,0.9943955164131304
distilbert-base-uncased,raw_string,mendeley_phishurl,phiusiil,46,cross,raw,60000,25603,0.9952996202168,0.996040596887788,0.974495176346522,0.9818771237745576
distilbert-base-uncased,raw_string,mendeley_phishurl,phiusiil,46,cross,url_dedup,59773,25423,0.9952645837953128,0.995997310264416,0.9743932659402904,0.9817881445934784
distilbert-base-uncased,raw_string,mendeley_phishurl,phiusiil,46,cross,domain_dedup,50234,16741,0.9930489930117836,0.9925090145293944,0.9629651753180812,0.9734185532524938
distilbert-base-uncased,raw_string,mendeley_phishurl,kaggle_malicious,46,cross,raw,60000,10831,0.5761133024120977,0.2852153811068184,0.0129258609546671,0.0519804265534115
distilbert-base-uncased,raw_string,mendeley_phishurl,kaggle_malicious,46,cross,url_dedup,55381,10809,0.5678406252573017,0.2919658366871301,0.0128596539920436,0.0515311314645203
distilbert-base-uncased,raw_string,mendeley_phishurl,kaggle_malicious,46,cross,domain_dedup,27817,8445,0.4882348061884438,0.3534664452773154,0.0110124333925399,0.0536412078152753
distilbert-base-uncased,raw_string,mendeley_phishurl,hannousse,46,cross,raw,11430,5715,0.6513878459855685,0.5806344029114703,0.0019247594050743,0.0204724409448818
distilbert-base-uncased,raw_string,mendeley_phishurl,hannousse,46,cross,url_dedup,11261,5550,0.6473692778753188,0.5680303779994632,0.0019819819819819,0.0190990990990991
distilbert-base-uncased,raw_string,mendeley_phishurl,hannousse,46,cross,domain_dedup,7961,3946,0.6461261589364262,0.5806645194446555,0.0020273694880892,0.0230613279270146
distilbert-base-uncased,raw_string,mendeley_phishurl,ebbu2017,46,cross,raw,60000,30360,0.7157006158886879,0.6483487976409096,0.0024044795783926,0.0286561264822134
distilbert-base-uncased,raw_string,mendeley_phishurl,ebbu2017,46,cross,url_dedup,56886,27260,0.7114707378643979,0.6182160084053913,0.0024578136463683,0.027072633895818
distilbert-base-uncased,raw_string,mendeley_phishurl,ebbu2017,46,cross,domain_dedup,36481,18306,0.6648062548474797,0.6071677088592113,0.0028405987108052,0.0178083688408172
distilbert-base-uncased,raw_string,mendeley_phishurl,aligned_natural,46,cross,raw,16336,8168,0.8141258039423814,0.7687301847388393,0.0034280117531831,0.0388099902056807
distilbert-base-uncased,raw_string,mendeley_phishurl,aligned_natural,46,cross,url_dedup,16330,8162,0.814099339321444,0.76851285914971,0.0034305317324185,0.0385934819897084
distilbert-base-uncased,raw_string,mendeley_phishurl,aligned_natural,46,cross,domain_dedup,15668,8088,0.8134193316134656,0.7813095100833599,0.0033382789317507,0.0380811078140455
distilbert-base-uncased,raw_string,kaggle_malicious,kaggle_malicious,43,within,raw,13894,1917,0.9950884169445096,0.9768807513156348,0.766301512780386,0.9092331768388108
distilbert-base-uncased,raw_string,kaggle_malicious,phiusiil,43,cross,raw,60000,25603,0.4397383049445791,0.4753815510515335,0.0528844276061399,0.0922157559660977
distilbert-base-uncased,raw_string,kaggle_malicious,phiusiil,43,cross,url_dedup,59966,25601,0.4396929185681895,0.4755354905206489,0.0528885590406624,0.0922229600406234
distilbert-base-uncased,raw_string,kaggle_malicious,phiusiil,43,cross,domain_dedup,52752,19367,0.4016301659674883,0.3816502730041856,0.03351061083286,0.0654721949708266
distilbert-base-uncased,raw_string,kaggle_malicious,mendeley_phishurl,43,cross,raw,60000,18933,0.622675168661668,0.4125153339710518,0.008609306501875,0.0323773305868061
distilbert-base-uncased,raw_string,kaggle_malicious,mendeley_phishurl,43,cross,url_dedup,55379,18909,0.6223823283736258,0.440362037078127,0.0093606219260669,0.0324184250885821
distilbert-base-uncased,raw_string,kaggle_malicious,mendeley_phishurl,43,cross,domain_dedup,28121,15987,0.4762284166541322,0.5449191125780901,0.0039407018202289,0.0160755613936323
distilbert-base-uncased,raw_string,kaggle_malicious,hannousse,43,cross,raw,11430,5715,0.5565773329077522,0.5202033719482594,0.0052493438320209,0.0146981627296587
distilbert-base-uncased,raw_string,kaggle_malicious,hannousse,43,cross,url_dedup,11033,5320,0.5557001805669433,0.502224012857142,0.0056390977443609,0.0148496240601503
distilbert-base-uncased,raw_string,kaggle_malicious,hannousse,43,cross,domain_dedup,7697,3663,0.4924933722653107,0.4594661904610562,0.0057330057330057,0.0144690144690144
distilbert-base-uncased,raw_string,kaggle_malicious,ebbu2017,43,cross,raw,60000,30360,0.7108171687834159,0.6725266170966275,0.0024374176548089,0.0238471673254281
distilbert-base-uncased,raw_string,kaggle_malicious,ebbu2017,43,cross,url_dedup,59950,30325,0.7108549014369645,0.6724086741371414,0.0024402308326463,0.0238417147568013
distilbert-base-uncased,raw_string,kaggle_malicious,ebbu2017,43,cross,domain_dedup,46489,28616,0.6918901778430147,0.7460473846112211,0.0020967291025999,0.0221554375174727
distilbert-base-uncased,raw_string,kaggle_malicious,aligned_natural,43,cross,raw,16336,8168,0.7498466639838609,0.717273450511951,0.0100391772771792,0.0520323212536728
distilbert-base-uncased,raw_string,kaggle_malicious,aligned_natural,43,cross,url_dedup,16332,8164,0.749805221833414,0.717138927722303,0.0100440960313571,0.0520578147966683
distilbert-base-uncased,raw_string,kaggle_malicious,aligned_natural,43,cross,domain_dedup,15716,8130,0.7474215709069825,0.7273323730413749,0.0100861008610086,0.0500615006150061
distilbert-base-uncased,raw_string,kaggle_malicious,kaggle_malicious,44,within,raw,9851,1934,0.9938894533891502,0.9817935863795196,0.6799379524301965,0.922440537745605
distilbert-base-uncased,raw_string,kaggle_malicious,phiusiil,44,cross,raw,60000,25603,0.713859306912054,0.757857825405811,0.1889231730656563,0.3442955903605046
distilbert-base-uncased,raw_string,kaggle_malicious,phiusiil,44,cross,url_dedup,59966,25601,0.7137860187093825,0.7578962675391651,0.1888988711378461,0.3442443654544744
distilbert-base-uncased,raw_string,kaggle_malicious,phiusiil,44,cross,domain_dedup,52752,19367,0.6761139294866438,0.6789422054158204,0.1590850415655496,0.2897712603913874
distilbert-base-uncased,raw_string,kaggle_malicious,mendeley_phishurl,44,cross,raw,60000,18933,0.6471255327108242,0.4605428573658141,0.0051761474673849,0.0451064279300691
distilbert-base-uncased,raw_string,kaggle_malicious,mendeley_phishurl,44,cross,url_dedup,55379,18909,0.646876119607275,0.4877393712578708,0.004653868528214,0.0427309746681474
distilbert-base-uncased,raw_string,kaggle_malicious,mendeley_phishurl,44,cross,domain_dedup,28121,15987,0.6046889388422556,0.6837217809209865,0.0030649903046225,0.0410958904109589
distilbert-base-uncased,raw_string,kaggle_malicious,hannousse,44,cross,raw,11430,5715,0.5930941353240731,0.5921383455209517,0.0061242344706911,0.026596675415573
distilbert-base-uncased,raw_string,kaggle_malicious,hannousse,44,cross,url_dedup,11033,5320,0.5914023253916342,0.5744922097897729,0.006578947368421,0.0272556390977443
distilbert-base-uncased,raw_string,kaggle_malicious,hannousse,44,cross,domain_dedup,7697,3663,0.57037793416078,0.5626588513481152,0.0027300027300027,0.0259350259350259
distilbert-base-uncased,raw_string,kaggle_malicious,ebbu2017,44,cross,raw,60000,30360,0.6590499531932599,0.6032406174497492,0.000790513833992,0.0111989459815546
distilbert-base-uncased,raw_string,kaggle_malicious,ebbu2017,44,cross,url_dedup,59950,30325,0.6590083718924034,0.6029615660928012,0.0007914262159934,0.0111788953009068
distilbert-base-uncased,raw_string,kaggle_malicious,ebbu2017,44,cross,domain_dedup,46489,28616,0.6567006111097807,0.7054546097056561,0.0008037461559966,0.0145023762929829
distilbert-base-uncased,raw_string,kaggle_malicious,aligned_natural,44,cross,raw,16336,8168,0.7243514860793081,0.6430105830404041,0.0004897159647404,0.0127326150832517
distilbert-base-uncased,raw_string,kaggle_malicious,aligned_natural,44,cross,url_dedup,16332,8164,0.7243028610713478,0.6428429977513307,0.0004899559039686,0.0127388535031847
distilbert-base-uncased,raw_string,kaggle_malicious,aligned_natural,44,cross,domain_dedup,15716,8130,0.720967104872736,0.6547667833546905,0.0004920049200492,0.0119311193111931
distilbert-base-uncased,raw_string,kaggle_malicious,kaggle_malicious,45,within,raw,12371,1941,0.9922072668159408,0.9695924401106508,0.6625450798557445,0.9062339000515198
distilbert-base-uncased,raw_string,kaggle_malicious,phiusiil,45,cross,raw,60000,25603,0.3565756524935899,0.3391394895689029,0.0003905792289966,0.0021481857594813
distilbert-base-uncased,raw_string,kaggle_malicious,phiusiil,45,cross,url_dedup,59966,25601,0.3566858517826817,0.3394015128468048,0.0003906097418069,0.0021483535799382
distilbert-base-uncased,raw_string,kaggle_malicious,phiusiil,45,cross,domain_dedup,52752,19367,0.3533601162118785,0.2854100420974222,0.000464708008468,0.0019621004801982
distilbert-base-uncased,raw_string,kaggle_malicious,mendeley_phishurl,45,cross,raw,60000,18933,0.5279254492548695,0.3150424669341987,0.0009507209633972,0.0061268684307822
distilbert-base-uncased,raw_string,kaggle_malicious,mendeley_phishurl,45,cross,url_dedup,55379,18909,0.5282109189260158,0.3410177091657793,0.0009519276534983,0.0061346448781003
distilbert-base-uncased,raw_string,kaggle_malicious,mendeley_phishurl,45,cross,domain_dedup,28121,15987,0.4025636264399718,0.4912034450001254,0.0003127541127165,0.0033151935947957
distilbert-base-uncased,raw_string,kaggle_malicious,hannousse,45,cross,raw,11430,5715,0.5726573176603144,0.520200440263299,0.0008748906386701,0.0050743657042869
distilbert-base-uncased,raw_string,kaggle_malicious,hannousse,45,cross,url_dedup,11033,5320,0.5710064863278448,0.5010148137618873,0.000563909774436,0.0045112781954887
distilbert-base-uncased,raw_string,kaggle_malicious,hannousse,45,cross,domain_dedup,7697,3663,0.5050970653350425,0.4562606716097103,0.0002730002730002,0.004095004095004
distilbert-base-uncased,raw_string,kaggle_malicious,ebbu2017,45,cross,raw,60000,30360,0.7145480288050368,0.6707114823808413,0.0010869565217391,0.0148880105401844
distilbert-base-uncased,raw_string,kaggle_malicious,ebbu2017,45,cross,url_dedup,59950,30325,0.7145493257641375,0.6705011097760599,0.0010882110469909,0.0148722176422093
distilbert-base-uncased,raw_string,kaggle_malicious,ebbu2017,45,cross,domain_dedup,46489,28616,0.6851826448954815,0.741978470495844,0.0008736371260833,0.0147469946882862
distilbert-base-uncased,raw_string,kaggle_malicious,aligned_natural,45,cross,raw,16336,8168,0.7285423857321421,0.664037594494068,0.0024485798237022,0.0150587659157688
distilbert-base-uncased,raw_string,kaggle_malicious,aligned_natural,45,cross,url_dedup,16332,8164,0.7285858587736898,0.6639947728069847,0.0024497795198432,0.0150661440470357
distilbert-base-uncased,raw_string,kaggle_malicious,aligned_natural,45,cross,domain_dedup,15716,8130,0.725663875871556,0.676295642572952,0.0023370233702337,0.0150061500615006
distilbert-base-uncased,raw_string,kaggle_malicious,kaggle_malicious,46,within,raw,10545,2082,0.9946701088980534,0.9811911884319192,0.4567723342939481,0.9269932756964456
distilbert-base-uncased,raw_string,kaggle_malicious,phiusiil,46,cross,raw,60000,25603,0.5353689590273009,0.6445004870592975,0.0350740147638948,0.2526657032379018
distilbert-base-uncased,raw_string,kaggle_malicious,phiusiil,46,cross,url_dedup,59966,25601,0.5353546111582319,0.6446463556875571,0.0350376938400843,0.2526073200265614
distilbert-base-uncased,raw_string,kaggle_malicious,phiusiil,46,cross,domain_dedup,52752,19367,0.6120978172890728,0.6744398649274641,0.0326844632622502,0.308411214953271
distilbert-base-uncased,raw_string,kaggle_malicious,mendeley_phishurl,46,cross,raw,60000,18933,0.6036258583976335,0.5212350217580467,0.1157238683779644,0.1829609676226694
distilbert-base-uncased,raw_string,kaggle_malicious,mendeley_phishurl,46,cross,url_dedup,55379,18909,0.603680165562269,0.5434394213974252,0.1156592099000475,0.1828758792109577
distilbert-base-uncased,raw_string,kaggle_malicious,mendeley_phishurl,46,cross,domain_dedup,28121,15987,0.5115349536769764,0.6704323576157243,0.096265715894164,0.1860886970663664
distilbert-base-uncased,raw_string,kaggle_malicious,hannousse,46,cross,raw,11430,5715,0.4973630046025524,0.527682290234921,0.0012248468941382,0.0206474190726159
distilbert-base-uncased,raw_string,kaggle_malicious,hannousse,46,cross,url_dedup,11033,5320,0.4957715156962948,0.5101227029252868,0.0013157894736842,0.0219924812030075
distilbert-base-uncased,raw_string,kaggle_malicious,hannousse,46,cross,domain_dedup,7697,3663,0.4753711660008141,0.5056218923150458,0.001092001092001,0.0253890253890253
distilbert-base-uncased,raw_string,kaggle_malicious,ebbu2017,46,cross,raw,60000,30360,0.6999962150105171,0.6803764597949029,0.0002305665349143,0.0164690382081686
distilbert-base-uncased,raw_string,kaggle_malicious,ebbu2017,46,cross,url_dedup,59950,30325,0.7000422667237138,0.6802459801119164,0.0002308326463314,0.0164550700741962
distilbert-base-uncased,raw_string,kaggle_malicious,ebbu2017,46,cross,domain_dedup,46489,28616,0.680051401048628,0.7505277076686766,0.0002446183953033,0.0169136147609728
distilbert-base-uncased,raw_string,kaggle_malicious,aligned_natural,46,cross,raw,16336,8168,0.6892537188555516,0.6464880588976545,0.0042850146914789,0.0359941234084231
distilbert-base-uncased,raw_string,kaggle_malicious,aligned_natural,46,cross,url_dedup,16332,8164,0.6891435612188146,0.6461337778110264,0.0042871141597256,0.0357667809897109
distilbert-base-uncased,raw_string,kaggle_malicious,aligned_natural,46,cross,domain_dedup,15716,8130,0.6846354990046077,0.6584275113254204,0.0043050430504305,0.035670356703567
distilbert-base-uncased,raw_string,hannousse,hannousse,43,within,raw,2229,1037,0.9766868321759334,0.9757998360145764,0.4108003857280617,0.6885245901639344
distilbert-base-uncased,raw_string,hannousse,phiusiil,43,cross,raw,60000,25603,0.9136665231272576,0.9229299331110512,0.6323477717454986,0.7071827520212475
distilbert-base-uncased,raw_string,hannousse,phiusiil,43,cross,url_dedup,59936,25585,0.9135738874381282,0.9228771035427118,0.6321282001172562,0.7069767441860465
distilbert-base-uncased,raw_string,hannousse,phiusiil,43,cross,domain_dedup,53925,19850,0.8893184311536819,0.8827526171049178,0.5409068010075567,0.6292191435768262
distilbert-base-uncased,raw_string,hannousse,mendeley_phishurl,43,cross,raw,60000,18933,0.9848910051570264,0.9740497043428344,0.5462948291343157,0.8160883114139333
distilbert-base-uncased,raw_string,hannousse,mendeley_phishurl,43,cross,url_dedup,59839,18776,0.9847854825959228,0.973710787963915,0.5461759693225394,0.815029825308905
distilbert-base-uncased,raw_string,hannousse,mendeley_phishurl,43,cross,domain_dedup,46321,16337,0.9818980847241684,0.973146706827365,0.5369406867845994,0.7905368182652874
distilbert-base-uncased,raw_string,hannousse,kaggle_malicious,43,cross,raw,60000,10831,0.5846379898261427,0.2484145177816307,0.0050780168036192,0.0203120672144769
distilbert-base-uncased,raw_string,hannousse,kaggle_malicious,43,cross,url_dedup,59648,10482,0.5744233088589297,0.2345196412930838,0.0048654836863194,0.0200343445907269
distilbert-base-uncased,raw_string,hannousse,kaggle_malicious,43,cross,domain_dedup,45927,8736,0.5622154098612617,0.2336357734918743,0.0029761904761904,0.0149954212454212
distilbert-base-uncased,raw_string,hannousse,ebbu2017,43,cross,raw,60000,30360,0.993777277261259,0.993687677024765,0.5983530961791831,0.8699934123847167
distilbert-base-uncased,raw_string,hannousse,ebbu2017,43,cross,url_dedup,54857,29276,0.992916586690366,0.9935414252633166,0.5885025276677142,0.8553764175433802
distilbert-base-uncased,raw_string,hannousse,ebbu2017,43,cross,domain_dedup,42403,27806,0.989152202290061,0.9939038774543332,0.4951808962094512,0.8014457311371647
distilbert-base-uncased,raw_string,hannousse,aligned_natural,43,cross,raw,16336,8168,0.8664414370933222,0.858090599594027,0.0192213516160626,0.1625857002938295
distilbert-base-uncased,raw_string,hannousse,aligned_natural,43,cross,url_dedup,16327,8159,0.86633101756123,0.8578544099374816,0.0192425542345875,0.1626424806961637
distilbert-base-uncased,raw_string,hannousse,aligned_natural,43,cross,domain_dedup,16011,8121,0.8654693842451677,0.8603419509912322,0.0176086688831424,0.1595862578500184
distilbert-base-uncased,raw_string,hannousse,hannousse,44,within,raw,2670,1384,0.9644801957946404,0.9673845928859526,0.5180635838150289,0.6705202312138728
distilbert-base-uncased,raw_string,hannousse,phiusiil,44,cross,raw,60000,25603,0.9100462657487745,0.9197226179476964,0.6227785806350818,0.6927703784712729
distilbert-base-uncased,raw_string,hannousse,phiusiil,44,cross,url_dedup,59936,25585,0.9099535109465264,0.9196697875878056,0.6225131913230408,0.6925542309947235
distilbert-base-uncased,raw_string,hannousse,phiusiil,44,cross,domain_dedup,53925,19850,0.8845719447580995,0.8776481231811839,0.5318387909319899,0.6114861460957178
distilbert-base-uncased,raw_string,hannousse,mendeley_phishurl,44,cross,raw,60000,18933,0.9878430900415308,0.9793642948484906,0.6057677071779433,0.8488353668198384
distilbert-base-uncased,raw_string,hannousse,mendeley_phishurl,44,cross,url_dedup,59839,18776,0.9877580575706356,0.9790909136187738,0.6051874733702599,0.8480507030251385
distilbert-base-uncased,raw_string,hannousse,mendeley_phishurl,44,cross,domain_dedup,46321,16337,0.9851535864729865,0.978223471673846,0.5821142192569015,0.8238354655077431
distilbert-base-uncased,raw_string,hannousse,kaggle_malicious,44,cross,raw,60000,10831,0.6203128739001451,0.2578353785239071,0.0004616378912381,0.0095097405595051
distilbert-base-uncased,raw_string,hannousse,kaggle_malicious,44,cross,url_dedup,59648,10482,0.6109450142787342,0.2436931406547435,0.0003816065636328,0.0095401640908223
distilbert-base-uncased,raw_string,hannousse,kaggle_malicious,44,cross,domain_dedup,45927,8736,0.5970890276291785,0.2433242941381166,0.0002289377289377,0.0066391941391941
distilbert-base-uncased,raw_string,hannousse,ebbu2017,44,cross,raw,60000,30360,0.9939349049596474,0.9937046408319854,0.5409090909090909,0.8682147562582345
distilbert-base-uncased,raw_string,hannousse,ebbu2017,44,cross,url_dedup,54857,29276,0.993101338688577,0.9935618786563576,0.5293414400874437,0.8472810493236781
distilbert-base-uncased,raw_string,hannousse,ebbu2017,44,cross,domain_dedup,42403,27806,0.989273650728276,0.9938242260164538,0.4450837948644177,0.7805149967632885
distilbert-base-uncased,raw_string,hannousse,aligned_natural,44,cross,raw,16336,8168,0.8820337913608538,0.870783946032116,0.0275465230166503,0.1860920666013712
distilbert-base-uncased,raw_string,hannousse,aligned_natural,44,cross,url_dedup,16327,8159,0.8819419068659751,0.8705662659846021,0.0275769089349184,0.1860522122809167
distilbert-base-uncased,raw_string,hannousse,aligned_natural,44,cross,domain_dedup,16011,8121,0.8809111991021727,0.8723070668934827,0.0268439847309444,0.1840906292328531
distilbert-base-uncased,raw_string,hannousse,hannousse,45,within,raw,2161,824,0.9803837384086964,0.9710061201572484,0.2621359223300971,0.75
distilbert-base-uncased,raw_string,hannousse,phiusiil,45,cross,raw,60000,25603,0.9145072472738432,0.9228390558619955,0.6249658243174628,0.6969495762215365
distilbert-base-uncased,raw_string,hannousse,phiusiil,45,cross,url_dedup,59936,25585,0.9144232806537952,0.9227908785963717,0.6247410592143834,0.6967363689661912
distilbert-base-uncased,raw_string,hannousse,phiusiil,45,cross,domain_dedup,53925,19850,0.8911630715324582,0.8831407293288978,0.5349622166246851,0.6183879093198993
distilbert-base-uncased,raw_string,hannousse,mendeley_phishurl,45,cross,raw,60000,18933,0.9887982861222728,0.9800963280105168,0.6071409707917393,0.8358949981513759
distilbert-base-uncased,raw_string,hannousse,mendeley_phishurl,45,cross,url_dedup,59839,18776,0.9887211756912416,0.9798319346885004,0.6068385172560716,0.8350021303792075
distilbert-base-uncased,raw_string,hannousse,mendeley_phishurl,45,cross,domain_dedup,46321,16337,0.9867622957499552,0.9797140293238934,0.5877456081287874,0.8098182040766359
distilbert-base-uncased,raw_string,hannousse,kaggle_malicious,45,cross,raw,60000,10831,0.6119339213124211,0.2486771116136275,0.0007386206259809,0.0104330163419813
distilbert-base-uncased,raw_string,hannousse,kaggle_malicious,45,cross,url_dedup,59648,10482,0.6028053989000564,0.2354658430421813,0.0006678114863575,0.0103033772180881
distilbert-base-uncased,raw_string,hannousse,kaggle_malicious,45,cross,domain_dedup,45927,8736,0.5863123846847227,0.2348448441878972,0.0004578754578754,0.0061813186813186
distilbert-base-uncased,raw_string,hannousse,ebbu2017,45,cross,raw,60000,30360,0.994002003510728,0.9938537289820504,0.5483530961791832,0.8713438735177865
distilbert-base-uncased,raw_string,hannousse,ebbu2017,45,cross,url_dedup,54857,29276,0.9931878484904386,0.9937093792495468,0.5377100696816505,0.8546249487634923
distilbert-base-uncased,raw_string,hannousse,ebbu2017,45,cross,domain_dedup,42403,27806,0.9894579298978446,0.9940016486441714,0.4959001654319211,0.7877796159102352
distilbert-base-uncased,raw_string,hannousse,aligned_natural,45,cross,raw,16336,8168,0.8805742438301065,0.8709360839088744,0.0366062683643486,0.1841332027424094
distilbert-base-uncased,raw_string,hannousse,aligned_natural,45,cross,url_dedup,16327,8159,0.8804878994120167,0.8707288206733359,0.0366466478735139,0.1840911876455448
distilbert-base-uncased,raw_string,hannousse,aligned_natural,45,cross,domain_dedup,16011,8121,0.8794011488779735,0.8725192418381176,0.0362024381233838,0.1767023765546115
distilbert-base-uncased,raw_string,hannousse,hannousse,46,within,raw,1923,910,0.9847873252118068,0.9856932599870346,0.7318681318681318,0.8219780219780219
distilbert-base-uncased,raw_string,hannousse,phiusiil,46,cross,raw,60000,25603,0.9204117334142708,0.9268186477361502,0.6150841698238487,0.6992930515955161
distilbert-base-uncased,raw_string,hannousse,phiusiil,46,cross,url_dedup,59936,25585,0.9203104676413956,0.926757878381496,0.614813367207348,0.6990814930623412
distilbert-base-uncased,raw_string,hannousse,phiusiil,46,cross,domain_dedup,53925,19850,0.8979453620421689,0.888059531794168,0.523073047858942,0.6205541561712846
distilbert-base-uncased,raw_string,hannousse,mendeley_phishurl,46,cross,raw,60000,18933,0.987076740182948,0.9769419747221222,0.58273913273121,0.8166693075582316
distilbert-base-uncased,raw_string,hannousse,mendeley_phishurl,46,cross,url_dedup,59839,18776,0.9869914124960448,0.9766452532258,0.5822326374094589,0.815828717511717
distilbert-base-uncased,raw_string,hannousse,mendeley_phishurl,46,cross,domain_dedup,46321,16337,0.9843004238974994,0.9761334705009224,0.5560384403501255,0.7948215706678092
distilbert-base-uncased,raw_string,hannousse,kaggle_malicious,46,cross,raw,60000,10831,0.6226681594532673,0.258342096021288,0.002677499769181,0.0161573261933339
distilbert-base-uncased,raw_string,hannousse,kaggle_malicious,46,cross,url_dedup,59648,10482,0.6136294704582957,0.2444092168211296,0.0024804426636138,0.0157412707498568
distilbert-base-uncased,raw_string,hannousse,kaggle_malicious,46,cross,domain_dedup,45927,8736,0.5985524876385568,0.2442271254934516,0.0022893772893772,0.0149954212454212
distilbert-base-uncased,raw_string,hannousse,ebbu2017,46,cross,raw,60000,30360,0.9948737784907692,0.9948071763183078,0.5990447957839262,0.8937088274044795
distilbert-base-uncased,raw_string,hannousse,ebbu2017,46,cross,url_dedup,54857,29276,0.99418272189405,0.994703939837551,0.5673247711435988,0.8808238830441317
distilbert-base-uncased,raw_string,hannousse,ebbu2017,46,cross,domain_dedup,42403,27806,0.9909158162266102,0.9949146512932306,0.5224771632021866,0.8278429116018126
distilbert-base-uncased,raw_string,hannousse,aligned_natural,46,cross,raw,16336,8168,0.873655417009212,0.8647760280071736,0.0244857982370225,0.1764201762977473
distilbert-base-uncased,raw_string,hannousse,aligned_natural,46,cross,url_dedup,16327,8159,0.873548085798189,0.8645475212339291,0.0245128079421497,0.1764922171834783
distilbert-base-uncased,raw_string,hannousse,aligned_natural,46,cross,domain_dedup,16011,8121,0.8724379002067743,0.8664318804939812,0.0224110331239995,0.1709149119566556
distilbert-base-uncased,raw_string,ebbu2017,ebbu2017,43,within,raw,11844,5990,0.9986271675888468,0.9987033904925996,0.847746243739566,0.9731218697829715
distilbert-base-uncased,raw_string,ebbu2017,phiusiil,43,cross,raw,60000,25603,0.8979949508485331,0.8966876250973649,0.3483576143420693,0.5110729211420537
distilbert-base-uncased,raw_string,ebbu2017,phiusiil,43,cross,url_dedup,59970,25601,0.8979563803831698,0.8967099561222324,0.3483848287176282,0.5111128471544081
distilbert-base-uncased,raw_string,ebbu2017,phiusiil,43,cross,domain_dedup,57759,24235,0.8956442643027211,0.8919499476091108,0.3423148339178873,0.5052197235403342
distilbert-base-uncased,raw_string,ebbu2017,mendeley_phishurl,43,cross,raw,60000,18933,0.9747356449666124,0.961647872187394,0.5669466011725559,0.7750488564939524
distilbert-base-uncased,raw_string,ebbu2017,mendeley_phishurl,43,cross,url_dedup,58479,17422,0.9725771877069348,0.955531475327677,0.5320284697508897,0.7560555619331879
distilbert-base-uncased,raw_string,ebbu2017,mendeley_phishurl,43,cross,domain_dedup,40743,14899,0.9714820388043564,0.9610901472089666,0.4672125646016511,0.7179676488354924
distilbert-base-uncased,raw_string,ebbu2017,kaggle_malicious,43,cross,raw,60000,10831,0.6377049295887061,0.2745256349810762,0.0024928446126858,0.0225279290924199
distilbert-base-uncased,raw_string,ebbu2017,kaggle_malicious,43,cross,url_dedup,59967,10805,0.6374139857496133,0.2738323759973335,0.0024988431281813,0.0225821378991207
distilbert-base-uncased,raw_string,ebbu2017,kaggle_malicious,43,cross,domain_dedup,40491,8094,0.6397717881198355,0.285000445123848,0.0023474178403755,0.0212503088707684
distilbert-base-uncased,raw_string,ebbu2017,hannousse,43,cross,raw,11430,5715,0.9590104933296284,0.9616376443127076,0.3910761154855643,0.6148731408573929
distilbert-base-uncased,raw_string,ebbu2017,hannousse,43,cross,url_dedup,7982,5177,0.915027182137364,0.9554127007189848,0.2810508016225613,0.4925632605756229
distilbert-base-uncased,raw_string,ebbu2017,hannousse,43,cross,domain_dedup,6546,4429,0.915389007030892,0.960825565694724,0.3070670580266426,0.5073379995484308
distilbert-base-uncased,raw_string,ebbu2017,aligned_natural,43,cross,raw,16336,8168,0.8710518374061458,0.8702472576598993,0.0991674828599412,0.2313907933398628
distilbert-base-uncased,raw_string,ebbu2017,aligned_natural,43,cross,url_dedup,16333,8167,0.8710072593417216,0.8702110562437907,0.0990571813395371,0.2312966817680911
distilbert-base-uncased,raw_string,ebbu2017,aligned_natural,43,cross,domain_dedup,15673,8149,0.8657703211628138,0.8738565135634158,0.098785127009449,0.2275125782304577
distilbert-base-uncased,raw_string,ebbu2017,ebbu2017,44,within,raw,13276,6081,0.9991076912914936,0.9989463625865972,0.9018253576714356,0.9833908896563064
distilbert-base-uncased,raw_string,ebbu2017,phiusiil,44,cross,raw,60000,25603,0.9613455976657114,0.9609732011375371,0.5730969027067141,0.7394055384134671
distilbert-base-uncased,raw_string,ebbu2017,phiusiil,44,cross,url_dedup,59970,25601,0.9613332082042584,0.9609865577448254,0.5731416741533534,0.7394633022147572
distilbert-base-uncased,raw_string,ebbu2017,phiusiil,44,cross,domain_dedup,57759,24235,0.9617125515539868,0.9601111769340118,0.56777388075098,0.7364555395089746
distilbert-base-uncased,raw_string,ebbu2017,mendeley_phishurl,44,cross,raw,60000,18933,0.983441508282592,0.9748642221234132,0.5787777953837215,0.8398035176675646
distilbert-base-uncased,raw_string,ebbu2017,mendeley_phishurl,44,cross,url_dedup,58479,17422,0.9820250910053124,0.970815096558208,0.5445413844564344,0.82625416140512
distilbert-base-uncased,raw_string,ebbu2017,mendeley_phishurl,44,cross,domain_dedup,40743,14899,0.9846685203457186,0.9775538496755036,0.4860728907980401,0.7903886166856836
distilbert-base-uncased,raw_string,ebbu2017,kaggle_malicious,44,cross,raw,60000,10831,0.6386457136048171,0.2766114493428477,0.0009232757824762,0.0201274120579817
distilbert-base-uncased,raw_string,ebbu2017,kaggle_malicious,44,cross,url_dedup,59967,10805,0.6383407595709458,0.2758118711035774,0.0009254974548819,0.0199907450254511
distilbert-base-uncased,raw_string,ebbu2017,kaggle_malicious,44,cross,domain_dedup,40491,8094,0.6513332241736348,0.2908417038267145,0.0006177415369409,0.0168025698047936
distilbert-base-uncased,raw_string,ebbu2017,hannousse,44,cross,raw,11430,5715,0.96040641463999,0.9619150287848236,0.3531058617672791,0.5996500437445319
distilbert-base-uncased,raw_string,ebbu2017,hannousse,44,cross,url_dedup,7982,5177,0.91926662459108,0.9561028523415788,0.2648251883330114,0.4564419548000772
distilbert-base-uncased,raw_string,ebbu2017,hannousse,44,cross,domain_dedup,6546,4429,0.926413470797796,0.963873041652414,0.2935199819372319,0.4565364642131406
distilbert-base-uncased,raw_string,ebbu2017,aligned_natural,44,cross,raw,16336,8168,0.8688474635494958,0.871065983365892,0.1083496571988246,0.2536728697355533
distilbert-base-uncased,raw_string,ebbu2017,aligned_natural,44,cross,url_dedup,16333,8167,0.8688008685695655,0.8710297129172462,0.1082404799804089,0.25358148646994
distilbert-base-uncased,raw_string,ebbu2017,aligned_natural,44,cross,domain_dedup,15673,8149,0.863104902777998,0.8740994168272084,0.098539698122469,0.2373297337096576
distilbert-base-uncased,raw_string,ebbu2017,ebbu2017,45,within,raw,12228,6433,0.9986697151913122,0.9987842531773898,0.8663143168039795,0.968754857764651
distilbert-base-uncased,raw_string,ebbu2017,phiusiil,45,cross,raw,60000,25603,0.943773787661212,0.94051047381002,0.394485021286568,0.5975471624419013
distilbert-base-uncased,raw_string,ebbu2017,phiusiil,45,cross,url_dedup,59970,25601,0.9437587906867868,0.940529366766498,0.3945158392250302,0.5975938439904691
distilbert-base-uncased,raw_string,ebbu2017,phiusiil,45,cross,domain_dedup,57759,24235,0.9422409688256372,0.9374082215944868,0.3842376727872911,0.5885289870022694
distilbert-base-uncased,raw_string,ebbu2017,mendeley_phishurl,45,cross,raw,60000,18933,0.9800409219803564,0.9700379509429052,0.5628796281624676,0.8082184545502562
distilbert-base-uncased,raw_string,ebbu2017,mendeley_phishurl,45,cross,url_dedup,58479,17422,0.9783559512771354,0.9652271149808856,0.5274939731374124,0.7917001492365974
distilbert-base-uncased,raw_string,ebbu2017,mendeley_phishurl,45,cross,domain_dedup,40743,14899,0.977461599793872,0.969286434952822,0.4740586616551446,0.7564937244110344
distilbert-base-uncased,raw_string,ebbu2017,kaggle_malicious,45,cross,raw,60000,10831,0.6517738130600115,0.2817089193715186,0.0023081894561905,0.0156956883020958
distilbert-base-uncased,raw_string,ebbu2017,kaggle_malicious,45,cross,url_dedup,59967,10805,0.6514986622342991,0.2809083658965213,0.0023137436372049,0.0156409069875057
distilbert-base-uncased,raw_string,ebbu2017,kaggle_malicious,45,cross,domain_dedup,40491,8094,0.6643430683999536,0.2959256482068187,0.0024709661477637,0.0158141833456881
distilbert-base-uncased,raw_string,ebbu2017,hannousse,45,cross,raw,11430,5715,0.9590123303703396,0.9610501179055512,0.3307086614173228,0.5821522309711286
distilbert-base-uncased,raw_string,ebbu2017,hannousse,45,cross,url_dedup,7982,5177,0.9171203909242064,0.955174128950829,0.2298628549352907,0.4662932200115897
distilbert-base-uncased,raw_string,ebbu2017,hannousse,45,cross,domain_dedup,6546,4429,0.9205300594814974,0.961832403779681,0.2560397380898622,0.4725671709189433
distilbert-base-uncased,raw_string,ebbu2017,aligned_natural,45,cross,raw,16336,8168,0.8680993546637171,0.8712827943171988,0.1279382957884427,0.2662830558276199
distilbert-base-uncased,raw_string,ebbu2017,aligned_natural,45,cross,url_dedup,16333,8167,0.868052109975508,0.8712473553853682,0.1278315170809354,0.2661932166034039
distilbert-base-uncased,raw_string,ebbu2017,aligned_natural,45,cross,domain_dedup,15673,8149,0.8619435844321365,0.8741970056229872,0.1256595901337587,0.2630997668425573
distilbert-base-uncased,raw_string,ebbu2017,ebbu2017,46,within,raw,13622,6468,0.9987731908785066,0.9986826220691564,0.8937847866419295,0.9771181199752628
distilbert-base-uncased,raw_string,ebbu2017,phiusiil,46,cross,raw,60000,25603,0.8948808726595312,0.8905615533228708,0.2988321681053001,0.4735773151583798
distilbert-base-uncased,raw_string,ebbu2017,phiusiil,46,cross,url_dedup,59970,25601,0.8948401115697076,0.89058526730411,0.2988555134565056,0.4736143119409398
distilbert-base-uncased,raw_string,ebbu2017,phiusiil,46,cross,domain_dedup,57759,24235,0.8932591598339323,0.8863891026192712,0.2926758819888591,0.4681246131627811
distilbert-base-uncased,raw_string,ebbu2017,mendeley_phishurl,46,cross,raw,60000,18933,0.97185615678741,0.9565391288317908,0.5415940421486294,0.7422489832567475
distilbert-base-uncased,raw_string,ebbu2017,mendeley_phishurl,46,cross,url_dedup,58479,17422,0.9694509400312448,0.94952626365818,0.5047640913787166,0.7204109746297784
distilbert-base-uncased,raw_string,ebbu2017,mendeley_phishurl,46,cross,domain_dedup,40743,14899,0.9671481846101988,0.9549196070970568,0.4790925565474193,0.6821934358010605
distilbert-base-uncased,raw_string,ebbu2017,kaggle_malicious,46,cross,raw,60000,10831,0.6445828356228913,0.277500130258061,0.0024928446126858,0.0157880158803434
distilbert-base-uncased,raw_string,ebbu2017,kaggle_malicious,46,cross,url_dedup,59967,10805,0.6442930785113523,0.27674363171215,0.0024988431281813,0.0158260064784821
distilbert-base-uncased,raw_string,ebbu2017,kaggle_malicious,46,cross,domain_dedup,40491,8094,0.6552646551032895,0.2942988054837483,0.0029651593773165,0.0176674079565109
distilbert-base-uncased,raw_string,ebbu2017,hannousse,46,cross,raw,11430,5715,0.9570219733032058,0.9598285819067836,0.3928258967629046,0.6017497812773404
distilbert-base-uncased,raw_string,ebbu2017,hannousse,46,cross,url_dedup,7982,5177,0.9114563352164052,0.9536257535939098,0.2377824995170948,0.465906895885648
distilbert-base-uncased,raw_string,ebbu2017,hannousse,46,cross,domain_dedup,6546,4429,0.9163623764997156,0.9611762917122691,0.2675547527658614,0.4876947392187852
distilbert-base-uncased,raw_string,ebbu2017,aligned_natural,46,cross,raw,16336,8168,0.8814864132598391,0.8817057395386885,0.1060235063663075,0.2752203721841332
distilbert-base-uncased,raw_string,ebbu2017,aligned_natural,46,cross,url_dedup,16333,8167,0.8814461335996092,0.8816745282273122,0.1059140443247214,0.2751316272805191
distilbert-base-uncased,raw_string,ebbu2017,aligned_natural,46,cross,domain_dedup,15673,8149,0.876104984522388,0.8845685543324352,0.093508405939379,0.2684992023561173
distilbert-base-uncased,raw_string,aligned_natural,aligned_natural,43,within,raw,3239,1629,0.9807512515775788,0.9752568108811474,0.0957642725598526,0.6304481276856968
distilbert-base-uncased,raw_string,aligned_natural,phiusiil,43,cross,raw,60000,25603,0.6478610962456951,0.6321111902253413,0.0639768777096434,0.1341249072374331
distilbert-base-uncased,raw_string,aligned_natural,phiusiil,43,cross,url_dedup,59969,25572,0.6479346885783154,0.6317473860118324,0.063741592366651,0.1337791334271859
distilbert-base-uncased,raw_string,aligned_natural,phiusiil,43,cross,domain_dedup,58167,23868,0.6519997589148551,0.6227780000654088,0.0661555220378749,0.1353695324283559
distilbert-base-uncased,raw_string,aligned_natural,mendeley_phishurl,43,cross,raw,60000,18933,0.8861331657742393,0.8229894913074167,0.1987006813500237,0.3930174827021602
distilbert-base-uncased,raw_string,aligned_natural,mendeley_phishurl,43,cross,url_dedup,59993,18926,0.8860944204499988,0.8228789362231776,0.1985628236288703,0.392845820564303
distilbert-base-uncased,raw_string,aligned_natural,mendeley_phishurl,43,cross,domain_dedup,58198,18416,0.8849052337956896,0.823246208569575,0.2016181581233709,0.3972632493483927
distilbert-base-uncased,raw_string,aligned_natural,kaggle_malicious,43,cross,raw,60000,10831,0.6053963376722288,0.2893774703392254,0.0047087064906287,0.041824392946173
distilbert-base-uncased,raw_string,aligned_natural,kaggle_malicious,43,cross,url_dedup,59996,10827,0.6052604502026413,0.2891210576008555,0.0047104461069548,0.0417474831439918
distilbert-base-uncased,raw_string,aligned_natural,kaggle_malicious,43,cross,domain_dedup,57855,10417,0.6074799267201729,0.2895680875783392,0.0044158586925218,0.0420466545070557
distilbert-base-uncased,raw_string,aligned_natural,hannousse,43,cross,raw,11430,5715,0.809737999722913,0.8388391318173335,0.1867016622922134,0.3284339457567804
distilbert-base-uncased,raw_string,aligned_natural,hannousse,43,cross,url_dedup,11420,5705,0.8096053177401904,0.8385463142717031,0.1870289219982471,0.3283085013146363
distilbert-base-uncased,raw_string,aligned_natural,hannousse,43,cross,domain_dedup,11147,5542,0.809614553176119,0.8383634473804517,0.1907253699025622,0.3289426199927824
distilbert-base-uncased,raw_string,aligned_natural,ebbu2017,43,cross,raw,60000,30360,0.8328738655032992,0.8649048437664504,0.2231554677206851,0.3906455862977602
distilbert-base-uncased,raw_string,aligned_natural,ebbu2017,43,cross,url_dedup,59996,30358,0.8328752286950905,0.8649018062432154,0.2231042888200803,0.3906054417287041
distilbert-base-uncased,raw_string,aligned_natural,ebbu2017,43,cross,domain_dedup,59061,30082,0.8310937084379499,0.8649703329788694,0.2242537065354697,0.3922943953194601
distilbert-base-uncased,raw_string,aligned_natural,aligned_natural,44,within,raw,3285,1636,0.9851174898916288,0.9847306978671528,0.4639364303178484,0.7029339853300733
distilbert-base-uncased,raw_string,aligned_natural,phiusiil,44,cross,raw,60000,25603,0.6818772257427954,0.6759852789386495,0.0972932859430535,0.172870366753896
distilbert-base-uncased,raw_string,aligned_natural,phiusiil,44,cross,url_dedup,59969,25572,0.6818122376395772,0.6756318836913042,0.0970592835914281,0.1726106679180353
distilbert-base-uncased,raw_string,aligned_natural,phiusiil,44,cross,domain_dedup,58167,23868,0.6830554580411805,0.6628634417336141,0.095944360650243,0.1711077593430534
distilbert-base-uncased,raw_string,aligned_natural,mendeley_phishurl,44,cross,raw,60000,18933,0.9306626193136924,0.8921687574126858,0.315850631173084,0.5356256272117467
distilbert-base-uncased,raw_string,aligned_natural,mendeley_phishurl,44,cross,url_dedup,59993,18926,0.93063861966046,0.892102159249111,0.3158089400824262,0.535559547712142
distilbert-base-uncased,raw_string,aligned_natural,mendeley_phishurl,44,cross,domain_dedup,58198,18416,0.9302824920687424,0.8929235019113475,0.322002606429192,0.542028670721112
distilbert-base-uncased,raw_string,aligned_natural,kaggle_malicious,44,cross,raw,60000,10831,0.6326573888288332,0.3037159703281947,0.006832240790324,0.0441325824023635
distilbert-base-uncased,raw_string,aligned_natural,kaggle_malicious,44,cross,url_dedup,59996,10827,0.632532991098611,0.3034334805910441,0.006834764939503,0.0440565253532834
distilbert-base-uncased,raw_string,aligned_natural,kaggle_malicious,44,cross,domain_dedup,57855,10417,0.6355132759534317,0.3053488827198526,0.0071037726792742,0.0446385715657099
distilbert-base-uncased,raw_string,aligned_natural,hannousse,44,cross,raw,11430,5715,0.8636261193510041,0.8847384755934073,0.2027996500437445,0.4162729658792651
distilbert-base-uncased,raw_string,aligned_natural,hannousse,44,cross,url_dedup,11420,5705,0.863493842410803,0.8844689343023732,0.2028045574057844,0.4161262050832603
distilbert-base-uncased,raw_string,aligned_natural,hannousse,44,cross,domain_dedup,11147,5542,0.8649678024370544,0.8852994295753374,0.2057019126669072,0.416817033561891
distilbert-base-uncased,raw_string,aligned_natural,ebbu2017,44,cross,raw,60000,30360,0.9286966295368756,0.9359060976506678,0.1689723320158102,0.48399209486166
distilbert-base-uncased,raw_string,aligned_natural,ebbu2017,44,cross,url_dedup,59996,30358,0.9287023298741416,0.9359092918606342,0.1689175835035246,0.483958100006588
distilbert-base-uncased,raw_string,aligned_natural,ebbu2017,44,cross,domain_dedup,59061,30082,0.9279425572723812,0.9360668199163846,0.1694701150189482,0.486736254238415
distilbert-base-uncased,raw_string,aligned_natural,aligned_natural,45,within,raw,3257,1646,0.983857561886574,0.9837983406352006,0.3827460510328068,0.6992709599027946
distilbert-base-uncased,raw_string,aligned_natural,phiusiil,45,cross,raw,60000,25603,0.6928547742206277,0.6960954198681384,0.1350622973870249,0.2101316252001718
distilbert-base-uncased,raw_string,aligned_natural,phiusiil,45,cross,url_dedup,59969,25572,0.6929157063381999,0.6958542772645187,0.1348740810261223,0.2099562020960425
distilbert-base-uncased,raw_string,aligned_natural,phiusiil,45,cross,domain_dedup,58167,23868,0.6942073720105322,0.686442678307665,0.1384280207809619,0.2129629629629629
distilbert-base-uncased,raw_string,aligned_natural,mendeley_phishurl,45,cross,raw,60000,18933,0.8874853495853956,0.8433512298982087,0.306184968045212,0.4663814503776475
distilbert-base-uncased,raw_string,aligned_natural,mendeley_phishurl,45,cross,url_dedup,59993,18926,0.8874453738864928,0.8432540132382785,0.3060868646306668,0.4662897601183557
distilbert-base-uncased,raw_string,aligned_natural,mendeley_phishurl,45,cross,domain_dedup,58198,18416,0.88641121097383,0.8434740818565429,0.3083731537793223,0.4714378801042572
distilbert-base-uncased,raw_string,aligned_natural,kaggle_malicious,45,cross,raw,60000,10831,0.5930467734470752,0.2942540839286833,0.0161573261933339,0.0509648231926876
distilbert-base-uncased,raw_string,aligned_natural,kaggle_malicious,45,cross,url_dedup,59996,10827,0.5929064136368538,0.2939870633839972,0.0161632954650411,0.0507989286044148
distilbert-base-uncased,raw_string,aligned_natural,kaggle_malicious,45,cross,domain_dedup,57855,10417,0.5974773890080494,0.2977892247212627,0.0167034654891043,0.0512623596044926
distilbert-base-uncased,raw_string,aligned_natural,hannousse,45,cross,raw,11430,5715,0.8192199312793687,0.8484976448862522,0.184601924759405,0.3401574803149606
distilbert-base-uncased,raw_string,aligned_natural,hannousse,45,cross,url_dedup,11420,5705,0.8190648714922906,0.8482022480795599,0.1843996494303242,0.3402278702892199
distilbert-base-uncased,raw_string,aligned_natural,hannousse,45,cross,domain_dedup,11147,5542,0.8187998323402411,0.84769662266479,0.186394803320101,0.3428365211115121
distilbert-base-uncased,raw_string,aligned_natural,ebbu2017,45,cross,raw,60000,30360,0.85256370806285,0.8824392878407114,0.2108366271409749,0.4206192358366271
distilbert-base-uncased,raw_string,aligned_natural,ebbu2017,45,cross,url_dedup,59996,30358,0.8525646697014431,0.8824366056103348,0.2107846366690823,0.4205810659463733
distilbert-base-uncased,raw_string,aligned_natural,ebbu2017,45,cross,domain_dedup,59061,30082,0.8510989874280828,0.882458267847293,0.2053719832457948,0.4203842829599096
distilbert-base-uncased,raw_string,aligned_natural,aligned_natural,46,within,raw,3322,1627,0.9839324597998744,0.9805046263741322,0.1665642286416717,0.7117393976644131
distilbert-base-uncased,raw_string,aligned_natural,phiusiil,46,cross,raw,60000,25603,0.7150030907674323,0.7095409549671285,0.1053001601374838,0.1986485958676717
distilbert-base-uncased,raw_string,aligned_natural,phiusiil,46,cross,url_dedup,59969,25572,0.7150932354845023,0.7093070956312653,0.1050367589551071,0.1983810417644298
distilbert-base-uncased,raw_string,aligned_natural,phiusiil,46,cross,domain_dedup,58167,23868,0.7163799568139946,0.6984503978028628,0.1075917546505781,0.1995558907323613
distilbert-base-uncased,raw_string,aligned_natural,mendeley_phishurl,46,cross,raw,60000,18933,0.9178285319491308,0.8701843302554264,0.3356573179105266,0.4970686103628585
distilbert-base-uncased,raw_string,aligned_natural,mendeley_phishurl,46,cross,url_dedup,59993,18926,0.9178022139436864,0.8701105422573392,0.3355701151854591,0.4970411074712036
distilbert-base-uncased,raw_string,aligned_natural,mendeley_phishurl,46,cross,domain_dedup,58198,18416,0.9170258029523284,0.8701843979901851,0.339867506516073,0.5016833188531712
distilbert-base-uncased,raw_string,aligned_natural,kaggle_malicious,46,cross,raw,60000,10831,0.6218662583174743,0.3095321251406205,0.0136644815806481,0.0510571507709352
distilbert-base-uncased,raw_string,aligned_natural,kaggle_malicious,46,cross,url_dedup,59996,10827,0.6217331006883493,0.3091347297284383,0.0135771681906345,0.0508912902927865
distilbert-base-uncased,raw_string,aligned_natural,kaggle_malicious,46,cross,domain_dedup,57855,10417,0.6247891110108534,0.3105626314930511,0.013727560718057,0.0515503503887875
distilbert-base-uncased,raw_string,aligned_natural,hannousse,46,cross,raw,11430,5715,0.8482850842244893,0.8695067301555613,0.2087489063867016,0.3884514435695538
distilbert-base-uncased,raw_string,aligned_natural,hannousse,46,cross,url_dedup,11420,5705,0.8481844370680658,0.8692387471205738,0.2085889570552147,0.3880806310254163
distilbert-base-uncased,raw_string,aligned_natural,hannousse,46,cross,domain_dedup,11147,5542,0.8483505408862209,0.8690629738395347,0.2112955611692529,0.3901118729700469
distilbert-base-uncased,raw_string,aligned_natural,ebbu2017,46,cross,raw,60000,30360,0.9131836301094024,0.9227765844644956,0.2382740447957839,0.4785573122529644
distilbert-base-uncased,raw_string,aligned_natural,ebbu2017,46,cross,url_dedup,59996,30358,0.9131868775465424,0.9227769595690324,0.2382238619144871,0.4785229593517359
distilbert-base-uncased,raw_string,aligned_natural,ebbu2017,46,cross,domain_dedup,59061,30082,0.9120659119120438,0.922686751236356,0.2372847550029918,0.4780932118875075
distilbert-base-uncased,raw_string,phiusiil,aligned_natural,42,cross,raw,16336,8168,0.6019760350945521,0.5704955014131786,0.002203721841332,0.0140793339862879
distilbert-base-uncased,raw_string,phiusiil,aligned_natural,42,cross,url_dedup,16305,8137,0.602270065505303,0.569758587624504,0.0022121174880176,0.014010077424112
distilbert-base-uncased,raw_string,phiusiil,aligned_natural,42,cross,domain_dedup,15776,8009,0.6033005259967049,0.5787621095940536,0.0021226120614308,0.0137345486327881
distilbert-base-uncased,raw_string,mendeley_phishurl,aligned_natural,42,cross,raw,16336,8168,0.8245489432975104,0.8006097568892142,0.0124877571008814,0.0694172380019588
distilbert-base-uncased,raw_string,mendeley_phishurl,aligned_natural,42,cross,url_dedup,16330,8162,0.8244960611524561,0.8003661044678272,0.0123744180347953,0.069223229600588
distilbert-base-uncased,raw_string,mendeley_phishurl,aligned_natural,42,cross,domain_dedup,15668,8088,0.8243161715196167,0.8134731547412374,0.0095202769535113,0.0765331355093966
distilbert-base-uncased,raw_string,kaggle_malicious,aligned_natural,42,cross,raw,16336,8168,0.6594510579615537,0.5870469601969344,0.0007345739471106,0.0156709108716944
distilbert-base-uncased,raw_string,kaggle_malicious,aligned_natural,42,cross,url_dedup,16332,8164,0.6594962352935249,0.5869887491092126,0.0007349338559529,0.0156785889269965
distilbert-base-uncased,raw_string,kaggle_malicious,aligned_natural,42,cross,domain_dedup,15716,8130,0.6546208072811021,0.5998960695110396,0.0004920049200492,0.0134071340713407
distilbert-base-uncased,raw_string,hannousse,aligned_natural,42,cross,raw,16336,8168,0.8640175589074106,0.8523162909332003,0.029382957884427,0.1594025465230166
distilbert-base-uncased,raw_string,hannousse,aligned_natural,42,cross,url_dedup,16327,8159,0.8639049008089585,0.8520559603148676,0.0294153695305797,0.1592106875842627
distilbert-base-uncased,raw_string,hannousse,aligned_natural,42,cross,domain_dedup,16011,8121,0.8629117362877603,0.854236457146484,0.0274596724541312,0.1535525181627878
distilbert-base-uncased,raw_string,ebbu2017,aligned_natural,42,cross,raw,16336,8168,0.8682603200085186,0.8660438926212485,0.1105533790401567,0.2535504407443683
distilbert-base-uncased,raw_string,ebbu2017,aligned_natural,42,cross,url_dedup,16333,8167,0.8682136592604401,0.8660069006984148,0.1104444716542182,0.2534590424880617
distilbert-base-uncased,raw_string,ebbu2017,aligned_natural,42,cross,domain_dedup,15673,8149,0.8623963345110919,0.8696126846833281,0.1060252791753589,0.2473923180758375
distilbert-base-uncased,raw_string,aligned_natural,aligned_natural,42,within,raw,3331,1625,0.9823536838308232,0.9781137422983034,0.1563076923076923,0.6615384615384615
distilbert-base-uncased,raw_string,aligned_natural,phiusiil,42,cross,raw,60000,25603,0.6389524941005725,0.6450482374883822,0.0816310588602898,0.1579111822833261
distilbert-base-uncased,raw_string,aligned_natural,phiusiil,42,cross,url_dedup,59969,25572,0.6388799355776325,0.6446495790011282,0.0813780697638041,0.1576724542468324
distilbert-base-uncased,raw_string,aligned_natural,phiusiil,42,cross,domain_dedup,58167,23868,0.6401114471185541,0.6329335659728385,0.0835009217362158,0.1596698508463214
distilbert-base-uncased,raw_string,aligned_natural,mendeley_phishurl,42,cross,raw,60000,18933,0.9271563137498844,0.8799511275481429,0.3171710769555802,0.5055722812021338
distilbert-base-uncased,raw_string,aligned_natural,mendeley_phishurl,42,cross,url_dedup,59993,18926,0.9271306968821628,0.8798727627276755,0.3170770368804819,0.5054422487583219
distilbert-base-uncased,raw_string,aligned_natural,mendeley_phishurl,42,cross,domain_dedup,58198,18416,0.9263164135666664,0.8800427212824897,0.3226542137271937,0.509231103388358
distilbert-base-uncased,raw_string,aligned_natural,kaggle_malicious,42,cross,raw,60000,10831,0.6586885823383619,0.3409309539208606,0.012464223063429,0.0577970639830117
distilbert-base-uncased,raw_string,aligned_natural,kaggle_malicious,42,cross,url_dedup,59996,10827,0.6585672224641013,0.340585117622051,0.0124688279301745,0.0576336935439179
distilbert-base-uncased,raw_string,aligned_natural,kaggle_malicious,42,cross,domain_dedup,57855,10417,0.6609558959984523,0.3416304391525361,0.0128635883651723,0.0577901507151771
distilbert-base-uncased,raw_string,aligned_natural,hannousse,42,cross,raw,11430,5715,0.8565384335706943,0.8726459770780042,0.2153980752405949,0.3466316710411198
distilbert-base-uncased,raw_string,aligned_natural,hannousse,42,cross,url_dedup,11420,5705,0.8564373165010815,0.872367667815648,0.2154250657318142,0.3463628396143733
distilbert-base-uncased,raw_string,aligned_natural,hannousse,42,cross,domain_dedup,11147,5542,0.8571818931323563,0.8728561592548739,0.2192349332370985,0.3498736918080115
distilbert-base-uncased,raw_string,aligned_natural,ebbu2017,42,cross,raw,60000,30360,0.929414441790729,0.9355428262291186,0.2377799736495388,0.5036890645586298
distilbert-base-uncased,raw_string,aligned_natural,ebbu2017,42,cross,url_dedup,59996,30358,0.9294172581444042,0.9355425025255292,0.2377297582185914,0.5036563673496278
distilbert-base-uncased,raw_string,aligned_natural,ebbu2017,42,cross,domain_dedup,59061,30082,0.9285139884474504,0.9355455020727624,0.2395784854730403,0.5011967289408948
distilbert-base-uncased,raw_string,phiusiil,aligned_matched,42,cross,raw,10060,5030,0.5824300914196727,0.5397570853472511,0.0,0.005964214711729622
distilbert-base-uncased,raw_string,phiusiil,aligned_matched,42,cross,url_dedup,10036,5006,0.5827937290360912,0.5387404814953486,0.0,0.0059928086296444265
distilbert-base-uncased,raw_string,phiusiil,aligned_matched,42,cross,domain_dedup,9721,4916,0.5855583374045039,0.5476284705504649,0.0,0.0058991049633848654
distilbert-base-uncased,raw_string,mendeley_phishurl,aligned_matched,42,cross,raw,10060,5030,0.7387137018841227,0.6810994452552821,0.002783300198807157,0.01411530815109344
distilbert-base-uncased,raw_string,mendeley_phishurl,aligned_matched,42,cross,url_dedup,10059,5029,0.7387088682856133,0.6810696077171972,0.0027838536488367467,0.014118114933386359
distilbert-base-uncased,raw_string,mendeley_phishurl,aligned_matched,42,cross,domain_dedup,9650,4985,0.7394738771512824,0.7004376882932039,0.0028084252758274826,0.016649949849548647
distilbert-base-uncased,raw_string,kaggle_malicious,aligned_matched,42,cross,raw,10060,5030,0.6614415297479537,0.5852433807952978,0.0007952286282306163,0.010934393638170975
distilbert-base-uncased,raw_string,kaggle_malicious,aligned_matched,42,cross,url_dedup,10060,5030,0.6614415297479537,0.5852433807952978,0.0007952286282306163,0.010934393638170975
distilbert-base-uncased,raw_string,kaggle_malicious,aligned_matched,42,cross,domain_dedup,9668,5010,0.6559536573053978,0.597924159818596,0.0007984031936127744,0.010978043912175649
distilbert-base-uncased,raw_string,hannousse,aligned_matched,42,cross,raw,10060,5030,0.8628674671651997,0.8469386567437314,0.030815109343936383,0.14174950298210737
distilbert-base-uncased,raw_string,hannousse,aligned_matched,42,cross,url_dedup,10058,5028,0.8628192657895111,0.8468178585927825,0.030827366746221163,0.14160700079554495
distilbert-base-uncased,raw_string,hannousse,aligned_matched,42,cross,domain_dedup,9845,5010,0.861118239219596,0.8489698885872571,0.02874251497005988,0.13033932135728543
distilbert-base-uncased,raw_string,ebbu2017,aligned_matched,42,cross,raw,10060,5030,0.8543384820302836,0.8545545206125484,0.10397614314115308,0.22783300198807158
distilbert-base-uncased,raw_string,ebbu2017,aligned_matched,42,cross,url_dedup,10058,5030,0.854283803938501,0.8545555276799508,0.10397614314115308,0.22783300198807158
distilbert-base-uncased,raw_string,ebbu2017,aligned_matched,42,cross,domain_dedup,9657,5023,0.848471974966084,0.8587396702200026,0.10372287477603026,0.21680270754529166
distilbert-base-uncased,raw_string,aligned_matched,aligned_matched,42,within,raw,1978,1036,0.9834718704145454,0.9847618953555045,0.3832046332046332,0.7615830115830116
distilbert-base-uncased,raw_string,aligned_matched,phiusiil,42,cross,raw,60000,25603,0.645054585715421,0.6545950306476317,0.08374018669687146,0.16599617232355585
distilbert-base-uncased,raw_string,aligned_matched,phiusiil,42,cross,url_dedup,59976,25579,0.6450186077570257,0.6543149309508652,0.08358419015598734,0.16583916493998985
distilbert-base-uncased,raw_string,aligned_matched,phiusiil,42,cross,domain_dedup,59010,24698,0.6464301032055951,0.6493010985130672,0.08527006235322698,0.1674629524657867
distilbert-base-uncased,raw_string,aligned_matched,mendeley_phishurl,42,cross,raw,60000,18933,0.8676381147736503,0.7987585675886537,0.16056620715153436,0.35409074103417315
distilbert-base-uncased,raw_string,aligned_matched,mendeley_phishurl,42,cross,url_dedup,59999,18932,0.8676339787139391,0.7987504374631365,0.1605746883583351,0.35410944432706526
distilbert-base-uncased,raw_string,aligned_matched,mendeley_phishurl,42,cross,domain_dedup,58493,18574,0.8664708762712998,0.7993661490348285,0.15979325939485303,0.35592764078819855
distilbert-base-uncased,raw_string,aligned_matched,kaggle_malicious,42,cross,raw,60000,10831,0.6622299990818318,0.298314101492699,0.004431723755885883,0.02548241159634383
distilbert-base-uncased,raw_string,aligned_matched,kaggle_malicious,42,cross,url_dedup,60000,10831,0.6622299990818318,0.298314101492699,0.004431723755885883,0.02548241159634383
distilbert-base-uncased,raw_string,aligned_matched,kaggle_malicious,42,cross,domain_dedup,58128,10551,0.6649985349062084,0.301243158403793,0.004549331816889394,0.025779546962373234
distilbert-base-uncased,raw_string,aligned_matched,hannousse,42,cross,raw,11430,5715,0.829481319209552,0.8538667293777344,0.1384076990376203,0.33350831146106735
distilbert-base-uncased,raw_string,aligned_matched,hannousse,42,cross,url_dedup,11427,5712,0.8294048109182429,0.853742290558587,0.13848039215686275,0.3333333333333333
distilbert-base-uncased,raw_string,aligned_matched,hannousse,42,cross,domain_dedup,11201,5593,0.8305449285368685,0.8552314145485078,0.14106919363490078,0.3384587877704273
distilbert-base-uncased,raw_string,aligned_matched,ebbu2017,42,cross,raw,60000,30360,0.8738868741543226,0.8910003462367045,0.2383399209486166,0.40428194993412386
distilbert-base-uncased,raw_string,aligned_matched,ebbu2017,42,cross,url_dedup,59998,30360,0.8738939516632006,0.8910093308091965,0.2383399209486166,0.40428194993412386
distilbert-base-uncased,raw_string,aligned_matched,ebbu2017,42,cross,domain_dedup,59107,30101,0.8724315638785907,0.8910021613047546,0.24022457725656954,0.40457127670177073
distilbert-base-uncased,raw_string,aligned_matched,aligned_natural,42,cross,raw,16336,8168,0.9915459768826246,0.9909009429870386,0.47710577864838394,0.8021547502448579
distilbert-base-uncased,raw_string,aligned_matched,aligned_natural,42,cross,url_dedup,6276,3138,0.9795518837937557,0.9765378906354395,0.31421287444231993,0.5334608030592735
distilbert-base-uncased,raw_string,aligned_matched,aligned_natural,42,cross,domain_dedup,3944,3106,0.9751076521383663,0.991690380524509,0.23052157115260785,0.4890534449452672
distilbert-base-uncased,raw_string,aligned_natural,aligned_matched,42,cross,raw,10060,5030,0.9981845902714923,0.9982187065805295,0.8139165009940358,0.9691848906560636
distilbert-base-uncased,raw_string,aligned_natural,aligned_matched,42,cross,url_dedup,0,0,,,,
distilbert-base-uncased,raw_string,aligned_natural,aligned_matched,42,cross,domain_dedup,0,0,,,,
distilbert-base-uncased,raw_string,phiusiil,aligned_matched,43,cross,raw,10060,5030,0.6113580149322752,0.5798732679992111,0.002385685884691849,0.013320079522862823
distilbert-base-uncased,raw_string,phiusiil,aligned_matched,43,cross,url_dedup,10036,5006,0.6113542675231075,0.5786672476615756,0.0023971234518577705,0.013184178985217739
distilbert-base-uncased,raw_string,phiusiil,aligned_matched,43,cross,domain_dedup,9721,4916,0.611881100934831,0.5863015206899813,0.0022375915378356386,0.012815296989422294
distilbert-base-uncased,raw_string,phiusiil,aligned_matched,44,cross,raw,10060,5030,0.5430281333865594,0.5210242556022585,0.0009940357852882703,0.0075546719681908545
distilbert-base-uncased,raw_string,phiusiil,aligned_matched,44,cross,url_dedup,10036,5006,0.54308273411866,0.5198040276180426,0.000998801438274071,0.0075908909308829405
distilbert-base-uncased,raw_string,phiusiil,aligned_matched,44,cross,domain_dedup,9721,4916,0.5436616107949662,0.5266368282515468,0.0010170870626525631,0.007526444263628967
distilbert-base-uncased,raw_string,phiusiil,aligned_matched,45,cross,raw,10060,5030,0.483094257516531,0.4919273461619512,0.0015904572564612327,0.009940357852882704
distilbert-base-uncased,raw_string,phiusiil,aligned_matched,45,cross,url_dedup,10036,5006,0.4828594553335202,0.490060372392778,0.0013983220135836995,0.009788254095085897
distilbert-base-uncased,raw_string,phiusiil,aligned_matched,45,cross,domain_dedup,9721,4916,0.4820337126789375,0.49645464888510005,0.0014239218877135883,0.008950366151342554
distilbert-base-uncased,raw_string,phiusiil,aligned_matched,46,cross,raw,10060,5030,0.5929099952966099,0.5797225958267409,0.0007952286282306163,0.015904572564612324
distilbert-base-uncased,raw_string,phiusiil,aligned_matched,46,cross,url_dedup,10036,5006,0.5930982820615263,0.5786779382461061,0.0007990411506192569,0.015980823012385136
distilbert-base-uncased,raw_string,phiusiil,aligned_matched,46,cross,domain_dedup,9721,4916,0.5938643296877658,0.5860607942180048,0.0004068348250610252,0.01566314076484947
distilbert-base-uncased,raw_string,mendeley_phishurl,aligned_matched,43,cross,raw,10060,5030,0.7470548873755479,0.6934785186869901,0.003379721669980119,0.017693836978131212
distilbert-base-uncased,raw_string,mendeley_phishurl,aligned_matched,43,cross,url_dedup,10059,5029,0.7470678810414506,0.6934632905592786,0.0033803937164446213,0.017697355339033605
distilbert-base-uncased,raw_string,mendeley_phishurl,aligned_matched,43,cross,domain_dedup,9650,4985,0.7468309322393762,0.7105489150035027,0.0020060180541624875,0.01765295887662989
distilbert-base-uncased,raw_string,mendeley_phishurl,aligned_matched,44,cross,raw,10060,5030,0.7089365398068844,0.6455091181299,0.002584493041749503,0.01868787276341948
distilbert-base-uncased,raw_string,mendeley_phishurl,aligned_matched,44,cross,url_dedup,10059,5029,0.7089211993894655,0.6454673055926018,0.002585006959634122,0.018691588785046728
distilbert-base-uncased,raw_string,mendeley_phishurl,aligned_matched,44,cross,domain_dedup,9650,4985,0.7083439600688454,0.6636613259519187,0.005215646940822468,0.02066198595787362
distilbert-base-uncased,raw_string,mendeley_phishurl,aligned_matched,45,cross,raw,10060,5030,0.6983512444221351,0.6445824452881068,0.0015904572564612327,0.010536779324055666
distilbert-base-uncased,raw_string,mendeley_phishurl,aligned_matched,45,cross,url_dedup,10059,5029,0.6983578346979171,0.644559078052998,0.0015907735136209981,0.010538874527739113
distilbert-base-uncased,raw_string,mendeley_phishurl,aligned_matched,45,cross,domain_dedup,9650,4985,0.6990330906976019,0.6631352306729978,0.0016048144433299899,0.010631895687061183
distilbert-base-uncased,raw_string,mendeley_phishurl,aligned_matched,46,cross,raw,10060,5030,0.7177536372223913,0.6436373352859391,0.0005964214711729623,0.0075546719681908545
distilbert-base-uncased,raw_string,mendeley_phishurl,aligned_matched,46,cross,url_dedup,10059,5029,0.7177711618536939,0.6436185668401895,0.0005965400676078744,0.007556174189699742
distilbert-base-uncased,raw_string,mendeley_phishurl,aligned_matched,46,cross,domain_dedup,9650,4985,0.7178015934190568,0.6608107698513708,0.0006018054162487463,0.007221664994984955
distilbert-base-uncased,raw_string,kaggle_malicious,aligned_matched,43,cross,raw,10060,5030,0.7438581236240608,0.6936888578635302,0.006361829025844931,0.03180914512922465
distilbert-base-uncased,raw_string,kaggle_malicious,aligned_matched,43,cross,url_dedup,10060,5030,0.7438581236240608,0.6936888578635302,0.006361829025844931,0.03180914512922465
distilbert-base-uncased,raw_string,kaggle_malicious,aligned_matched,43,cross,domain_dedup,9668,5010,0.7403231750325026,0.7034902101591742,0.004790419161676647,0.030139720558882234
distilbert-base-uncased,raw_string,kaggle_malicious,aligned_matched,44,cross,raw,10060,5030,0.7098370808943555,0.6339539059672178,0.0007952286282306163,0.014711729622266401
distilbert-base-uncased,raw_string,kaggle_malicious,aligned_matched,44,cross,url_dedup,10060,5030,0.7098370808943555,0.6339539059672178,0.0007952286282306163,0.014711729622266401
distilbert-base-uncased,raw_string,kaggle_malicious,aligned_matched,44,cross,domain_dedup,9668,5010,0.7063491522750978,0.64690394871117,0.0007984031936127744,0.012974051896207584
distilbert-base-uncased,raw_string,kaggle_malicious,aligned_matched,45,cross,raw,10060,5030,0.7369856013027204,0.6663144925571539,0.0031809145129224653,0.01610337972166998
distilbert-base-uncased,raw_string,kaggle_malicious,aligned_matched,45,cross,url_dedup,10060,5030,0.7369856013027204,0.6663144925571539,0.0031809145129224653,0.01610337972166998
distilbert-base-uncased,raw_string,kaggle_malicious,aligned_matched,45,cross,domain_dedup,9668,5010,0.7327133196038151,0.677666349833492,0.0029940119760479044,0.015968063872255488
distilbert-base-uncased,raw_string,kaggle_malicious,aligned_matched,46,cross,raw,10060,5030,0.6730872221936768,0.5957931595500727,0.0007952286282306163,0.008349900596421472
distilbert-base-uncased,raw_string,kaggle_malicious,aligned_matched,46,cross,url_dedup,10060,5030,0.6730872221936768,0.5957931595500727,0.0007952286282306163,0.008349900596421472
distilbert-base-uncased,raw_string,kaggle_malicious,aligned_matched,46,cross,domain_dedup,9668,5010,0.6680193070278506,0.6093069429599023,0.0007984031936127744,0.008383233532934131
distilbert-base-uncased,raw_string,hannousse,aligned_matched,43,cross,raw,10060,5030,0.8679494602958788,0.8541667463571757,0.015904572564612324,0.1411530815109344
distilbert-base-uncased,raw_string,hannousse,aligned_matched,43,cross,url_dedup,10058,5028,0.8679100417384318,0.8540660558778711,0.015910898965791568,0.14101034208432778
distilbert-base-uncased,raw_string,hannousse,aligned_matched,43,cross,domain_dedup,9845,5010,0.8666606187831163,0.8567513773533286,0.010978043912175649,0.13872255489021956
distilbert-base-uncased,raw_string,hannousse,aligned_matched,44,cross,raw,10060,5030,0.8816166816200215,0.8658850284656827,0.02345924453280318,0.1662027833001988
distilbert-base-uncased,raw_string,hannousse,aligned_matched,44,cross,url_dedup,10058,5028,0.8815730319752132,0.8657755043339205,0.023468575974542563,0.1660700079554495
distilbert-base-uncased,raw_string,hannousse,aligned_matched,44,cross,domain_dedup,9845,5010,0.8799061029956633,0.8675614391017246,0.01976047904191617,0.1626746506986028
distilbert-base-uncased,raw_string,hannousse,aligned_matched,45,cross,raw,10060,5030,0.8801457260413661,0.8670069157946766,0.039165009940357855,0.15745526838966203
distilbert-base-uncased,raw_string,hannousse,aligned_matched,45,cross,url_dedup,10058,5028,0.8801054848316624,0.8669144490299165,0.039180588703261736,0.1573190135242641
distilbert-base-uncased,raw_string,hannousse,aligned_matched,45,cross,domain_dedup,9845,5010,0.8784365085754036,0.868805818984139,0.03592814371257485,0.156686626746507
distilbert-base-uncased,raw_string,hannousse,aligned_matched,46,cross,raw,10060,5030,0.8751863174827773,0.8604994437882308,0.0194831013916501,0.15149105367793242
distilbert-base-uncased,raw_string,hannousse,aligned_matched,46,cross,url_dedup,10058,5028,0.8751440837868573,0.8603929777690739,0.01949085123309467,0.1513524264120923
distilbert-base-uncased,raw_string,hannousse,aligned_matched,46,cross,domain_dedup,9845,5010,0.8735186503931124,0.8623738507708267,0.015768463073852296,0.1441117764471058
distilbert-base-uncased,raw_string,ebbu2017,aligned_matched,43,cross,raw,10060,5030,0.8566488741507219,0.8571215540672885,0.08946322067594434,0.2091451292246521
distilbert-base-uncased,raw_string,ebbu2017,aligned_matched,43,cross,url_dedup,10058,5030,0.8565968548296538,0.8571230804469099,0.08946322067594434,0.2091451292246521
distilbert-base-uncased,raw_string,ebbu2017,aligned_matched,43,cross,domain_dedup,9657,5023,0.8511710611119794,0.861175970173347,0.0866016324905435,0.1976906231335855
distilbert-base-uncased,raw_string,ebbu2017,aligned_matched,44,cross,raw,10060,5030,0.8579707243615838,0.8594275442221101,0.07892644135188867,0.20198807157057655
distilbert-base-uncased,raw_string,ebbu2017,aligned_matched,44,cross,url_dedup,10058,5030,0.8579170363657356,0.8594283803992522,0.07892644135188867,0.20198807157057655
distilbert-base-uncased,raw_string,ebbu2017,aligned_matched,44,cross,domain_dedup,9657,5023,0.8522217308365979,0.8629679513921822,0.06171610591280111,0.19629703364523193
distilbert-base-uncased,raw_string,ebbu2017,aligned_matched,45,cross,raw,10060,5030,0.8628377053780696,0.8642331491449797,0.11709741550695825,0.2459244532803181
distilbert-base-uncased,raw_string,ebbu2017,aligned_matched,45,cross,url_dedup,10058,5030,0.862784608973051,0.8642335575393074,0.11709741550695825,0.2459244532803181
distilbert-base-uncased,raw_string,ebbu2017,aligned_matched,45,cross,domain_dedup,9657,5023,0.8568967299408476,0.8676053443272395,0.10770455902846904,0.2339239498307784
distilbert-base-uncased,raw_string,ebbu2017,aligned_matched,46,cross,raw,10060,5030,0.8727354560509706,0.8730963450912013,0.10099403578528827,0.24552683896620278
distilbert-base-uncased,raw_string,ebbu2017,aligned_matched,46,cross,url_dedup,10058,5030,0.8726900134594185,0.8730979851215096,0.10099403578528827,0.24552683896620278
distilbert-base-uncased,raw_string,ebbu2017,aligned_matched,46,cross,domain_dedup,9657,5023,0.8674882119720155,0.8765475990744591,0.0794346008361537,0.24487358152498506
distilbert-base-uncased,raw_string,aligned_matched,aligned_matched,43,within,raw,1989,1014,0.9761796389015325,0.9740976982853574,0.19723865877712032,0.5611439842209073
distilbert-base-uncased,raw_string,aligned_matched,phiusiil,43,cross,raw,60000,25603,0.708697526530225,0.705433741409792,0.10549544975198219,0.2016560559309456
distilbert-base-uncased,raw_string,aligned_matched,phiusiil,43,cross,url_dedup,59976,25579,0.7087222811791591,0.7052103271934143,0.10532077094491575,0.20153250713475898
distilbert-base-uncased,raw_string,aligned_matched,phiusiil,43,cross,domain_dedup,59010,24698,0.7089765974746918,0.7000299654659438,0.10672928982103815,0.20374119361891652
distilbert-base-uncased,raw_string,aligned_matched,mendeley_phishurl,43,cross,raw,60000,18933,0.8603641764709967,0.8002374576102902,0.21000369724819098,0.3754291448793113
distilbert-base-uncased,raw_string,aligned_matched,mendeley_phishurl,43,cross,url_dedup,59999,18932,0.8603576046988007,0.8002226858850991,0.21001478977392773,0.3754489752799493
distilbert-base-uncased,raw_string,aligned_matched,mendeley_phishurl,43,cross,domain_dedup,58493,18574,0.8592989476026629,0.8011677314357576,0.2109938623882847,0.37525573382147087
distilbert-base-uncased,raw_string,aligned_matched,kaggle_malicious,43,cross,raw,60000,10831,0.6434483569139579,0.2872085441987057,0.003416120395162035,0.025851721909334317
distilbert-base-uncased,raw_string,aligned_matched,kaggle_malicious,43,cross,url_dedup,60000,10831,0.6434483569139579,0.2872085441987057,0.003416120395162035,0.025851721909334317
distilbert-base-uncased,raw_string,aligned_matched,kaggle_malicious,43,cross,domain_dedup,58128,10551,0.6461218824604269,0.28954780432247273,0.0034119988626670457,0.02568476921618804
distilbert-base-uncased,raw_string,aligned_matched,hannousse,43,cross,raw,11430,5715,0.8413871035149478,0.8678165936053464,0.19720034995625546,0.37392825896762905
distilbert-base-uncased,raw_string,aligned_matched,hannousse,43,cross,url_dedup,11427,5712,0.8413068158146899,0.8676882910823611,0.19695378151260504,0.3737745098039216
distilbert-base-uncased,raw_string,aligned_matched,hannousse,43,cross,domain_dedup,11201,5593,0.8425770329377995,0.8691646706065187,0.19953513320221705,0.37958161988199535
distilbert-base-uncased,raw_string,aligned_matched,ebbu2017,43,cross,raw,60000,30360,0.86985393285522,0.8928650810390917,0.24739789196310935,0.43043478260869567
distilbert-base-uncased,raw_string,aligned_matched,ebbu2017,43,cross,url_dedup,59998,30360,0.8698628997856526,0.892875344733502,0.24739789196310935,0.43043478260869567
distilbert-base-uncased,raw_string,aligned_matched,ebbu2017,43,cross,domain_dedup,59107,30101,0.8686175999992376,0.8929288260995554,0.24929404338726288,0.4298860502973323
distilbert-base-uncased,raw_string,aligned_matched,aligned_natural,43,cross,raw,16336,8168,0.9931073287361107,0.99285076690868,0.555460333006856,0.8310479921645446
distilbert-base-uncased,raw_string,aligned_matched,aligned_natural,43,cross,url_dedup,6276,3138,0.9809788094782556,0.9783116113914707,0.2960484384958572,0.6019757807520714
distilbert-base-uncased,raw_string,aligned_matched,aligned_natural,43,cross,domain_dedup,3944,3106,0.974378445291045,0.9916242671476129,0.1625885383129427,0.5328396651641983
distilbert-base-uncased,raw_string,aligned_matched,aligned_matched,44,within,raw,1933,1040,0.9760277586355414,0.9796340047131988,0.4855769230769231,0.6903846153846154
distilbert-base-uncased,raw_string,aligned_matched,phiusiil,44,cross,raw,60000,25603,0.5853511451875083,0.577318480780675,0.030972932859430535,0.09784009686364879
distilbert-base-uncased,raw_string,aligned_matched,phiusiil,44,cross,url_dedup,59976,25579,0.5852999902097069,0.5769964922200342,0.031001993823057978,0.09761914070135658
distilbert-base-uncased,raw_string,aligned_matched,phiusiil,44,cross,domain_dedup,59010,24698,0.5871341455281077,0.5721350770503423,0.03133856992469026,0.09915782654465949
distilbert-base-uncased,raw_string,aligned_matched,mendeley_phishurl,44,cross,raw,60000,18933,0.8646837855782488,0.7896859701144024,0.11160407753657635,0.30470606876881634
distilbert-base-uncased,raw_string,aligned_matched,mendeley_phishurl,44,cross,url_dedup,59999,18932,0.8646782098354617,0.789673448317773,0.111609972533277,0.30472216353264314
distilbert-base-uncased,raw_string,aligned_matched,mendeley_phishurl,44,cross,domain_dedup,58493,18574,0.8630565884556262,0.7896757151488116,0.11198449445461398,0.3019812641326586
distilbert-base-uncased,raw_string,aligned_matched,kaggle_malicious,44,cross,raw,60000,10831,0.6540663804924222,0.3102493429688365,0.0038777582864001478,0.034068876373372727
distilbert-base-uncased,raw_string,aligned_matched,kaggle_malicious,44,cross,url_dedup,60000,10831,0.6540663804924222,0.3102493429688365,0.0038777582864001478,0.034068876373372727
distilbert-base-uncased,raw_string,aligned_matched,kaggle_malicious,44,cross,domain_dedup,58128,10551,0.6568220563323808,0.3128704600427261,0.0036015543550374373,0.03364609989574448
distilbert-base-uncased,raw_string,aligned_matched,hannousse,44,cross,raw,11430,5715,0.837631090076995,0.8533971629352308,0.08818897637795275,0.2566929133858268
distilbert-base-uncased,raw_string,aligned_matched,hannousse,44,cross,url_dedup,11427,5712,0.8375542671136696,0.8532632220604548,0.08806022408963586,0.25665266106442575
distilbert-base-uncased,raw_string,aligned_matched,hannousse,44,cross,domain_dedup,11201,5593,0.8377871112326315,0.8540142463134578,0.08957625603432863,0.258537457536206
distilbert-base-uncased,raw_string,aligned_matched,ebbu2017,44,cross,raw,60000,30360,0.8782517927025936,0.8923240450429609,0.15872859025032937,0.33662714097496704
distilbert-base-uncased,raw_string,aligned_matched,ebbu2017,44,cross,url_dedup,59998,30360,0.8782604039111914,0.8923338669707255,0.15872859025032937,0.33662714097496704
distilbert-base-uncased,raw_string,aligned_matched,ebbu2017,44,cross,domain_dedup,59107,30101,0.8770284895937797,0.8923024440571912,0.15859938208032956,0.3332779641872363
distilbert-base-uncased,raw_string,aligned_matched,aligned_natural,44,cross,raw,16336,8168,0.9922151244650774,0.9917713112488319,0.5303623898139079,0.8525954946131243
distilbert-base-uncased,raw_string,aligned_matched,aligned_natural,44,cross,url_dedup,6276,3138,0.9804484472700639,0.9770465019694584,0.22020395156150413,0.5656469088591459
distilbert-base-uncased,raw_string,aligned_matched,aligned_natural,44,cross,domain_dedup,3944,3106,0.9774258998289551,0.9925396107045754,0.19381841596909208,0.5177076625885383
distilbert-base-uncased,raw_string,aligned_matched,aligned_matched,45,within,raw,2034,990,0.9767410697008398,0.973802252351688,0.3424242424242424,0.6696969696969697
distilbert-base-uncased,raw_string,aligned_matched,phiusiil,45,cross,raw,60000,25603,0.5923903549987977,0.5994146676259973,0.060227317111276026,0.12428231066671874
distilbert-base-uncased,raw_string,aligned_matched,phiusiil,45,cross,url_dedup,59976,25579,0.5924121757913852,0.5991540403771384,0.06012744829743149,0.12412525900152468
distilbert-base-uncased,raw_string,aligned_matched,phiusiil,45,cross,domain_dedup,59010,24698,0.5940055432459268,0.5939010860733343,0.06109806462061705,0.12660944206008584
distilbert-base-uncased,raw_string,aligned_matched,mendeley_phishurl,45,cross,raw,60000,18933,0.856309405052589,0.7975724549774882,0.17878835894998152,0.3640733111498442
distilbert-base-uncased,raw_string,aligned_matched,mendeley_phishurl,45,cross,url_dedup,59999,18932,0.8563023875877707,0.7975565490321713,0.1787978026621593,0.3640925417282907
distilbert-base-uncased,raw_string,aligned_matched,mendeley_phishurl,45,cross,domain_dedup,58493,18574,0.8552502677079047,0.7984286967420614,0.18046731990955098,0.36583396145149133
distilbert-base-uncased,raw_string,aligned_matched,kaggle_malicious,45,cross,raw,60000,10831,0.6527239736703582,0.3215631019326087,0.005262671960114486,0.03554611762533469
distilbert-base-uncased,raw_string,aligned_matched,kaggle_malicious,45,cross,url_dedup,60000,10831,0.6527239736703582,0.3215631019326087,0.005262671960114486,0.03554611762533469
distilbert-base-uncased,raw_string,aligned_matched,kaggle_malicious,45,cross,domain_dedup,58128,10551,0.6553196666002682,0.32386949465499915,0.005212776040185764,0.035731210311818785
distilbert-base-uncased,raw_string,aligned_matched,hannousse,45,cross,raw,11430,5715,0.8273537352012976,0.8554691141171615,0.19597550306211722,0.3468066491688539
distilbert-base-uncased,raw_string,aligned_matched,hannousse,45,cross,url_dedup,11427,5712,0.827280980196103,0.8553508105616026,0.1957282913165266,0.34663865546218486
distilbert-base-uncased,raw_string,aligned_matched,hannousse,45,cross,domain_dedup,11201,5593,0.8279829133523078,0.8563686809604463,0.1982835687466476,0.3482925084927588
distilbert-base-uncased,raw_string,aligned_matched,ebbu2017,45,cross,raw,60000,30360,0.8530922958461573,0.8782681969332922,0.24614624505928853,0.39789196310935443
distilbert-base-uncased,raw_string,aligned_matched,ebbu2017,45,cross,url_dedup,59998,30360,0.8531031595481391,0.8782806651780402,0.24614624505928853,0.39789196310935443
distilbert-base-uncased,raw_string,aligned_matched,ebbu2017,45,cross,domain_dedup,59107,30101,0.8518522822207961,0.8785615174206701,0.24803162685625063,0.39852496594797515
distilbert-base-uncased,raw_string,aligned_matched,aligned_natural,45,cross,raw,16336,8168,0.9934454773699423,0.9932373391167381,0.5364838393731636,0.8516160626836435
distilbert-base-uncased,raw_string,aligned_matched,aligned_natural,45,cross,url_dedup,6276,3138,0.9850053985744353,0.9831354133746947,0.325685149776928,0.6650732950924155
distilbert-base-uncased,raw_string,aligned_matched,aligned_natural,45,cross,domain_dedup,3944,3106,0.9831223961014711,0.9948095997567936,0.31841596909207986,0.6938184159690921
distilbert-base-uncased,raw_string,aligned_matched,aligned_matched,46,within,raw,2037,998,0.9763101756930608,0.9761323400125129,0.5090180360721442,0.687374749498998
distilbert-base-uncased,raw_string,aligned_matched,phiusiil,46,cross,raw,60000,25603,0.6167782176667623,0.629198230454358,0.07776432449322344,0.15650509705893842
distilbert-base-uncased,raw_string,aligned_matched,phiusiil,46,cross,url_dedup,59976,25579,0.61676957143101,0.6289205526478694,0.07756362641229134,0.1563391844872747
distilbert-base-uncased,raw_string,aligned_matched,phiusiil,46,cross,domain_dedup,59010,24698,0.6185179075613925,0.6248170543805988,0.07911571787189246,0.1593246416713904
distilbert-base-uncased,raw_string,aligned_matched,mendeley_phishurl,46,cross,raw,60000,18933,0.8651005245306969,0.8049250680848501,0.17535519991549148,0.38166164897269317
distilbert-base-uncased,raw_string,aligned_matched,mendeley_phishurl,46,cross,url_dedup,59999,18932,0.8650946177367774,0.804912392447804,0.1753644622860765,0.3816818085780689
distilbert-base-uncased,raw_string,aligned_matched,mendeley_phishurl,46,cross,domain_dedup,58493,18574,0.8636535440334299,0.8052378673391242,0.17723699795412942,0.38537740928179176
distilbert-base-uncased,raw_string,aligned_matched,kaggle_malicious,46,cross,raw,60000,10831,0.6402437840142012,0.3046922464041971,0.004431723755885883,0.03120672144769643
distilbert-base-uncased,raw_string,aligned_matched,kaggle_malicious,46,cross,url_dedup,60000,10831,0.6402437840142012,0.3046922464041971,0.004431723755885883,0.03120672144769643
distilbert-base-uncased,raw_string,aligned_matched,kaggle_malicious,46,cross,domain_dedup,58128,10551,0.6421928630936762,0.305909278299271,0.004549331816889394,0.03165576722585537
distilbert-base-uncased,raw_string,aligned_matched,hannousse,46,cross,raw,11430,5715,0.8319858180457103,0.8590698069700572,0.18547681539807523,0.3492563429571304
distilbert-base-uncased,raw_string,aligned_matched,hannousse,46,cross,url_dedup,11427,5712,0.8318991376077991,0.8589280681989084,0.18539915966386555,0.3489145658263305
distilbert-base-uncased,raw_string,aligned_matched,hannousse,46,cross,domain_dedup,11201,5593,0.8321890575212084,0.859730130246917,0.18880743786876453,0.3515108170927946
distilbert-base-uncased,raw_string,aligned_matched,ebbu2017,46,cross,raw,60000,30360,0.8621035795821264,0.8862257682112415,0.1865612648221344,0.4125494071146245
distilbert-base-uncased,raw_string,aligned_matched,ebbu2017,46,cross,url_dedup,59998,30360,0.8621127786711518,0.8862364719169943,0.1865612648221344,0.4125494071146245
distilbert-base-uncased,raw_string,aligned_matched,ebbu2017,46,cross,domain_dedup,59107,30101,0.8607548512070775,0.8863511469246848,0.18810006312082655,0.41284342712866684
distilbert-base-uncased,raw_string,aligned_matched,aligned_natural,46,cross,raw,16336,8168,0.9926978031610423,0.9924555292755348,0.5700293829578844,0.8327619980411362
distilbert-base-uncased,raw_string,aligned_matched,aligned_natural,46,cross,url_dedup,6276,3138,0.9823743044105419,0.9806894722902584,0.3674314850223072,0.6233269598470363
distilbert-base-uncased,raw_string,aligned_matched,aligned_natural,46,cross,domain_dedup,3944,3106,0.9780771145845979,0.9931453632265035,0.3673535093367675,0.6175144880875725
distilbert-base-uncased,raw_string,aligned_natural,aligned_matched,43,cross,raw,10060,5030,0.9982600026086028,0.9981492695235845,0.7395626242544732,0.9823061630218688
distilbert-base-uncased,raw_string,aligned_natural,aligned_matched,43,cross,url_dedup,0,0,,,,
distilbert-base-uncased,raw_string,aligned_natural,aligned_matched,43,cross,domain_dedup,0,0,,,,
distilbert-base-uncased,raw_string,aligned_natural,aligned_matched,44,cross,raw,10060,5030,0.9983371342521412,0.9983864778596547,0.8355864811133201,0.973558648111332
distilbert-base-uncased,raw_string,aligned_natural,aligned_matched,44,cross,url_dedup,0,0,,,,
distilbert-base-uncased,raw_string,aligned_natural,aligned_matched,44,cross,domain_dedup,0,0,,,,
distilbert-base-uncased,raw_string,aligned_natural,aligned_matched,45,cross,raw,10060,5030,0.9983088941500106,0.9982275197459585,0.8202783300198807,0.9773359840954274
distilbert-base-uncased,raw_string,aligned_natural,aligned_matched,45,cross,url_dedup,0,0,,,,
distilbert-base-uncased,raw_string,aligned_natural,aligned_matched,45,cross,domain_dedup,0,0,,,,
distilbert-base-uncased,raw_string,aligned_natural,aligned_matched,46,cross,raw,10060,5030,0.9985030572034987,0.9984107488948543,0.7731610337972167,0.9775347912524851
distilbert-base-uncased,raw_string,aligned_natural,aligned_matched,46,cross,url_dedup,0,0,,,,
distilbert-base-uncased,raw_string,aligned_natural,aligned_matched,46,cross,domain_dedup,0,0,,,,
